-- phpMyAdmin SQL Dump
-- version 4.1.14
-- http://www.phpmyadmin.net
--
-- Servidor: 127.0.0.1
-- Tiempo de generación: 04-07-2017 a las 14:36:19
-- Versión del servidor: 5.6.17
-- Versión de PHP: 5.5.12

SET FOREIGN_KEY_CHECKS=0;
SET SQL_MODE = "NO_AUTO_VALUE_ON_ZERO";
SET AUTOCOMMIT = 0;
START TRANSACTION;
SET time_zone = "+00:00";


/*!40101 SET @OLD_CHARACTER_SET_CLIENT=@@CHARACTER_SET_CLIENT */;
/*!40101 SET @OLD_CHARACTER_SET_RESULTS=@@CHARACTER_SET_RESULTS */;
/*!40101 SET @OLD_COLLATION_CONNECTION=@@COLLATION_CONNECTION */;
/*!40101 SET NAMES utf8 */;

--
-- Base de datos: `openrs`
--

-- --------------------------------------------------------

--
-- Estructura de tabla para la tabla `backup`
--

DROP TABLE IF EXISTS `backup`;
CREATE TABLE IF NOT EXISTS `backup` (
  `backup_id` int(11) unsigned NOT NULL AUTO_INCREMENT,
  `backup_name` varchar(255) NOT NULL,
  `backup_location` varchar(255) NOT NULL,
  `created_date` timestamp NOT NULL DEFAULT CURRENT_TIMESTAMP,
  `admin_id` int(11) unsigned NOT NULL,
  PRIMARY KEY (`backup_id`),
  UNIQUE KEY `backup_name_UNIQUE` (`backup_name`),
  KEY `FK_backup_admin_id` (`admin_id`)
) ENGINE=InnoDB  DEFAULT CHARSET=utf8 AUTO_INCREMENT=3 ;

--
-- Volcado de datos para la tabla `backup`
--

INSERT INTO `backup` (`backup_id`, `backup_name`, `backup_location`, `created_date`, `admin_id`) VALUES
(2, '25257baa8c1be7f83c4f4085546df82b_10_05_2017_09_21_56_db.zip', 'backups/databases/', '2017-05-10 07:21:58', 1);

-- --------------------------------------------------------

--
-- Estructura de tabla para la tabla `bloque`
--

DROP TABLE IF EXISTS `bloque`;
CREATE TABLE IF NOT EXISTS `bloque` (
  `id_bloque` int(4) unsigned NOT NULL AUTO_INCREMENT,
  `prioridad` int(2) unsigned NOT NULL,
  `background` varchar(10) DEFAULT NULL,
  `c_titulo` varchar(10) DEFAULT NULL,
  `id_tipo_bloque` int(10) unsigned NOT NULL,
  `id_seccion` int(10) unsigned NOT NULL,
  `id_estado` int(10) unsigned NOT NULL DEFAULT '1',
  `ancho` int(2) NOT NULL,
  PRIMARY KEY (`id_bloque`)
) ENGINE=InnoDB  DEFAULT CHARSET=utf8 AUTO_INCREMENT=163 ;

--
-- Volcado de datos para la tabla `bloque`
--

INSERT INTO `bloque` (`id_bloque`, `prioridad`, `background`, `c_titulo`, `id_tipo_bloque`, `id_seccion`, `id_estado`, `ancho`) VALUES
(82, 1, '#ffffff', '', 4, 5, 1, 1),
(88, 1, '#ffffff', '', 1, 13, 1, 1),
(117, 3, '#24a9e0', '#ffffff', 1, 1, 1, 1),
(118, 1, '#ffffff', '#000000', 1, 1, 1, 1),
(122, 1, '#000000', '#000000', 1, 23, 1, 1),
(150, 2, '#ffffff', '#000000', 1, 3, 1, 1),
(151, 4, '#8000ff', '#ff8000', 1, 1, 1, 1),
(152, 5, '#8000ff', '#ff8000', 1, 1, 1, 1),
(153, 6, '#8000ff', '#ff8000', 1, 1, 1, 1),
(154, 7, '#ffd7ff', '#000000', 1, 1, 1, 1),
(155, 8, '#ffd7ff', '#000000', 1, 1, 1, 1),
(156, 9, '#ffd7ff', '#000000', 1, 1, 1, 1),
(159, 10, '#ffffff', '#000000', 1, 1, 1, 2),
(161, 2, '#ffffff', '#000000', 1, 1, 1, 2),
(162, 11, '#000000', '#000000', 1, 1, 1, 1);

-- --------------------------------------------------------

--
-- Estructura de tabla para la tabla `bloque_idiomas`
--

DROP TABLE IF EXISTS `bloque_idiomas`;
CREATE TABLE IF NOT EXISTS `bloque_idiomas` (
  `id_bloque` int(4) unsigned NOT NULL,
  `titulo_bloque` varchar(100) NOT NULL,
  `id_idioma` int(11) unsigned NOT NULL,
  `id_bloque_idiomas` int(11) unsigned NOT NULL AUTO_INCREMENT,
  PRIMARY KEY (`id_bloque_idiomas`)
) ENGINE=InnoDB  DEFAULT CHARSET=utf8 AUTO_INCREMENT=187 ;

--
-- Volcado de datos para la tabla `bloque_idiomas`
--

INSERT INTO `bloque_idiomas` (`id_bloque`, `titulo_bloque`, `id_idioma`, `id_bloque_idiomas`) VALUES
(82, 'Mapa', 1, 96),
(88, 'Aviso legal', 1, 98),
(117, 'contenido2', 1, 145),
(118, 'imagen', 1, 146),
(122, 'contenido', 1, 150),
(150, 'NOSOTROS', 1, 174),
(161, 'contenido1', 1, 184),
(162, 'dfdfdf', 1, 185),
(162, 'dfdfdf_53', 53, 186);

-- --------------------------------------------------------

--
-- Estructura de tabla para la tabla `categorias_informacion_documentacion`
--

DROP TABLE IF EXISTS `categorias_informacion_documentacion`;
CREATE TABLE IF NOT EXISTS `categorias_informacion_documentacion` (
  `id` int(11) unsigned NOT NULL AUTO_INCREMENT,
  `nombre` varchar(100) NOT NULL,
  `referencia` varchar(100) NOT NULL,
  `descripcion` varchar(255) NOT NULL,
  PRIMARY KEY (`id`)
) ENGINE=InnoDB  DEFAULT CHARSET=utf8 AUTO_INCREMENT=8 ;

--
-- Volcado de datos para la tabla `categorias_informacion_documentacion`
--

INSERT INTO `categorias_informacion_documentacion` (`id`, `nombre`, `referencia`, `descripcion`) VALUES
(1, 'General', 'general', '-'),
(2, 'Clientes', 'clientes', '-'),
(3, 'Inmuebles', 'inmuebles', '-'),
(4, 'Agentes Inmobiliarios', 'agentes', '-'),
(5, 'Fichas de visita', 'fichas_visita', '-'),
(6, 'Carteles', 'carteles', 'Carteles del inmueble'),
(7, 'Demandas', 'demandas', '-');

-- --------------------------------------------------------

--
-- Estructura de tabla para la tabla `ci_sessions`
--

DROP TABLE IF EXISTS `ci_sessions`;
CREATE TABLE IF NOT EXISTS `ci_sessions` (
  `id` varchar(40) NOT NULL,
  `ip_address` varchar(45) NOT NULL,
  `timestamp` int(10) unsigned NOT NULL DEFAULT '0',
  `data` blob NOT NULL,
  PRIMARY KEY (`id`),
  KEY `ci_sessions_timestamp` (`timestamp`)
) ENGINE=InnoDB DEFAULT CHARSET=utf8;

--
-- Volcado de datos para la tabla `ci_sessions`
--

INSERT INTO `ci_sessions` (`id`, `ip_address`, `timestamp`, `data`) VALUES
('01d14c3b8f0764165b38509ecdea050f02bd8429', '127.0.0.1', 1498665824, 0x5f5f63695f6c6173745f726567656e65726174657c693a313439383636353639353b6964656e746974797c733a32353a22616e67656c2e62657261737561696e40676d61696c2e636f6d223b656d61696c7c733a32353a22616e67656c2e62657261737561696e40676d61696c2e636f6d223b757365725f69647c733a313a2232223b6f6c645f6c6173745f6c6f67696e7c733a31303a2231343938363531343333223b),
('02e7d3738675187b92f41800ca83fe00cafcc708', '127.0.0.1', 1498758866, 0x5f5f63695f6c6173745f726567656e65726174657c693a313439383735383630393b6964656e746974797c733a32353a22616e67656c2e62657261737561696e40676d61696c2e636f6d223b656d61696c7c733a32353a22616e67656c2e62657261737561696e40676d61696c2e636f6d223b757365725f69647c733a313a2232223b6f6c645f6c6173745f6c6f67696e7c733a31303a2231343938373339373939223b696e6d7565626c65735f6275736361646f725f63657274696669636163696f6e5f656e65726765746963615f69647c4e3b696e6d7565626c65735f6275736361646f725f70726f76696e6369615f69647c4e3b696e6d7565626c65735f6275736361646f725f706f626c6163696f6e5f69647c4e3b696e6d7565626c65735f6275736361646f725f7a6f6e615f69647c4e3b696e6d7565626c65735f6275736361646f725f7469706f5f69647c4e3b696e6d7565626c65735f6275736361646f725f65737461646f5f69647c4e3b696e6d7565626c65735f6275736361646f725f6361707461646f725f69647c4e3b696e6d7565626c65735f6275736361646f725f6f66657274615f69647c4e3b696e6d7565626c65735f6275736361646f725f6d6f64696669636163696f6e5f70726563696f5f69647c4e3b696e6d7565626c65735f6275736361646f725f7075626c696361646f5f69647c4e3b696e6d7565626c65735f6275736361646f725f64657374616361646f5f69647c4e3b696e6d7565626c65735f6275736361646f725f6f706f7274756e696461645f69647c4e3b696e6d7565626c65735f6275736361646f725f66656368615f64657364657c4e3b696e6d7565626c65735f6275736361646f725f66656368615f68617374617c4e3b696e6d7565626c65735f6275736361646f725f62616e696f735f64657364657c4e3b696e6d7565626c65735f6275736361646f725f62616e696f735f68617374617c4e3b696e6d7565626c65735f6275736361646f725f68616269746163696f6e65735f64657364657c4e3b696e6d7565626c65735f6275736361646f725f68616269746163696f6e65735f68617374617c4e3b696e6d7565626c65735f6275736361646f725f6d6574726f735f64657364657c4e3b696e6d7565626c65735f6275736361646f725f6d6574726f735f68617374617c4e3b696e6d7565626c65735f6275736361646f725f70726563696f735f64657364657c4e3b696e6d7565626c65735f6275736361646f725f70726563696f735f68617374617c4e3b),
('03a9e801d03c25958b7bcb615082e8f285665c04', '127.0.0.1', 1498817014, 0x5f5f63695f6c6173745f726567656e65726174657c693a313439383831363733313b6964656e746974797c733a32353a22616e67656c2e62657261737561696e40676d61696c2e636f6d223b656d61696c7c733a32353a22616e67656c2e62657261737561696e40676d61696c2e636f6d223b757365725f69647c733a313a2232223b6f6c645f6c6173745f6c6f67696e7c733a31303a2231343938373534333233223b696e6d7565626c65735f6275736361646f725f63657274696669636163696f6e5f656e65726765746963615f69647c4e3b696e6d7565626c65735f6275736361646f725f70726f76696e6369615f69647c4e3b696e6d7565626c65735f6275736361646f725f706f626c6163696f6e5f69647c4e3b696e6d7565626c65735f6275736361646f725f7a6f6e615f69647c4e3b696e6d7565626c65735f6275736361646f725f7469706f5f69647c4e3b696e6d7565626c65735f6275736361646f725f65737461646f5f69647c4e3b696e6d7565626c65735f6275736361646f725f6361707461646f725f69647c4e3b696e6d7565626c65735f6275736361646f725f6f66657274615f69647c4e3b696e6d7565626c65735f6275736361646f725f6d6f64696669636163696f6e5f70726563696f5f69647c4e3b696e6d7565626c65735f6275736361646f725f7075626c696361646f5f69647c4e3b696e6d7565626c65735f6275736361646f725f64657374616361646f5f69647c4e3b696e6d7565626c65735f6275736361646f725f6f706f7274756e696461645f69647c4e3b696e6d7565626c65735f6275736361646f725f66656368615f64657364657c4e3b696e6d7565626c65735f6275736361646f725f66656368615f68617374617c4e3b696e6d7565626c65735f6275736361646f725f62616e696f735f64657364657c4e3b696e6d7565626c65735f6275736361646f725f62616e696f735f68617374617c4e3b696e6d7565626c65735f6275736361646f725f68616269746163696f6e65735f64657364657c4e3b696e6d7565626c65735f6275736361646f725f68616269746163696f6e65735f68617374617c4e3b696e6d7565626c65735f6275736361646f725f6d6574726f735f64657364657c4e3b696e6d7565626c65735f6275736361646f725f6d6574726f735f68617374617c4e3b696e6d7565626c65735f6275736361646f725f70726563696f735f64657364657c4e3b696e6d7565626c65735f6275736361646f725f70726563696f735f68617374617c4e3b6d6573736167657c733a31383a22456c656d656e746f20696e7365727461646f223b5f5f63695f766172737c613a323a7b733a373a226d657373616765223b733a333a226f6c64223b733a31333a226d6573736167655f636f6c6f72223b733a333a226f6c64223b7d6d6573736167655f636f6c6f727c733a373a2273756363657373223b),
('0644d50200cce70bc76d66cd88b8597315a82adf', '127.0.0.1', 1498729662, 0x5f5f63695f6c6173745f726567656e65726174657c693a313439383732393636323b),
('068c9641ab1d636ecf5eac5e79efeb26dd3e1032', '127.0.0.1', 1498819648, 0x5f5f63695f6c6173745f726567656e65726174657c693a313439383831393634383b6964656e746974797c733a32353a22616e67656c2e62657261737561696e40676d61696c2e636f6d223b656d61696c7c733a32353a22616e67656c2e62657261737561696e40676d61696c2e636f6d223b757365725f69647c733a313a2232223b6f6c645f6c6173745f6c6f67696e7c733a31303a2231343938373534333233223b696e6d7565626c65735f6275736361646f725f63657274696669636163696f6e5f656e65726765746963615f69647c4e3b696e6d7565626c65735f6275736361646f725f70726f76696e6369615f69647c4e3b696e6d7565626c65735f6275736361646f725f706f626c6163696f6e5f69647c4e3b696e6d7565626c65735f6275736361646f725f7a6f6e615f69647c4e3b696e6d7565626c65735f6275736361646f725f7469706f5f69647c4e3b696e6d7565626c65735f6275736361646f725f65737461646f5f69647c4e3b696e6d7565626c65735f6275736361646f725f6361707461646f725f69647c4e3b696e6d7565626c65735f6275736361646f725f6f66657274615f69647c4e3b696e6d7565626c65735f6275736361646f725f6d6f64696669636163696f6e5f70726563696f5f69647c4e3b696e6d7565626c65735f6275736361646f725f7075626c696361646f5f69647c4e3b696e6d7565626c65735f6275736361646f725f64657374616361646f5f69647c4e3b696e6d7565626c65735f6275736361646f725f6f706f7274756e696461645f69647c4e3b696e6d7565626c65735f6275736361646f725f66656368615f64657364657c4e3b696e6d7565626c65735f6275736361646f725f66656368615f68617374617c4e3b696e6d7565626c65735f6275736361646f725f62616e696f735f64657364657c4e3b696e6d7565626c65735f6275736361646f725f62616e696f735f68617374617c4e3b696e6d7565626c65735f6275736361646f725f68616269746163696f6e65735f64657364657c4e3b696e6d7565626c65735f6275736361646f725f68616269746163696f6e65735f68617374617c4e3b696e6d7565626c65735f6275736361646f725f6d6574726f735f64657364657c4e3b696e6d7565626c65735f6275736361646f725f6d6574726f735f68617374617c4e3b696e6d7565626c65735f6275736361646f725f70726563696f735f64657364657c4e3b696e6d7565626c65735f6275736361646f725f70726563696f735f68617374617c4e3b),
('07c37de7c25dfc9bd21c94a26a9e7727f0ecfc59', '127.0.0.1', 1498898113, 0x5f5f63695f6c6173745f726567656e65726174657c693a313439383839383131333b),
('083c7a63f619d4a0670fc7b8c0b54103e8434209', '127.0.0.1', 1499156033, 0x5f5f63695f6c6173745f726567656e65726174657c693a313439393135363033333b),
('0ae6f299dbe8de0a217f18eae7bf9f9572d48f0e', '127.0.0.1', 1498902169, 0x5f5f63695f6c6173745f726567656e65726174657c693a313439383930323134373b6964656e746974797c733a32353a22616e67656c2e62657261737561696e40676d61696c2e636f6d223b656d61696c7c733a32353a22616e67656c2e62657261737561696e40676d61696c2e636f6d223b757365725f69647c733a313a2232223b6f6c645f6c6173745f6c6f67696e7c733a31303a2231343938383430353330223b696e6d7565626c65735f6275736361646f725f63657274696669636163696f6e5f656e65726765746963615f69647c4e3b696e6d7565626c65735f6275736361646f725f70726f76696e6369615f69647c4e3b696e6d7565626c65735f6275736361646f725f706f626c6163696f6e5f69647c4e3b696e6d7565626c65735f6275736361646f725f7a6f6e615f69647c4e3b696e6d7565626c65735f6275736361646f725f7469706f5f69647c4e3b696e6d7565626c65735f6275736361646f725f65737461646f5f69647c4e3b696e6d7565626c65735f6275736361646f725f6361707461646f725f69647c4e3b696e6d7565626c65735f6275736361646f725f6f66657274615f69647c4e3b696e6d7565626c65735f6275736361646f725f6d6f64696669636163696f6e5f70726563696f5f69647c4e3b696e6d7565626c65735f6275736361646f725f7075626c696361646f5f69647c4e3b696e6d7565626c65735f6275736361646f725f64657374616361646f5f69647c4e3b696e6d7565626c65735f6275736361646f725f6f706f7274756e696461645f69647c4e3b696e6d7565626c65735f6275736361646f725f66656368615f64657364657c4e3b696e6d7565626c65735f6275736361646f725f66656368615f68617374617c4e3b696e6d7565626c65735f6275736361646f725f62616e696f735f64657364657c4e3b696e6d7565626c65735f6275736361646f725f62616e696f735f68617374617c4e3b696e6d7565626c65735f6275736361646f725f68616269746163696f6e65735f64657364657c4e3b696e6d7565626c65735f6275736361646f725f68616269746163696f6e65735f68617374617c4e3b696e6d7565626c65735f6275736361646f725f6d6574726f735f64657364657c4e3b696e6d7565626c65735f6275736361646f725f6d6574726f735f68617374617c4e3b696e6d7565626c65735f6275736361646f725f70726563696f735f64657364657c4e3b696e6d7565626c65735f6275736361646f725f70726563696f735f68617374617c4e3b6d6573736167657c733a32373a22446f63756d656e746f2063726561646f20636f6e20c3a97869746f223b5f5f63695f766172737c613a323a7b733a373a226d657373616765223b733a333a226f6c64223b733a31333a226d6573736167655f636f6c6f72223b733a333a226f6c64223b7d6d6573736167655f636f6c6f727c733a373a2273756363657373223b),
('0b1cc5a91ef7a5cccc6b34ee7b5435fd26fce569', '127.0.0.1', 1498907376, 0x5f5f63695f6c6173745f726567656e65726174657c693a313439383930373139343b6964656e746974797c733a32353a22616e67656c2e62657261737561696e40676d61696c2e636f6d223b656d61696c7c733a32353a22616e67656c2e62657261737561696e40676d61696c2e636f6d223b757365725f69647c733a313a2232223b6f6c645f6c6173745f6c6f67696e7c733a31303a2231343938383430353330223b696e6d7565626c65735f6275736361646f725f63657274696669636163696f6e5f656e65726765746963615f69647c4e3b696e6d7565626c65735f6275736361646f725f70726f76696e6369615f69647c4e3b696e6d7565626c65735f6275736361646f725f706f626c6163696f6e5f69647c4e3b696e6d7565626c65735f6275736361646f725f7a6f6e615f69647c4e3b696e6d7565626c65735f6275736361646f725f7469706f5f69647c4e3b696e6d7565626c65735f6275736361646f725f65737461646f5f69647c4e3b696e6d7565626c65735f6275736361646f725f6361707461646f725f69647c4e3b696e6d7565626c65735f6275736361646f725f6f66657274615f69647c4e3b696e6d7565626c65735f6275736361646f725f6d6f64696669636163696f6e5f70726563696f5f69647c4e3b696e6d7565626c65735f6275736361646f725f7075626c696361646f5f69647c4e3b696e6d7565626c65735f6275736361646f725f64657374616361646f5f69647c4e3b696e6d7565626c65735f6275736361646f725f6f706f7274756e696461645f69647c4e3b696e6d7565626c65735f6275736361646f725f66656368615f64657364657c4e3b696e6d7565626c65735f6275736361646f725f66656368615f68617374617c4e3b696e6d7565626c65735f6275736361646f725f62616e696f735f64657364657c4e3b696e6d7565626c65735f6275736361646f725f62616e696f735f68617374617c4e3b696e6d7565626c65735f6275736361646f725f68616269746163696f6e65735f64657364657c4e3b696e6d7565626c65735f6275736361646f725f68616269746163696f6e65735f68617374617c4e3b696e6d7565626c65735f6275736361646f725f6d6574726f735f64657364657c4e3b696e6d7565626c65735f6275736361646f725f6d6574726f735f68617374617c4e3b696e6d7565626c65735f6275736361646f725f70726563696f735f64657364657c4e3b696e6d7565626c65735f6275736361646f725f70726563696f735f68617374617c4e3b6d6573736167657c733a32373a22446f63756d656e746f2063726561646f20636f6e20c3a97869746f223b5f5f63695f766172737c613a323a7b733a373a226d657373616765223b733a333a226f6c64223b733a31333a226d6573736167655f636f6c6f72223b733a333a226f6c64223b7d6d6573736167655f636f6c6f727c733a373a2273756363657373223b),
('0ca9551595916f4f742095228b50e129d1b03e05', '127.0.0.1', 1498739814, 0x5f5f63695f6c6173745f726567656e65726174657c693a313439383733393739393b6964656e746974797c733a32353a22616e67656c2e62657261737561696e40676d61696c2e636f6d223b656d61696c7c733a32353a22616e67656c2e62657261737561696e40676d61696c2e636f6d223b757365725f69647c733a313a2232223b6f6c645f6c6173745f6c6f67696e7c733a31303a2231343938373235313832223b),
('14ab39f2aec029221b91f0a21c4c8e523170c0b7', '127.0.0.1', 1498841024, 0x5f5f63695f6c6173745f726567656e65726174657c693a313439383834313032333b),
('1bd511a5be4ed6ee73a0695a768aab9a63fa1c22', '127.0.0.1', 1499170621, 0x5f5f63695f6c6173745f726567656e65726174657c693a313439393137303632313b),
('1c06c14f95a7c0b5ba7c52b7e44844ee95b1cd4e', '127.0.0.1', 1498725183, 0x5f5f63695f6c6173745f726567656e65726174657c693a313439383732353137343b6964656e746974797c733a32353a22616e67656c2e62657261737561696e40676d61696c2e636f6d223b656d61696c7c733a32353a22616e67656c2e62657261737561696e40676d61696c2e636f6d223b757365725f69647c733a313a2232223b6f6c645f6c6173745f6c6f67696e7c733a31303a2231343938363635363937223b6d6573736167657c733a33343a223c703e53657369c3b36e20696e69636961646120636f6e20c3a97869746f3c2f703e223b5f5f63695f766172737c613a313a7b733a373a226d657373616765223b733a333a226f6c64223b7d),
('1ffc0f24be4e35d3f3beb5be64ca92e3ba351231', '127.0.0.1', 1498638296, 0x5f5f63695f6c6173745f726567656e65726174657c693a313439383633373933383b6964656e746974797c733a32353a22616e67656c2e62657261737561696e40676d61696c2e636f6d223b656d61696c7c733a32353a22616e67656c2e62657261737561696e40676d61696c2e636f6d223b757365725f69647c733a313a2232223b6f6c645f6c6173745f6c6f67696e7c733a31303a2231343938353833323133223b),
('213f09cd9f7751a227a10fce803247779b2a49a1', '127.0.0.1', 1498841529, 0x5f5f63695f6c6173745f726567656e65726174657c693a313439383834313439353b6964656e746974797c733a32353a22616e67656c2e62657261737561696e40676d61696c2e636f6d223b656d61696c7c733a32353a22616e67656c2e62657261737561696e40676d61696c2e636f6d223b757365725f69647c733a313a2232223b6f6c645f6c6173745f6c6f67696e7c733a31303a2231343938383131313837223b696e6d7565626c65735f6275736361646f725f63657274696669636163696f6e5f656e65726765746963615f69647c4e3b696e6d7565626c65735f6275736361646f725f70726f76696e6369615f69647c4e3b696e6d7565626c65735f6275736361646f725f706f626c6163696f6e5f69647c4e3b696e6d7565626c65735f6275736361646f725f7a6f6e615f69647c4e3b696e6d7565626c65735f6275736361646f725f7469706f5f69647c4e3b696e6d7565626c65735f6275736361646f725f65737461646f5f69647c4e3b696e6d7565626c65735f6275736361646f725f6361707461646f725f69647c4e3b696e6d7565626c65735f6275736361646f725f6f66657274615f69647c4e3b696e6d7565626c65735f6275736361646f725f6d6f64696669636163696f6e5f70726563696f5f69647c4e3b696e6d7565626c65735f6275736361646f725f7075626c696361646f5f69647c4e3b696e6d7565626c65735f6275736361646f725f64657374616361646f5f69647c4e3b696e6d7565626c65735f6275736361646f725f6f706f7274756e696461645f69647c4e3b696e6d7565626c65735f6275736361646f725f66656368615f64657364657c4e3b696e6d7565626c65735f6275736361646f725f66656368615f68617374617c4e3b696e6d7565626c65735f6275736361646f725f62616e696f735f64657364657c4e3b696e6d7565626c65735f6275736361646f725f62616e696f735f68617374617c4e3b696e6d7565626c65735f6275736361646f725f68616269746163696f6e65735f64657364657c4e3b696e6d7565626c65735f6275736361646f725f68616269746163696f6e65735f68617374617c4e3b696e6d7565626c65735f6275736361646f725f6d6574726f735f64657364657c4e3b696e6d7565626c65735f6275736361646f725f6d6574726f735f68617374617c4e3b696e6d7565626c65735f6275736361646f725f70726563696f735f64657364657c4e3b696e6d7565626c65735f6275736361646f725f70726563696f735f68617374617c4e3b6d6573736167657c733a31383a22456c656d656e746f20696e7365727461646f223b5f5f63695f766172737c613a323a7b733a373a226d657373616765223b733a333a226f6c64223b733a31333a226d6573736167655f636f6c6f72223b733a333a226f6c64223b7d6d6573736167655f636f6c6f727c733a373a2273756363657373223b),
('3111bc39fb885e2200395d583da641553fd15950', '127.0.0.1', 1498817241, 0x5f5f63695f6c6173745f726567656e65726174657c693a313439383831373033393b6964656e746974797c733a32353a22616e67656c2e62657261737561696e40676d61696c2e636f6d223b656d61696c7c733a32353a22616e67656c2e62657261737561696e40676d61696c2e636f6d223b757365725f69647c733a313a2232223b6f6c645f6c6173745f6c6f67696e7c733a31303a2231343938373534333233223b696e6d7565626c65735f6275736361646f725f63657274696669636163696f6e5f656e65726765746963615f69647c4e3b696e6d7565626c65735f6275736361646f725f70726f76696e6369615f69647c4e3b696e6d7565626c65735f6275736361646f725f706f626c6163696f6e5f69647c4e3b696e6d7565626c65735f6275736361646f725f7a6f6e615f69647c4e3b696e6d7565626c65735f6275736361646f725f7469706f5f69647c4e3b696e6d7565626c65735f6275736361646f725f65737461646f5f69647c4e3b696e6d7565626c65735f6275736361646f725f6361707461646f725f69647c4e3b696e6d7565626c65735f6275736361646f725f6f66657274615f69647c4e3b696e6d7565626c65735f6275736361646f725f6d6f64696669636163696f6e5f70726563696f5f69647c4e3b696e6d7565626c65735f6275736361646f725f7075626c696361646f5f69647c4e3b696e6d7565626c65735f6275736361646f725f64657374616361646f5f69647c4e3b696e6d7565626c65735f6275736361646f725f6f706f7274756e696461645f69647c4e3b696e6d7565626c65735f6275736361646f725f66656368615f64657364657c4e3b696e6d7565626c65735f6275736361646f725f66656368615f68617374617c4e3b696e6d7565626c65735f6275736361646f725f62616e696f735f64657364657c4e3b696e6d7565626c65735f6275736361646f725f62616e696f735f68617374617c4e3b696e6d7565626c65735f6275736361646f725f68616269746163696f6e65735f64657364657c4e3b696e6d7565626c65735f6275736361646f725f68616269746163696f6e65735f68617374617c4e3b696e6d7565626c65735f6275736361646f725f6d6574726f735f64657364657c4e3b696e6d7565626c65735f6275736361646f725f6d6574726f735f68617374617c4e3b696e6d7565626c65735f6275736361646f725f70726563696f735f64657364657c4e3b696e6d7565626c65735f6275736361646f725f70726563696f735f68617374617c4e3b),
('31c9d4eb7b476eddef618886bd14eb28def86610', '127.0.0.1', 1498841131, 0x5f5f63695f6c6173745f726567656e65726174657c693a313439383834303835303b6964656e746974797c733a32353a22616e67656c2e62657261737561696e40676d61696c2e636f6d223b656d61696c7c733a32353a22616e67656c2e62657261737561696e40676d61696c2e636f6d223b757365725f69647c733a313a2232223b6f6c645f6c6173745f6c6f67696e7c733a31303a2231343938383131313837223b696e6d7565626c65735f6275736361646f725f63657274696669636163696f6e5f656e65726765746963615f69647c4e3b696e6d7565626c65735f6275736361646f725f70726f76696e6369615f69647c4e3b696e6d7565626c65735f6275736361646f725f706f626c6163696f6e5f69647c4e3b696e6d7565626c65735f6275736361646f725f7a6f6e615f69647c4e3b696e6d7565626c65735f6275736361646f725f7469706f5f69647c4e3b696e6d7565626c65735f6275736361646f725f65737461646f5f69647c4e3b696e6d7565626c65735f6275736361646f725f6361707461646f725f69647c4e3b696e6d7565626c65735f6275736361646f725f6f66657274615f69647c4e3b696e6d7565626c65735f6275736361646f725f6d6f64696669636163696f6e5f70726563696f5f69647c4e3b696e6d7565626c65735f6275736361646f725f7075626c696361646f5f69647c4e3b696e6d7565626c65735f6275736361646f725f64657374616361646f5f69647c4e3b696e6d7565626c65735f6275736361646f725f6f706f7274756e696461645f69647c4e3b696e6d7565626c65735f6275736361646f725f66656368615f64657364657c4e3b696e6d7565626c65735f6275736361646f725f66656368615f68617374617c4e3b696e6d7565626c65735f6275736361646f725f62616e696f735f64657364657c4e3b696e6d7565626c65735f6275736361646f725f62616e696f735f68617374617c4e3b696e6d7565626c65735f6275736361646f725f68616269746163696f6e65735f64657364657c4e3b696e6d7565626c65735f6275736361646f725f68616269746163696f6e65735f68617374617c4e3b696e6d7565626c65735f6275736361646f725f6d6574726f735f64657364657c4e3b696e6d7565626c65735f6275736361646f725f6d6574726f735f68617374617c4e3b696e6d7565626c65735f6275736361646f725f70726563696f735f64657364657c4e3b696e6d7565626c65735f6275736361646f725f70726563696f735f68617374617c4e3b6d6573736167657c733a35353a224c6120696d6167656e2073656c656363696f6e616461206861207369646f2065737461626c656369646120636f6d6f20706f7274616461223b5f5f63695f766172737c613a323a7b733a373a226d657373616765223b733a333a226f6c64223b733a31333a226d6573736167655f636f6c6f72223b733a333a226f6c64223b7d6d6573736167655f636f6c6f727c733a373a2273756363657373223b),
('3606ecd533727d2da558597b824a2a6d10d02792', '127.0.0.1', 1499082405, 0x5f5f63695f6c6173745f726567656e65726174657c693a313439393038323335363b6964656e746974797c733a32353a22616e67656c2e62657261737561696e40676d61696c2e636f6d223b656d61696c7c733a32353a22616e67656c2e62657261737561696e40676d61696c2e636f6d223b757365725f69647c733a313a2232223b6f6c645f6c6173745f6c6f67696e7c733a31303a2231343938393031343831223b636c69656e7465735f6275736361646f725f70726f76696e6369615f69647c4e3b636c69656e7465735f6275736361646f725f706f626c6163696f6e5f69647c4e3b636c69656e7465735f6275736361646f725f706169735f69647c4e3b636c69656e7465735f6275736361646f725f65737461646f5f69647c4e3b636c69656e7465735f6275736361646f725f6167656e74655f617369676e61646f5f69647c4e3b636c69656e7465735f6275736361646f725f696e74657265735f69647c4e3b636c69656e7465735f6275736361646f725f66656368615f64657364657c4e3b636c69656e7465735f6275736361646f725f66656368615f68617374617c4e3b696e6d7565626c65735f6275736361646f725f63657274696669636163696f6e5f656e65726765746963615f69647c4e3b696e6d7565626c65735f6275736361646f725f70726f76696e6369615f69647c4e3b696e6d7565626c65735f6275736361646f725f706f626c6163696f6e5f69647c4e3b696e6d7565626c65735f6275736361646f725f7a6f6e615f69647c4e3b696e6d7565626c65735f6275736361646f725f7469706f5f69647c4e3b696e6d7565626c65735f6275736361646f725f65737461646f5f69647c4e3b696e6d7565626c65735f6275736361646f725f6361707461646f725f69647c4e3b696e6d7565626c65735f6275736361646f725f6f66657274615f69647c4e3b696e6d7565626c65735f6275736361646f725f6d6f64696669636163696f6e5f70726563696f5f69647c4e3b696e6d7565626c65735f6275736361646f725f7075626c696361646f5f69647c4e3b696e6d7565626c65735f6275736361646f725f64657374616361646f5f69647c4e3b696e6d7565626c65735f6275736361646f725f6f706f7274756e696461645f69647c4e3b696e6d7565626c65735f6275736361646f725f66656368615f64657364657c4e3b696e6d7565626c65735f6275736361646f725f66656368615f68617374617c4e3b696e6d7565626c65735f6275736361646f725f62616e696f735f64657364657c4e3b696e6d7565626c65735f6275736361646f725f62616e696f735f68617374617c4e3b696e6d7565626c65735f6275736361646f725f68616269746163696f6e65735f64657364657c4e3b696e6d7565626c65735f6275736361646f725f68616269746163696f6e65735f68617374617c4e3b696e6d7565626c65735f6275736361646f725f6d6574726f735f64657364657c4e3b696e6d7565626c65735f6275736361646f725f6d6574726f735f68617374617c4e3b696e6d7565626c65735f6275736361646f725f70726563696f735f64657364657c4e3b696e6d7565626c65735f6275736361646f725f70726563696f735f68617374617c4e3b6d6573736167657c733a32303a22456c656d656e746f2061637475616c697a61646f223b5f5f63695f766172737c613a323a7b733a373a226d657373616765223b733a333a226f6c64223b733a31333a226d6573736167655f636f6c6f72223b733a333a226f6c64223b7d6d6573736167655f636f6c6f727c733a373a2273756363657373223b),
('37a035e2b1d1654bb29703aa955cdbdc4873f3e1', '127.0.0.1', 1499087023, 0x5f5f63695f6c6173745f726567656e65726174657c693a313439393038373031373b6964656e746974797c733a32353a22616e67656c2e62657261737561696e40676d61696c2e636f6d223b656d61696c7c733a32353a22616e67656c2e62657261737561696e40676d61696c2e636f6d223b757365725f69647c733a313a2232223b6f6c645f6c6173745f6c6f67696e7c733a31303a2231343938393031343831223b636c69656e7465735f6275736361646f725f70726f76696e6369615f69647c4e3b636c69656e7465735f6275736361646f725f706f626c6163696f6e5f69647c4e3b636c69656e7465735f6275736361646f725f706169735f69647c4e3b636c69656e7465735f6275736361646f725f65737461646f5f69647c4e3b636c69656e7465735f6275736361646f725f6167656e74655f617369676e61646f5f69647c4e3b636c69656e7465735f6275736361646f725f696e74657265735f69647c4e3b636c69656e7465735f6275736361646f725f66656368615f64657364657c4e3b636c69656e7465735f6275736361646f725f66656368615f68617374617c4e3b696e6d7565626c65735f6275736361646f725f63657274696669636163696f6e5f656e65726765746963615f69647c4e3b696e6d7565626c65735f6275736361646f725f70726f76696e6369615f69647c4e3b696e6d7565626c65735f6275736361646f725f706f626c6163696f6e5f69647c4e3b696e6d7565626c65735f6275736361646f725f7a6f6e615f69647c4e3b696e6d7565626c65735f6275736361646f725f7469706f5f69647c4e3b696e6d7565626c65735f6275736361646f725f65737461646f5f69647c4e3b696e6d7565626c65735f6275736361646f725f6361707461646f725f69647c4e3b696e6d7565626c65735f6275736361646f725f6f66657274615f69647c4e3b696e6d7565626c65735f6275736361646f725f6d6f64696669636163696f6e5f70726563696f5f69647c4e3b696e6d7565626c65735f6275736361646f725f7075626c696361646f5f69647c4e3b696e6d7565626c65735f6275736361646f725f64657374616361646f5f69647c4e3b696e6d7565626c65735f6275736361646f725f6f706f7274756e696461645f69647c4e3b696e6d7565626c65735f6275736361646f725f66656368615f64657364657c4e3b696e6d7565626c65735f6275736361646f725f66656368615f68617374617c4e3b696e6d7565626c65735f6275736361646f725f62616e696f735f64657364657c4e3b696e6d7565626c65735f6275736361646f725f62616e696f735f68617374617c4e3b696e6d7565626c65735f6275736361646f725f68616269746163696f6e65735f64657364657c4e3b696e6d7565626c65735f6275736361646f725f68616269746163696f6e65735f68617374617c4e3b696e6d7565626c65735f6275736361646f725f6d6574726f735f64657364657c4e3b696e6d7565626c65735f6275736361646f725f6d6574726f735f68617374617c4e3b696e6d7565626c65735f6275736361646f725f70726563696f735f64657364657c4e3b696e6d7565626c65735f6275736361646f725f70726563696f735f68617374617c4e3b64656d616e6461735f6275736361646f725f63657274696669636163696f6e5f656e65726765746963615f69647c4e3b64656d616e6461735f6275736361646f725f70726f76696e6369615f69647c4e3b64656d616e6461735f6275736361646f725f706f626c6163696f6e5f69647c4e3b64656d616e6461735f6275736361646f725f7a6f6e615f69647c4e3b64656d616e6461735f6275736361646f725f7469706f5f69647c4e3b64656d616e6461735f6275736361646f725f65737461646f5f69647c4e3b64656d616e6461735f6275736361646f725f6167656e74655f617369676e61646f5f69647c4e3b64656d616e6461735f6275736361646f725f636c69656e74655f69647c4e3b64656d616e6461735f6275736361646f725f6f66657274615f69647c4e3b64656d616e6461735f6275736361646f725f7469706f5f64656d616e64615f69647c4e3b64656d616e6461735f6275736361646f725f66656368615f64657364657c4e3b64656d616e6461735f6275736361646f725f66656368615f68617374617c4e3b64656d616e6461735f6275736361646f725f62616e696f735f64657364657c4e3b64656d616e6461735f6275736361646f725f62616e696f735f68617374617c4e3b64656d616e6461735f6275736361646f725f68616269746163696f6e65735f64657364657c4e3b64656d616e6461735f6275736361646f725f68616269746163696f6e65735f68617374617c4e3b64656d616e6461735f6275736361646f725f6d6574726f735f64657364657c4e3b64656d616e6461735f6275736361646f725f6d6574726f735f68617374617c4e3b64656d616e6461735f6275736361646f725f70726563696f735f64657364657c4e3b64656d616e6461735f6275736361646f725f70726563696f735f68617374617c4e3b),
('3a103c84e6bd19e97096aa39080165d115bcad62', '127.0.0.1', 1498760405, 0x5f5f63695f6c6173745f726567656e65726174657c693a313439383736303134363b6964656e746974797c733a32353a22616e67656c2e62657261737561696e40676d61696c2e636f6d223b656d61696c7c733a32353a22616e67656c2e62657261737561696e40676d61696c2e636f6d223b757365725f69647c733a313a2232223b6f6c645f6c6173745f6c6f67696e7c733a31303a2231343938373339373939223b696e6d7565626c65735f6275736361646f725f63657274696669636163696f6e5f656e65726765746963615f69647c4e3b696e6d7565626c65735f6275736361646f725f70726f76696e6369615f69647c4e3b696e6d7565626c65735f6275736361646f725f706f626c6163696f6e5f69647c4e3b696e6d7565626c65735f6275736361646f725f7a6f6e615f69647c4e3b696e6d7565626c65735f6275736361646f725f7469706f5f69647c4e3b696e6d7565626c65735f6275736361646f725f65737461646f5f69647c4e3b696e6d7565626c65735f6275736361646f725f6361707461646f725f69647c4e3b696e6d7565626c65735f6275736361646f725f6f66657274615f69647c4e3b696e6d7565626c65735f6275736361646f725f6d6f64696669636163696f6e5f70726563696f5f69647c4e3b696e6d7565626c65735f6275736361646f725f7075626c696361646f5f69647c4e3b696e6d7565626c65735f6275736361646f725f64657374616361646f5f69647c4e3b696e6d7565626c65735f6275736361646f725f6f706f7274756e696461645f69647c4e3b696e6d7565626c65735f6275736361646f725f66656368615f64657364657c4e3b696e6d7565626c65735f6275736361646f725f66656368615f68617374617c4e3b696e6d7565626c65735f6275736361646f725f62616e696f735f64657364657c4e3b696e6d7565626c65735f6275736361646f725f62616e696f735f68617374617c4e3b696e6d7565626c65735f6275736361646f725f68616269746163696f6e65735f64657364657c4e3b696e6d7565626c65735f6275736361646f725f68616269746163696f6e65735f68617374617c4e3b696e6d7565626c65735f6275736361646f725f6d6574726f735f64657364657c4e3b696e6d7565626c65735f6275736361646f725f6d6574726f735f68617374617c4e3b696e6d7565626c65735f6275736361646f725f70726563696f735f64657364657c4e3b696e6d7565626c65735f6275736361646f725f70726563696f735f68617374617c4e3b636c69656e7465735f6275736361646f725f70726f76696e6369615f69647c4e3b636c69656e7465735f6275736361646f725f706f626c6163696f6e5f69647c4e3b636c69656e7465735f6275736361646f725f706169735f69647c4e3b636c69656e7465735f6275736361646f725f65737461646f5f69647c4e3b636c69656e7465735f6275736361646f725f6167656e74655f617369676e61646f5f69647c4e3b636c69656e7465735f6275736361646f725f696e74657265735f69647c4e3b636c69656e7465735f6275736361646f725f66656368615f64657364657c4e3b636c69656e7465735f6275736361646f725f66656368615f68617374617c4e3b),
('3b9fb9935e7bbc8755c341373a90e7bfc674709b', '127.0.0.1', 1499169037, 0x5f5f63695f6c6173745f726567656e65726174657c693a313439393136383834313b6964656e746974797c733a32353a22616e67656c2e62657261737561696e40676d61696c2e636f6d223b656d61696c7c733a32353a22616e67656c2e62657261737561696e40676d61696c2e636f6d223b757365725f69647c733a313a2232223b6f6c645f6c6173745f6c6f67696e7c733a31303a2231343939303733333832223b64656d616e6461735f6275736361646f725f63657274696669636163696f6e5f656e65726765746963615f69647c4e3b64656d616e6461735f6275736361646f725f70726f76696e6369615f69647c4e3b64656d616e6461735f6275736361646f725f706f626c6163696f6e5f69647c4e3b64656d616e6461735f6275736361646f725f7a6f6e615f69647c4e3b64656d616e6461735f6275736361646f725f7469706f5f69647c4e3b64656d616e6461735f6275736361646f725f65737461646f5f69647c4e3b64656d616e6461735f6275736361646f725f6167656e74655f617369676e61646f5f69647c4e3b64656d616e6461735f6275736361646f725f636c69656e74655f69647c4e3b64656d616e6461735f6275736361646f725f6f66657274615f69647c4e3b64656d616e6461735f6275736361646f725f7469706f5f64656d616e64615f69647c4e3b64656d616e6461735f6275736361646f725f66656368615f64657364657c4e3b64656d616e6461735f6275736361646f725f66656368615f68617374617c4e3b64656d616e6461735f6275736361646f725f62616e696f735f64657364657c4e3b64656d616e6461735f6275736361646f725f62616e696f735f68617374617c4e3b64656d616e6461735f6275736361646f725f68616269746163696f6e65735f64657364657c4e3b64656d616e6461735f6275736361646f725f68616269746163696f6e65735f68617374617c4e3b64656d616e6461735f6275736361646f725f6d6574726f735f64657364657c4e3b64656d616e6461735f6275736361646f725f6d6574726f735f68617374617c4e3b64656d616e6461735f6275736361646f725f70726563696f735f64657364657c4e3b64656d616e6461735f6275736361646f725f70726563696f735f68617374617c4e3b6d6573736167657c733a32373a22446f63756d656e746f2063726561646f20636f6e20c3a97869746f223b5f5f63695f766172737c613a323a7b733a373a226d657373616765223b733a333a226f6c64223b733a31333a226d6573736167655f636f6c6f72223b733a333a226f6c64223b7d6d6573736167655f636f6c6f727c733a373a2273756363657373223b),
('3c2e7ca886e35469052047024359324b4202516a', '127.0.0.1', 1498845336, 0x5f5f63695f6c6173745f726567656e65726174657c693a313439383834353035323b6964656e746974797c733a32353a22616e67656c2e62657261737561696e40676d61696c2e636f6d223b656d61696c7c733a32353a22616e67656c2e62657261737561696e40676d61696c2e636f6d223b757365725f69647c733a313a2232223b6f6c645f6c6173745f6c6f67696e7c733a31303a2231343938383131313837223b696e6d7565626c65735f6275736361646f725f63657274696669636163696f6e5f656e65726765746963615f69647c4e3b696e6d7565626c65735f6275736361646f725f70726f76696e6369615f69647c4e3b696e6d7565626c65735f6275736361646f725f706f626c6163696f6e5f69647c4e3b696e6d7565626c65735f6275736361646f725f7a6f6e615f69647c4e3b696e6d7565626c65735f6275736361646f725f7469706f5f69647c4e3b696e6d7565626c65735f6275736361646f725f65737461646f5f69647c4e3b696e6d7565626c65735f6275736361646f725f6361707461646f725f69647c4e3b696e6d7565626c65735f6275736361646f725f6f66657274615f69647c4e3b696e6d7565626c65735f6275736361646f725f6d6f64696669636163696f6e5f70726563696f5f69647c4e3b696e6d7565626c65735f6275736361646f725f7075626c696361646f5f69647c4e3b696e6d7565626c65735f6275736361646f725f64657374616361646f5f69647c4e3b696e6d7565626c65735f6275736361646f725f6f706f7274756e696461645f69647c4e3b696e6d7565626c65735f6275736361646f725f66656368615f64657364657c4e3b696e6d7565626c65735f6275736361646f725f66656368615f68617374617c4e3b696e6d7565626c65735f6275736361646f725f62616e696f735f64657364657c4e3b696e6d7565626c65735f6275736361646f725f62616e696f735f68617374617c4e3b696e6d7565626c65735f6275736361646f725f68616269746163696f6e65735f64657364657c4e3b696e6d7565626c65735f6275736361646f725f68616269746163696f6e65735f68617374617c4e3b696e6d7565626c65735f6275736361646f725f6d6574726f735f64657364657c4e3b696e6d7565626c65735f6275736361646f725f6d6574726f735f68617374617c4e3b696e6d7565626c65735f6275736361646f725f70726563696f735f64657364657c4e3b696e6d7565626c65735f6275736361646f725f70726563696f735f68617374617c4e3b6d6573736167657c733a32303a22456c656d656e746f2061637475616c697a61646f223b5f5f63695f766172737c613a323a7b733a373a226d657373616765223b733a333a226f6c64223b733a31333a226d6573736167655f636f6c6f72223b733a333a226f6c64223b7d6d6573736167655f636f6c6f727c733a373a2273756363657373223b),
('3de841d2652f765a05b19301ac812a45ab4de79e', '127.0.0.1', 1499079793, 0x5f5f63695f6c6173745f726567656e65726174657c693a313439393037393739333b),
('3e2c4fb3ea07f0de1f309a6c85a5e1adef205c10', '127.0.0.1', 1498818726, 0x5f5f63695f6c6173745f726567656e65726174657c693a313439383831383432373b6964656e746974797c733a32353a22616e67656c2e62657261737561696e40676d61696c2e636f6d223b656d61696c7c733a32353a22616e67656c2e62657261737561696e40676d61696c2e636f6d223b757365725f69647c733a313a2232223b6f6c645f6c6173745f6c6f67696e7c733a31303a2231343938373534333233223b696e6d7565626c65735f6275736361646f725f63657274696669636163696f6e5f656e65726765746963615f69647c4e3b696e6d7565626c65735f6275736361646f725f70726f76696e6369615f69647c4e3b696e6d7565626c65735f6275736361646f725f706f626c6163696f6e5f69647c4e3b696e6d7565626c65735f6275736361646f725f7a6f6e615f69647c4e3b696e6d7565626c65735f6275736361646f725f7469706f5f69647c4e3b696e6d7565626c65735f6275736361646f725f65737461646f5f69647c4e3b696e6d7565626c65735f6275736361646f725f6361707461646f725f69647c4e3b696e6d7565626c65735f6275736361646f725f6f66657274615f69647c4e3b696e6d7565626c65735f6275736361646f725f6d6f64696669636163696f6e5f70726563696f5f69647c4e3b696e6d7565626c65735f6275736361646f725f7075626c696361646f5f69647c4e3b696e6d7565626c65735f6275736361646f725f64657374616361646f5f69647c4e3b696e6d7565626c65735f6275736361646f725f6f706f7274756e696461645f69647c4e3b696e6d7565626c65735f6275736361646f725f66656368615f64657364657c4e3b696e6d7565626c65735f6275736361646f725f66656368615f68617374617c4e3b696e6d7565626c65735f6275736361646f725f62616e696f735f64657364657c4e3b696e6d7565626c65735f6275736361646f725f62616e696f735f68617374617c4e3b696e6d7565626c65735f6275736361646f725f68616269746163696f6e65735f64657364657c4e3b696e6d7565626c65735f6275736361646f725f68616269746163696f6e65735f68617374617c4e3b696e6d7565626c65735f6275736361646f725f6d6574726f735f64657364657c4e3b696e6d7565626c65735f6275736361646f725f6d6574726f735f68617374617c4e3b696e6d7565626c65735f6275736361646f725f70726563696f735f64657364657c4e3b696e6d7565626c65735f6275736361646f725f70726563696f735f68617374617c4e3b),
('436f1b78f26844bb78760f20f3309ccaf62083b6', '127.0.0.1', 1499168009, 0x5f5f63695f6c6173745f726567656e65726174657c693a313439393136373934323b6964656e746974797c733a32353a22616e67656c2e62657261737561696e40676d61696c2e636f6d223b656d61696c7c733a32353a22616e67656c2e62657261737561696e40676d61696c2e636f6d223b757365725f69647c733a313a2232223b6f6c645f6c6173745f6c6f67696e7c733a31303a2231343939303733333832223b64656d616e6461735f6275736361646f725f63657274696669636163696f6e5f656e65726765746963615f69647c4e3b64656d616e6461735f6275736361646f725f70726f76696e6369615f69647c4e3b64656d616e6461735f6275736361646f725f706f626c6163696f6e5f69647c4e3b64656d616e6461735f6275736361646f725f7a6f6e615f69647c4e3b64656d616e6461735f6275736361646f725f7469706f5f69647c4e3b64656d616e6461735f6275736361646f725f65737461646f5f69647c4e3b64656d616e6461735f6275736361646f725f6167656e74655f617369676e61646f5f69647c4e3b64656d616e6461735f6275736361646f725f636c69656e74655f69647c4e3b64656d616e6461735f6275736361646f725f6f66657274615f69647c4e3b64656d616e6461735f6275736361646f725f7469706f5f64656d616e64615f69647c4e3b64656d616e6461735f6275736361646f725f66656368615f64657364657c4e3b64656d616e6461735f6275736361646f725f66656368615f68617374617c4e3b64656d616e6461735f6275736361646f725f62616e696f735f64657364657c4e3b64656d616e6461735f6275736361646f725f62616e696f735f68617374617c4e3b64656d616e6461735f6275736361646f725f68616269746163696f6e65735f64657364657c4e3b64656d616e6461735f6275736361646f725f68616269746163696f6e65735f68617374617c4e3b64656d616e6461735f6275736361646f725f6d6574726f735f64657364657c4e3b64656d616e6461735f6275736361646f725f6d6574726f735f68617374617c4e3b64656d616e6461735f6275736361646f725f70726563696f735f64657364657c4e3b64656d616e6461735f6275736361646f725f70726563696f735f68617374617c4e3b),
('4531237d7a5144f95816991314f0e123115222a6', '127.0.0.1', 1498728287, 0x5f5f63695f6c6173745f726567656e65726174657c693a313439383732373736323b6964656e746974797c733a32353a22616e67656c2e62657261737561696e40676d61696c2e636f6d223b656d61696c7c733a32353a22616e67656c2e62657261737561696e40676d61696c2e636f6d223b757365725f69647c733a313a2232223b6f6c645f6c6173745f6c6f67696e7c733a31303a2231343938363635363937223b696e6d7565626c65735f6275736361646f725f63657274696669636163696f6e5f656e65726765746963615f69647c733a323a222d31223b696e6d7565626c65735f6275736361646f725f70726f76696e6369615f69647c733a313a2234223b696e6d7565626c65735f6275736361646f725f706f626c6163696f6e5f69647c733a333a22323932223b696e6d7565626c65735f6275736361646f725f7a6f6e615f69647c733a303a22223b696e6d7565626c65735f6275736361646f725f7469706f5f69647c733a323a222d31223b696e6d7565626c65735f6275736361646f725f65737461646f5f69647c733a323a222d31223b696e6d7565626c65735f6275736361646f725f6361707461646f725f69647c733a323a222d31223b696e6d7565626c65735f6275736361646f725f6f66657274615f69647c733a323a222d31223b696e6d7565626c65735f6275736361646f725f6d6f64696669636163696f6e5f70726563696f5f69647c733a323a222d31223b696e6d7565626c65735f6275736361646f725f7075626c696361646f5f69647c733a323a222d31223b696e6d7565626c65735f6275736361646f725f64657374616361646f5f69647c733a323a222d31223b696e6d7565626c65735f6275736361646f725f6f706f7274756e696461645f69647c733a323a222d31223b696e6d7565626c65735f6275736361646f725f66656368615f64657364657c733a303a22223b696e6d7565626c65735f6275736361646f725f66656368615f68617374617c733a303a22223b696e6d7565626c65735f6275736361646f725f62616e696f735f64657364657c733a303a22223b696e6d7565626c65735f6275736361646f725f62616e696f735f68617374617c733a303a22223b696e6d7565626c65735f6275736361646f725f68616269746163696f6e65735f64657364657c733a303a22223b696e6d7565626c65735f6275736361646f725f68616269746163696f6e65735f68617374617c733a303a22223b696e6d7565626c65735f6275736361646f725f6d6574726f735f64657364657c733a303a22223b696e6d7565626c65735f6275736361646f725f6d6574726f735f68617374617c733a303a22223b696e6d7565626c65735f6275736361646f725f70726563696f735f64657364657c733a303a22223b696e6d7565626c65735f6275736361646f725f70726563696f735f68617374617c733a303a22223b64656d616e6461735f6275736361646f725f63657274696669636163696f6e5f656e65726765746963615f69647c4e3b64656d616e6461735f6275736361646f725f70726f76696e6369615f69647c4e3b64656d616e6461735f6275736361646f725f706f626c6163696f6e5f69647c4e3b64656d616e6461735f6275736361646f725f7a6f6e615f69647c4e3b64656d616e6461735f6275736361646f725f7469706f5f69647c4e3b64656d616e6461735f6275736361646f725f65737461646f5f69647c4e3b64656d616e6461735f6275736361646f725f6167656e74655f617369676e61646f5f69647c4e3b64656d616e6461735f6275736361646f725f636c69656e74655f69647c4e3b64656d616e6461735f6275736361646f725f6f66657274615f69647c4e3b64656d616e6461735f6275736361646f725f7469706f5f64656d616e64615f69647c4e3b64656d616e6461735f6275736361646f725f66656368615f64657364657c4e3b64656d616e6461735f6275736361646f725f66656368615f68617374617c4e3b64656d616e6461735f6275736361646f725f62616e696f735f64657364657c4e3b64656d616e6461735f6275736361646f725f62616e696f735f68617374617c4e3b64656d616e6461735f6275736361646f725f68616269746163696f6e65735f64657364657c4e3b64656d616e6461735f6275736361646f725f68616269746163696f6e65735f68617374617c4e3b64656d616e6461735f6275736361646f725f6d6574726f735f64657364657c4e3b64656d616e6461735f6275736361646f725f6d6574726f735f68617374617c4e3b64656d616e6461735f6275736361646f725f70726563696f735f64657364657c4e3b64656d616e6461735f6275736361646f725f70726563696f735f68617374617c4e3b),
('492eb5621510c344da894a07e37ba321bc41ed8e', '127.0.0.1', 1498840776, 0x5f5f63695f6c6173745f726567656e65726174657c693a313439383834303532303b6964656e746974797c733a32353a22616e67656c2e62657261737561696e40676d61696c2e636f6d223b656d61696c7c733a32353a22616e67656c2e62657261737561696e40676d61696c2e636f6d223b757365725f69647c733a313a2232223b6f6c645f6c6173745f6c6f67696e7c733a31303a2231343938383131313837223b696e6d7565626c65735f6275736361646f725f63657274696669636163696f6e5f656e65726765746963615f69647c4e3b696e6d7565626c65735f6275736361646f725f70726f76696e6369615f69647c4e3b696e6d7565626c65735f6275736361646f725f706f626c6163696f6e5f69647c4e3b696e6d7565626c65735f6275736361646f725f7a6f6e615f69647c4e3b696e6d7565626c65735f6275736361646f725f7469706f5f69647c4e3b696e6d7565626c65735f6275736361646f725f65737461646f5f69647c4e3b696e6d7565626c65735f6275736361646f725f6361707461646f725f69647c4e3b696e6d7565626c65735f6275736361646f725f6f66657274615f69647c4e3b696e6d7565626c65735f6275736361646f725f6d6f64696669636163696f6e5f70726563696f5f69647c4e3b696e6d7565626c65735f6275736361646f725f7075626c696361646f5f69647c4e3b696e6d7565626c65735f6275736361646f725f64657374616361646f5f69647c4e3b696e6d7565626c65735f6275736361646f725f6f706f7274756e696461645f69647c4e3b696e6d7565626c65735f6275736361646f725f66656368615f64657364657c4e3b696e6d7565626c65735f6275736361646f725f66656368615f68617374617c4e3b696e6d7565626c65735f6275736361646f725f62616e696f735f64657364657c4e3b696e6d7565626c65735f6275736361646f725f62616e696f735f68617374617c4e3b696e6d7565626c65735f6275736361646f725f68616269746163696f6e65735f64657364657c4e3b696e6d7565626c65735f6275736361646f725f68616269746163696f6e65735f68617374617c4e3b696e6d7565626c65735f6275736361646f725f6d6574726f735f64657364657c4e3b696e6d7565626c65735f6275736361646f725f6d6574726f735f68617374617c4e3b696e6d7565626c65735f6275736361646f725f70726563696f735f64657364657c4e3b696e6d7565626c65735f6275736361646f725f70726563696f735f68617374617c4e3b),
('4f0d9758b2334dd84bc4a4354cb787e32302ac61', '127.0.0.1', 1498726997, 0x5f5f63695f6c6173745f726567656e65726174657c693a313439383732363939373b),
('505cac42c383ee774e3f1530b1a3cb5c47106944', '127.0.0.1', 1498841168, 0x5f5f63695f6c6173745f726567656e65726174657c693a313439383834313136383b),
('512918ba25d4d193cbd08b68da7987f1ac31d4d6', '127.0.0.1', 1498807076, 0x5f5f63695f6c6173745f726567656e65726174657c693a313439383830373037363b),
('5328b632149d8266f24e6aec30606861693c91ee', '127.0.0.1', 1498754424, 0x5f5f63695f6c6173745f726567656e65726174657c693a313439383735343332303b6964656e746974797c733a32353a22616e67656c2e62657261737561696e40676d61696c2e636f6d223b656d61696c7c733a32353a22616e67656c2e62657261737561696e40676d61696c2e636f6d223b757365725f69647c733a313a2232223b6f6c645f6c6173745f6c6f67696e7c733a31303a2231343938373339373939223b696e6d7565626c65735f6275736361646f725f63657274696669636163696f6e5f656e65726765746963615f69647c4e3b696e6d7565626c65735f6275736361646f725f70726f76696e6369615f69647c4e3b696e6d7565626c65735f6275736361646f725f706f626c6163696f6e5f69647c4e3b696e6d7565626c65735f6275736361646f725f7a6f6e615f69647c4e3b696e6d7565626c65735f6275736361646f725f7469706f5f69647c4e3b696e6d7565626c65735f6275736361646f725f65737461646f5f69647c4e3b696e6d7565626c65735f6275736361646f725f6361707461646f725f69647c4e3b696e6d7565626c65735f6275736361646f725f6f66657274615f69647c4e3b696e6d7565626c65735f6275736361646f725f6d6f64696669636163696f6e5f70726563696f5f69647c4e3b696e6d7565626c65735f6275736361646f725f7075626c696361646f5f69647c4e3b696e6d7565626c65735f6275736361646f725f64657374616361646f5f69647c4e3b696e6d7565626c65735f6275736361646f725f6f706f7274756e696461645f69647c4e3b696e6d7565626c65735f6275736361646f725f66656368615f64657364657c4e3b696e6d7565626c65735f6275736361646f725f66656368615f68617374617c4e3b696e6d7565626c65735f6275736361646f725f62616e696f735f64657364657c4e3b696e6d7565626c65735f6275736361646f725f62616e696f735f68617374617c4e3b696e6d7565626c65735f6275736361646f725f68616269746163696f6e65735f64657364657c4e3b696e6d7565626c65735f6275736361646f725f68616269746163696f6e65735f68617374617c4e3b696e6d7565626c65735f6275736361646f725f6d6574726f735f64657364657c4e3b696e6d7565626c65735f6275736361646f725f6d6574726f735f68617374617c4e3b696e6d7565626c65735f6275736361646f725f70726563696f735f64657364657c4e3b696e6d7565626c65735f6275736361646f725f70726563696f735f68617374617c4e3b),
('537ebdbecd9a1008f40dd7ff8dfcb4d3cfc0d047', '127.0.0.1', 1499112602, 0x5f5f63695f6c6173745f726567656e65726174657c693a313439393131323630323b),
('54799a9303c8fda63497ddc90848d94be5299e15', '127.0.0.1', 1498727218, 0x5f5f63695f6c6173745f726567656e65726174657c693a313439383732373231363b6964656e746974797c733a32353a22616e67656c2e62657261737561696e40676d61696c2e636f6d223b656d61696c7c733a32353a22616e67656c2e62657261737561696e40676d61696c2e636f6d223b757365725f69647c733a313a2232223b6f6c645f6c6173745f6c6f67696e7c733a31303a2231343938363635363937223b696e6d7565626c65735f6275736361646f725f63657274696669636163696f6e5f656e65726765746963615f69647c4e3b696e6d7565626c65735f6275736361646f725f70726f76696e6369615f69647c4e3b696e6d7565626c65735f6275736361646f725f706f626c6163696f6e5f69647c4e3b696e6d7565626c65735f6275736361646f725f7a6f6e615f69647c4e3b696e6d7565626c65735f6275736361646f725f7469706f5f69647c4e3b696e6d7565626c65735f6275736361646f725f65737461646f5f69647c4e3b696e6d7565626c65735f6275736361646f725f6361707461646f725f69647c4e3b696e6d7565626c65735f6275736361646f725f6f66657274615f69647c4e3b696e6d7565626c65735f6275736361646f725f6d6f64696669636163696f6e5f70726563696f5f69647c4e3b696e6d7565626c65735f6275736361646f725f7075626c696361646f5f69647c4e3b696e6d7565626c65735f6275736361646f725f64657374616361646f5f69647c4e3b696e6d7565626c65735f6275736361646f725f6f706f7274756e696461645f69647c4e3b696e6d7565626c65735f6275736361646f725f66656368615f64657364657c4e3b696e6d7565626c65735f6275736361646f725f66656368615f68617374617c4e3b696e6d7565626c65735f6275736361646f725f62616e696f735f64657364657c4e3b696e6d7565626c65735f6275736361646f725f62616e696f735f68617374617c4e3b696e6d7565626c65735f6275736361646f725f68616269746163696f6e65735f64657364657c4e3b696e6d7565626c65735f6275736361646f725f68616269746163696f6e65735f68617374617c4e3b696e6d7565626c65735f6275736361646f725f6d6574726f735f64657364657c4e3b696e6d7565626c65735f6275736361646f725f6d6574726f735f68617374617c4e3b696e6d7565626c65735f6275736361646f725f70726563696f735f64657364657c4e3b696e6d7565626c65735f6275736361646f725f70726563696f735f68617374617c4e3b),
('5603066d81811e67c0948774f90c78fd91f0bf47', '127.0.0.1', 1498670471, 0x5f5f63695f6c6173745f726567656e65726174657c693a313439383637303233333b6964656e746974797c733a32353a22616e67656c2e62657261737561696e40676d61696c2e636f6d223b656d61696c7c733a32353a22616e67656c2e62657261737561696e40676d61696c2e636f6d223b757365725f69647c733a313a2232223b6f6c645f6c6173745f6c6f67696e7c733a31303a2231343938363531343333223b),
('585a2b41ccb3551df269243092dbac3125a60840', '127.0.0.1', 1498843852, 0x5f5f63695f6c6173745f726567656e65726174657c693a313439383834333630333b6964656e746974797c733a32353a22616e67656c2e62657261737561696e40676d61696c2e636f6d223b656d61696c7c733a32353a22616e67656c2e62657261737561696e40676d61696c2e636f6d223b757365725f69647c733a313a2232223b6f6c645f6c6173745f6c6f67696e7c733a31303a2231343938383131313837223b696e6d7565626c65735f6275736361646f725f63657274696669636163696f6e5f656e65726765746963615f69647c4e3b696e6d7565626c65735f6275736361646f725f70726f76696e6369615f69647c4e3b696e6d7565626c65735f6275736361646f725f706f626c6163696f6e5f69647c4e3b696e6d7565626c65735f6275736361646f725f7a6f6e615f69647c4e3b696e6d7565626c65735f6275736361646f725f7469706f5f69647c4e3b696e6d7565626c65735f6275736361646f725f65737461646f5f69647c4e3b696e6d7565626c65735f6275736361646f725f6361707461646f725f69647c4e3b696e6d7565626c65735f6275736361646f725f6f66657274615f69647c4e3b696e6d7565626c65735f6275736361646f725f6d6f64696669636163696f6e5f70726563696f5f69647c4e3b696e6d7565626c65735f6275736361646f725f7075626c696361646f5f69647c4e3b696e6d7565626c65735f6275736361646f725f64657374616361646f5f69647c4e3b696e6d7565626c65735f6275736361646f725f6f706f7274756e696461645f69647c4e3b696e6d7565626c65735f6275736361646f725f66656368615f64657364657c4e3b696e6d7565626c65735f6275736361646f725f66656368615f68617374617c4e3b696e6d7565626c65735f6275736361646f725f62616e696f735f64657364657c4e3b696e6d7565626c65735f6275736361646f725f62616e696f735f68617374617c4e3b696e6d7565626c65735f6275736361646f725f68616269746163696f6e65735f64657364657c4e3b696e6d7565626c65735f6275736361646f725f68616269746163696f6e65735f68617374617c4e3b696e6d7565626c65735f6275736361646f725f6d6574726f735f64657364657c4e3b696e6d7565626c65735f6275736361646f725f6d6574726f735f68617374617c4e3b696e6d7565626c65735f6275736361646f725f70726563696f735f64657364657c4e3b696e6d7565626c65735f6275736361646f725f70726563696f735f68617374617c4e3b);
INSERT INTO `ci_sessions` (`id`, `ip_address`, `timestamp`, `data`) VALUES
('58c90190cb5d5eca9fdc56b7a8cfa40cfb6d1537', '127.0.0.1', 1498760650, 0x5f5f63695f6c6173745f726567656e65726174657c693a313439383736303435333b6964656e746974797c733a32353a22616e67656c2e62657261737561696e40676d61696c2e636f6d223b656d61696c7c733a32353a22616e67656c2e62657261737561696e40676d61696c2e636f6d223b757365725f69647c733a313a2232223b6f6c645f6c6173745f6c6f67696e7c733a31303a2231343938373339373939223b696e6d7565626c65735f6275736361646f725f63657274696669636163696f6e5f656e65726765746963615f69647c4e3b696e6d7565626c65735f6275736361646f725f70726f76696e6369615f69647c4e3b696e6d7565626c65735f6275736361646f725f706f626c6163696f6e5f69647c4e3b696e6d7565626c65735f6275736361646f725f7a6f6e615f69647c4e3b696e6d7565626c65735f6275736361646f725f7469706f5f69647c4e3b696e6d7565626c65735f6275736361646f725f65737461646f5f69647c4e3b696e6d7565626c65735f6275736361646f725f6361707461646f725f69647c4e3b696e6d7565626c65735f6275736361646f725f6f66657274615f69647c4e3b696e6d7565626c65735f6275736361646f725f6d6f64696669636163696f6e5f70726563696f5f69647c4e3b696e6d7565626c65735f6275736361646f725f7075626c696361646f5f69647c4e3b696e6d7565626c65735f6275736361646f725f64657374616361646f5f69647c4e3b696e6d7565626c65735f6275736361646f725f6f706f7274756e696461645f69647c4e3b696e6d7565626c65735f6275736361646f725f66656368615f64657364657c4e3b696e6d7565626c65735f6275736361646f725f66656368615f68617374617c4e3b696e6d7565626c65735f6275736361646f725f62616e696f735f64657364657c4e3b696e6d7565626c65735f6275736361646f725f62616e696f735f68617374617c4e3b696e6d7565626c65735f6275736361646f725f68616269746163696f6e65735f64657364657c4e3b696e6d7565626c65735f6275736361646f725f68616269746163696f6e65735f68617374617c4e3b696e6d7565626c65735f6275736361646f725f6d6574726f735f64657364657c4e3b696e6d7565626c65735f6275736361646f725f6d6574726f735f68617374617c4e3b696e6d7565626c65735f6275736361646f725f70726563696f735f64657364657c4e3b696e6d7565626c65735f6275736361646f725f70726563696f735f68617374617c4e3b636c69656e7465735f6275736361646f725f70726f76696e6369615f69647c4e3b636c69656e7465735f6275736361646f725f706f626c6163696f6e5f69647c4e3b636c69656e7465735f6275736361646f725f706169735f69647c4e3b636c69656e7465735f6275736361646f725f65737461646f5f69647c4e3b636c69656e7465735f6275736361646f725f6167656e74655f617369676e61646f5f69647c4e3b636c69656e7465735f6275736361646f725f696e74657265735f69647c4e3b636c69656e7465735f6275736361646f725f66656368615f64657364657c4e3b636c69656e7465735f6275736361646f725f66656368615f68617374617c4e3b),
('597911e5680434a881efdc9124f8de58b8d64cae', '127.0.0.1', 1498901725, 0x5f5f63695f6c6173745f726567656e65726174657c693a313439383930313437363b6964656e746974797c733a32353a22616e67656c2e62657261737561696e40676d61696c2e636f6d223b656d61696c7c733a32353a22616e67656c2e62657261737561696e40676d61696c2e636f6d223b757365725f69647c733a313a2232223b6f6c645f6c6173745f6c6f67696e7c733a31303a2231343938383430353330223b696e6d7565626c65735f6275736361646f725f63657274696669636163696f6e5f656e65726765746963615f69647c4e3b696e6d7565626c65735f6275736361646f725f70726f76696e6369615f69647c4e3b696e6d7565626c65735f6275736361646f725f706f626c6163696f6e5f69647c4e3b696e6d7565626c65735f6275736361646f725f7a6f6e615f69647c4e3b696e6d7565626c65735f6275736361646f725f7469706f5f69647c4e3b696e6d7565626c65735f6275736361646f725f65737461646f5f69647c4e3b696e6d7565626c65735f6275736361646f725f6361707461646f725f69647c4e3b696e6d7565626c65735f6275736361646f725f6f66657274615f69647c4e3b696e6d7565626c65735f6275736361646f725f6d6f64696669636163696f6e5f70726563696f5f69647c4e3b696e6d7565626c65735f6275736361646f725f7075626c696361646f5f69647c4e3b696e6d7565626c65735f6275736361646f725f64657374616361646f5f69647c4e3b696e6d7565626c65735f6275736361646f725f6f706f7274756e696461645f69647c4e3b696e6d7565626c65735f6275736361646f725f66656368615f64657364657c4e3b696e6d7565626c65735f6275736361646f725f66656368615f68617374617c4e3b696e6d7565626c65735f6275736361646f725f62616e696f735f64657364657c4e3b696e6d7565626c65735f6275736361646f725f62616e696f735f68617374617c4e3b696e6d7565626c65735f6275736361646f725f68616269746163696f6e65735f64657364657c4e3b696e6d7565626c65735f6275736361646f725f68616269746163696f6e65735f68617374617c4e3b696e6d7565626c65735f6275736361646f725f6d6574726f735f64657364657c4e3b696e6d7565626c65735f6275736361646f725f6d6574726f735f68617374617c4e3b696e6d7565626c65735f6275736361646f725f70726563696f735f64657364657c4e3b696e6d7565626c65735f6275736361646f725f70726563696f735f68617374617c4e3b),
('59aea171e4bb331cedc45d23a31f2b993ee95365', '127.0.0.1', 1498638787, 0x5f5f63695f6c6173745f726567656e65726174657c693a313439383633383738373b),
('5cffc6380b740135e24ddfecfd410d7ffab53f23', '127.0.0.1', 1499166657, 0x5f5f63695f6c6173745f726567656e65726174657c693a313439393136363635373b),
('5e766329fc2467e8ca8b8b073a17bafa97571209', '127.0.0.1', 1498641867, 0x5f5f63695f6c6173745f726567656e65726174657c693a313439383634313831383b6964656e746974797c733a32353a22616e67656c2e62657261737561696e40676d61696c2e636f6d223b656d61696c7c733a32353a22616e67656c2e62657261737561696e40676d61696c2e636f6d223b757365725f69647c733a313a2232223b6f6c645f6c6173745f6c6f67696e7c733a31303a2231343938353833323133223b696e6d7565626c65735f6275736361646f725f63657274696669636163696f6e5f656e65726765746963615f69647c733a323a222d31223b696e6d7565626c65735f6275736361646f725f70726f76696e6369615f69647c733a313a2234223b696e6d7565626c65735f6275736361646f725f706f626c6163696f6e5f69647c733a333a22323932223b696e6d7565626c65735f6275736361646f725f7a6f6e615f69647c733a303a22223b696e6d7565626c65735f6275736361646f725f7469706f5f69647c733a323a222d31223b696e6d7565626c65735f6275736361646f725f65737461646f5f69647c733a323a222d31223b696e6d7565626c65735f6275736361646f725f6361707461646f725f69647c733a323a222d31223b696e6d7565626c65735f6275736361646f725f6f66657274615f69647c733a323a222d31223b696e6d7565626c65735f6275736361646f725f6d6f64696669636163696f6e5f70726563696f5f69647c733a323a222d31223b696e6d7565626c65735f6275736361646f725f7075626c696361646f5f69647c733a323a222d31223b696e6d7565626c65735f6275736361646f725f64657374616361646f5f69647c733a323a222d31223b696e6d7565626c65735f6275736361646f725f6f706f7274756e696461645f69647c733a323a222d31223b696e6d7565626c65735f6275736361646f725f66656368615f64657364657c733a303a22223b696e6d7565626c65735f6275736361646f725f66656368615f68617374617c733a303a22223b696e6d7565626c65735f6275736361646f725f62616e696f735f64657364657c733a303a22223b696e6d7565626c65735f6275736361646f725f62616e696f735f68617374617c733a303a22223b696e6d7565626c65735f6275736361646f725f68616269746163696f6e65735f64657364657c733a303a22223b696e6d7565626c65735f6275736361646f725f68616269746163696f6e65735f68617374617c733a303a22223b696e6d7565626c65735f6275736361646f725f6d6574726f735f64657364657c733a303a22223b696e6d7565626c65735f6275736361646f725f6d6574726f735f68617374617c733a303a22223b696e6d7565626c65735f6275736361646f725f70726563696f735f64657364657c733a303a22223b696e6d7565626c65735f6275736361646f725f70726563696f735f68617374617c733a303a22223b),
('5ea13789eef2f54c54b2e8c7310b364cfd28fe9d', '127.0.0.1', 1498669549, 0x5f5f63695f6c6173745f726567656e65726174657c693a313439383636393534393b6964656e746974797c733a32353a22616e67656c2e62657261737561696e40676d61696c2e636f6d223b656d61696c7c733a32353a22616e67656c2e62657261737561696e40676d61696c2e636f6d223b757365725f69647c733a313a2232223b6f6c645f6c6173745f6c6f67696e7c733a31303a2231343938363531343333223b6d6573736167657c733a32303a22456c656d656e746f2061637475616c697a61646f223b5f5f63695f766172737c613a323a7b733a373a226d657373616765223b733a333a226f6c64223b733a31333a226d6573736167655f636f6c6f72223b733a333a226f6c64223b7d6d6573736167655f636f6c6f727c733a373a2273756363657373223b),
('5f4abab8c619b03c4243c65f8f109c673ce23653', '127.0.0.1', 1498820595, 0x5f5f63695f6c6173745f726567656e65726174657c693a313439383832303539353b),
('656035cce38d02f146f37cb55a203197494e09c7', '127.0.0.1', 1498844140, 0x5f5f63695f6c6173745f726567656e65726174657c693a313439383834333934393b6964656e746974797c733a32353a22616e67656c2e62657261737561696e40676d61696c2e636f6d223b656d61696c7c733a32353a22616e67656c2e62657261737561696e40676d61696c2e636f6d223b757365725f69647c733a313a2232223b6f6c645f6c6173745f6c6f67696e7c733a31303a2231343938383131313837223b696e6d7565626c65735f6275736361646f725f63657274696669636163696f6e5f656e65726765746963615f69647c4e3b696e6d7565626c65735f6275736361646f725f70726f76696e6369615f69647c4e3b696e6d7565626c65735f6275736361646f725f706f626c6163696f6e5f69647c4e3b696e6d7565626c65735f6275736361646f725f7a6f6e615f69647c4e3b696e6d7565626c65735f6275736361646f725f7469706f5f69647c4e3b696e6d7565626c65735f6275736361646f725f65737461646f5f69647c4e3b696e6d7565626c65735f6275736361646f725f6361707461646f725f69647c4e3b696e6d7565626c65735f6275736361646f725f6f66657274615f69647c4e3b696e6d7565626c65735f6275736361646f725f6d6f64696669636163696f6e5f70726563696f5f69647c4e3b696e6d7565626c65735f6275736361646f725f7075626c696361646f5f69647c4e3b696e6d7565626c65735f6275736361646f725f64657374616361646f5f69647c4e3b696e6d7565626c65735f6275736361646f725f6f706f7274756e696461645f69647c4e3b696e6d7565626c65735f6275736361646f725f66656368615f64657364657c4e3b696e6d7565626c65735f6275736361646f725f66656368615f68617374617c4e3b696e6d7565626c65735f6275736361646f725f62616e696f735f64657364657c4e3b696e6d7565626c65735f6275736361646f725f62616e696f735f68617374617c4e3b696e6d7565626c65735f6275736361646f725f68616269746163696f6e65735f64657364657c4e3b696e6d7565626c65735f6275736361646f725f68616269746163696f6e65735f68617374617c4e3b696e6d7565626c65735f6275736361646f725f6d6574726f735f64657364657c4e3b696e6d7565626c65735f6275736361646f725f6d6574726f735f68617374617c4e3b696e6d7565626c65735f6275736361646f725f70726563696f735f64657364657c4e3b696e6d7565626c65735f6275736361646f725f70726563696f735f68617374617c4e3b),
('667dbd6c1ae59255e659608a66f205040911f566', '127.0.0.1', 1499072837, 0x5f5f63695f6c6173745f726567656e65726174657c693a313439393037323833373b),
('6c82a9729005d7ce778d167cf736939b61c70475', '127.0.0.1', 1498845661, 0x5f5f63695f6c6173745f726567656e65726174657c693a313439383834353337373b6964656e746974797c733a32353a22616e67656c2e62657261737561696e40676d61696c2e636f6d223b656d61696c7c733a32353a22616e67656c2e62657261737561696e40676d61696c2e636f6d223b757365725f69647c733a313a2232223b6f6c645f6c6173745f6c6f67696e7c733a31303a2231343938383131313837223b696e6d7565626c65735f6275736361646f725f63657274696669636163696f6e5f656e65726765746963615f69647c4e3b696e6d7565626c65735f6275736361646f725f70726f76696e6369615f69647c4e3b696e6d7565626c65735f6275736361646f725f706f626c6163696f6e5f69647c4e3b696e6d7565626c65735f6275736361646f725f7a6f6e615f69647c4e3b696e6d7565626c65735f6275736361646f725f7469706f5f69647c4e3b696e6d7565626c65735f6275736361646f725f65737461646f5f69647c4e3b696e6d7565626c65735f6275736361646f725f6361707461646f725f69647c4e3b696e6d7565626c65735f6275736361646f725f6f66657274615f69647c4e3b696e6d7565626c65735f6275736361646f725f6d6f64696669636163696f6e5f70726563696f5f69647c4e3b696e6d7565626c65735f6275736361646f725f7075626c696361646f5f69647c4e3b696e6d7565626c65735f6275736361646f725f64657374616361646f5f69647c4e3b696e6d7565626c65735f6275736361646f725f6f706f7274756e696461645f69647c4e3b696e6d7565626c65735f6275736361646f725f66656368615f64657364657c4e3b696e6d7565626c65735f6275736361646f725f66656368615f68617374617c4e3b696e6d7565626c65735f6275736361646f725f62616e696f735f64657364657c4e3b696e6d7565626c65735f6275736361646f725f62616e696f735f68617374617c4e3b696e6d7565626c65735f6275736361646f725f68616269746163696f6e65735f64657364657c4e3b696e6d7565626c65735f6275736361646f725f68616269746163696f6e65735f68617374617c4e3b696e6d7565626c65735f6275736361646f725f6d6574726f735f64657364657c4e3b696e6d7565626c65735f6275736361646f725f6d6574726f735f68617374617c4e3b696e6d7565626c65735f6275736361646f725f70726563696f735f64657364657c4e3b696e6d7565626c65735f6275736361646f725f70726563696f735f68617374617c4e3b6d6573736167657c733a32373a22446f63756d656e746f2063726561646f20636f6e20c3a97869746f223b5f5f63695f766172737c613a323a7b733a373a226d657373616765223b733a333a226f6c64223b733a31333a226d6573736167655f636f6c6f72223b733a333a226f6c64223b7d6d6573736167655f636f6c6f727c733a373a2273756363657373223b),
('70cb10f5f96fb046bd31a95dbca887d294ca67de', '127.0.0.1', 1499073636, 0x5f5f63695f6c6173745f726567656e65726174657c693a313439393037333338323b6964656e746974797c733a32353a22616e67656c2e62657261737561696e40676d61696c2e636f6d223b656d61696c7c733a32353a22616e67656c2e62657261737561696e40676d61696c2e636f6d223b757365725f69647c733a313a2232223b6f6c645f6c6173745f6c6f67696e7c733a31303a2231343938393031343831223b636c69656e7465735f6275736361646f725f70726f76696e6369615f69647c4e3b636c69656e7465735f6275736361646f725f706f626c6163696f6e5f69647c4e3b636c69656e7465735f6275736361646f725f706169735f69647c4e3b636c69656e7465735f6275736361646f725f65737461646f5f69647c4e3b636c69656e7465735f6275736361646f725f6167656e74655f617369676e61646f5f69647c4e3b636c69656e7465735f6275736361646f725f696e74657265735f69647c4e3b636c69656e7465735f6275736361646f725f66656368615f64657364657c4e3b636c69656e7465735f6275736361646f725f66656368615f68617374617c4e3b),
('71ad015031663beffc0aae3107cb2854d71f7be4', '127.0.0.1', 1499084815, 0x5f5f63695f6c6173745f726567656e65726174657c693a313439393038343537373b6964656e746974797c733a32353a22616e67656c2e62657261737561696e40676d61696c2e636f6d223b656d61696c7c733a32353a22616e67656c2e62657261737561696e40676d61696c2e636f6d223b757365725f69647c733a313a2232223b6f6c645f6c6173745f6c6f67696e7c733a31303a2231343938393031343831223b636c69656e7465735f6275736361646f725f70726f76696e6369615f69647c4e3b636c69656e7465735f6275736361646f725f706f626c6163696f6e5f69647c4e3b636c69656e7465735f6275736361646f725f706169735f69647c4e3b636c69656e7465735f6275736361646f725f65737461646f5f69647c4e3b636c69656e7465735f6275736361646f725f6167656e74655f617369676e61646f5f69647c4e3b636c69656e7465735f6275736361646f725f696e74657265735f69647c4e3b636c69656e7465735f6275736361646f725f66656368615f64657364657c4e3b636c69656e7465735f6275736361646f725f66656368615f68617374617c4e3b696e6d7565626c65735f6275736361646f725f63657274696669636163696f6e5f656e65726765746963615f69647c4e3b696e6d7565626c65735f6275736361646f725f70726f76696e6369615f69647c4e3b696e6d7565626c65735f6275736361646f725f706f626c6163696f6e5f69647c4e3b696e6d7565626c65735f6275736361646f725f7a6f6e615f69647c4e3b696e6d7565626c65735f6275736361646f725f7469706f5f69647c4e3b696e6d7565626c65735f6275736361646f725f65737461646f5f69647c4e3b696e6d7565626c65735f6275736361646f725f6361707461646f725f69647c4e3b696e6d7565626c65735f6275736361646f725f6f66657274615f69647c4e3b696e6d7565626c65735f6275736361646f725f6d6f64696669636163696f6e5f70726563696f5f69647c4e3b696e6d7565626c65735f6275736361646f725f7075626c696361646f5f69647c4e3b696e6d7565626c65735f6275736361646f725f64657374616361646f5f69647c4e3b696e6d7565626c65735f6275736361646f725f6f706f7274756e696461645f69647c4e3b696e6d7565626c65735f6275736361646f725f66656368615f64657364657c4e3b696e6d7565626c65735f6275736361646f725f66656368615f68617374617c4e3b696e6d7565626c65735f6275736361646f725f62616e696f735f64657364657c4e3b696e6d7565626c65735f6275736361646f725f62616e696f735f68617374617c4e3b696e6d7565626c65735f6275736361646f725f68616269746163696f6e65735f64657364657c4e3b696e6d7565626c65735f6275736361646f725f68616269746163696f6e65735f68617374617c4e3b696e6d7565626c65735f6275736361646f725f6d6574726f735f64657364657c4e3b696e6d7565626c65735f6275736361646f725f6d6574726f735f68617374617c4e3b696e6d7565626c65735f6275736361646f725f70726563696f735f64657364657c4e3b696e6d7565626c65735f6275736361646f725f70726563696f735f68617374617c4e3b6d6573736167657c733a32373a22446f63756d656e746f2063726561646f20636f6e20c3a97869746f223b5f5f63695f766172737c613a323a7b733a373a226d657373616765223b733a333a226f6c64223b733a31333a226d6573736167655f636f6c6f72223b733a333a226f6c64223b7d6d6573736167655f636f6c6f727c733a373a2273756363657373223b),
('763a2f98a1ddac4114faa3905849d26a5e9d8d5e', '127.0.0.1', 1498651469, 0x5f5f63695f6c6173745f726567656e65726174657c693a313439383635313433313b6964656e746974797c733a32353a22616e67656c2e62657261737561696e40676d61696c2e636f6d223b656d61696c7c733a32353a22616e67656c2e62657261737561696e40676d61696c2e636f6d223b757365725f69647c733a313a2232223b6f6c645f6c6173745f6c6f67696e7c733a31303a2231343938363337393338223b),
('76ab12e769802944fcea68a2601da8cb6a982f93', '127.0.0.1', 1498841949, 0x5f5f63695f6c6173745f726567656e65726174657c693a313439383834313933343b6964656e746974797c733a32353a22616e67656c2e62657261737561696e40676d61696c2e636f6d223b656d61696c7c733a32353a22616e67656c2e62657261737561696e40676d61696c2e636f6d223b757365725f69647c733a313a2232223b6f6c645f6c6173745f6c6f67696e7c733a31303a2231343938383131313837223b696e6d7565626c65735f6275736361646f725f63657274696669636163696f6e5f656e65726765746963615f69647c4e3b696e6d7565626c65735f6275736361646f725f70726f76696e6369615f69647c4e3b696e6d7565626c65735f6275736361646f725f706f626c6163696f6e5f69647c4e3b696e6d7565626c65735f6275736361646f725f7a6f6e615f69647c4e3b696e6d7565626c65735f6275736361646f725f7469706f5f69647c4e3b696e6d7565626c65735f6275736361646f725f65737461646f5f69647c4e3b696e6d7565626c65735f6275736361646f725f6361707461646f725f69647c4e3b696e6d7565626c65735f6275736361646f725f6f66657274615f69647c4e3b696e6d7565626c65735f6275736361646f725f6d6f64696669636163696f6e5f70726563696f5f69647c4e3b696e6d7565626c65735f6275736361646f725f7075626c696361646f5f69647c4e3b696e6d7565626c65735f6275736361646f725f64657374616361646f5f69647c4e3b696e6d7565626c65735f6275736361646f725f6f706f7274756e696461645f69647c4e3b696e6d7565626c65735f6275736361646f725f66656368615f64657364657c4e3b696e6d7565626c65735f6275736361646f725f66656368615f68617374617c4e3b696e6d7565626c65735f6275736361646f725f62616e696f735f64657364657c4e3b696e6d7565626c65735f6275736361646f725f62616e696f735f68617374617c4e3b696e6d7565626c65735f6275736361646f725f68616269746163696f6e65735f64657364657c4e3b696e6d7565626c65735f6275736361646f725f68616269746163696f6e65735f68617374617c4e3b696e6d7565626c65735f6275736361646f725f6d6574726f735f64657364657c4e3b696e6d7565626c65735f6275736361646f725f6d6574726f735f68617374617c4e3b696e6d7565626c65735f6275736361646f725f70726563696f735f64657364657c4e3b696e6d7565626c65735f6275736361646f725f70726563696f735f68617374617c4e3b),
('770d527a859ef85c0d98c9bcb4cce16028bd0588', '127.0.0.1', 1499078914, 0x5f5f63695f6c6173745f726567656e65726174657c693a313439393037383633323b6964656e746974797c733a32353a22616e67656c2e62657261737561696e40676d61696c2e636f6d223b656d61696c7c733a32353a22616e67656c2e62657261737561696e40676d61696c2e636f6d223b757365725f69647c733a313a2232223b6f6c645f6c6173745f6c6f67696e7c733a31303a2231343938393031343831223b636c69656e7465735f6275736361646f725f70726f76696e6369615f69647c4e3b636c69656e7465735f6275736361646f725f706f626c6163696f6e5f69647c4e3b636c69656e7465735f6275736361646f725f706169735f69647c4e3b636c69656e7465735f6275736361646f725f65737461646f5f69647c4e3b636c69656e7465735f6275736361646f725f6167656e74655f617369676e61646f5f69647c4e3b636c69656e7465735f6275736361646f725f696e74657265735f69647c4e3b636c69656e7465735f6275736361646f725f66656368615f64657364657c4e3b636c69656e7465735f6275736361646f725f66656368615f68617374617c4e3b696e6d7565626c65735f6275736361646f725f63657274696669636163696f6e5f656e65726765746963615f69647c4e3b696e6d7565626c65735f6275736361646f725f70726f76696e6369615f69647c4e3b696e6d7565626c65735f6275736361646f725f706f626c6163696f6e5f69647c4e3b696e6d7565626c65735f6275736361646f725f7a6f6e615f69647c4e3b696e6d7565626c65735f6275736361646f725f7469706f5f69647c4e3b696e6d7565626c65735f6275736361646f725f65737461646f5f69647c4e3b696e6d7565626c65735f6275736361646f725f6361707461646f725f69647c4e3b696e6d7565626c65735f6275736361646f725f6f66657274615f69647c4e3b696e6d7565626c65735f6275736361646f725f6d6f64696669636163696f6e5f70726563696f5f69647c4e3b696e6d7565626c65735f6275736361646f725f7075626c696361646f5f69647c4e3b696e6d7565626c65735f6275736361646f725f64657374616361646f5f69647c4e3b696e6d7565626c65735f6275736361646f725f6f706f7274756e696461645f69647c4e3b696e6d7565626c65735f6275736361646f725f66656368615f64657364657c4e3b696e6d7565626c65735f6275736361646f725f66656368615f68617374617c4e3b696e6d7565626c65735f6275736361646f725f62616e696f735f64657364657c4e3b696e6d7565626c65735f6275736361646f725f62616e696f735f68617374617c4e3b696e6d7565626c65735f6275736361646f725f68616269746163696f6e65735f64657364657c4e3b696e6d7565626c65735f6275736361646f725f68616269746163696f6e65735f68617374617c4e3b696e6d7565626c65735f6275736361646f725f6d6574726f735f64657364657c4e3b696e6d7565626c65735f6275736361646f725f6d6574726f735f68617374617c4e3b696e6d7565626c65735f6275736361646f725f70726563696f735f64657364657c4e3b696e6d7565626c65735f6275736361646f725f70726563696f735f68617374617c4e3b6d6573736167657c733a3235343a224861206d6f646966696361646f206c612075726c2d73656f2067656e6572616461207061726120656c2063c3b36469676f2051522064656c2063617274656c2061637475616c2e20416c2064656a61726c6f20766163c3ad6f206465626572c3a12071756974617220656c2063617274656c2064656c2065736361706172617465207369207961206c6f2074656ec3ad6120636f6c6761646f2e20536920646573656120636f6c676172207075626c6963617220756e6f206e7565766f2c207675656c766120612063756d706c696d656e746172206c612075726c2d73656f20792067656e6572617220656c2063617274656c206e756576616d656e7465223b5f5f63695f766172737c613a313a7b733a373a226d657373616765223b733a333a226f6c64223b7d),
('7717b8774859a52af90ffce2510d85b34d7c20da', '127.0.0.1', 1498813153, 0x5f5f63695f6c6173745f726567656e65726174657c693a313439383831323933363b6964656e746974797c733a32353a22616e67656c2e62657261737561696e40676d61696c2e636f6d223b656d61696c7c733a32353a22616e67656c2e62657261737561696e40676d61696c2e636f6d223b757365725f69647c733a313a2232223b6f6c645f6c6173745f6c6f67696e7c733a31303a2231343938373534333233223b),
('7828a79f0ad069e7134b3d770b63861fa0122673', '127.0.0.1', 1498844374, 0x5f5f63695f6c6173745f726567656e65726174657c693a313439383834343337333b6964656e746974797c733a32353a22616e67656c2e62657261737561696e40676d61696c2e636f6d223b656d61696c7c733a32353a22616e67656c2e62657261737561696e40676d61696c2e636f6d223b757365725f69647c733a313a2232223b6f6c645f6c6173745f6c6f67696e7c733a31303a2231343938383131313837223b696e6d7565626c65735f6275736361646f725f63657274696669636163696f6e5f656e65726765746963615f69647c4e3b696e6d7565626c65735f6275736361646f725f70726f76696e6369615f69647c4e3b696e6d7565626c65735f6275736361646f725f706f626c6163696f6e5f69647c4e3b696e6d7565626c65735f6275736361646f725f7a6f6e615f69647c4e3b696e6d7565626c65735f6275736361646f725f7469706f5f69647c4e3b696e6d7565626c65735f6275736361646f725f65737461646f5f69647c4e3b696e6d7565626c65735f6275736361646f725f6361707461646f725f69647c4e3b696e6d7565626c65735f6275736361646f725f6f66657274615f69647c4e3b696e6d7565626c65735f6275736361646f725f6d6f64696669636163696f6e5f70726563696f5f69647c4e3b696e6d7565626c65735f6275736361646f725f7075626c696361646f5f69647c4e3b696e6d7565626c65735f6275736361646f725f64657374616361646f5f69647c4e3b696e6d7565626c65735f6275736361646f725f6f706f7274756e696461645f69647c4e3b696e6d7565626c65735f6275736361646f725f66656368615f64657364657c4e3b696e6d7565626c65735f6275736361646f725f66656368615f68617374617c4e3b696e6d7565626c65735f6275736361646f725f62616e696f735f64657364657c4e3b696e6d7565626c65735f6275736361646f725f62616e696f735f68617374617c4e3b696e6d7565626c65735f6275736361646f725f68616269746163696f6e65735f64657364657c4e3b696e6d7565626c65735f6275736361646f725f68616269746163696f6e65735f68617374617c4e3b696e6d7565626c65735f6275736361646f725f6d6574726f735f64657364657c4e3b696e6d7565626c65735f6275736361646f725f6d6574726f735f68617374617c4e3b696e6d7565626c65735f6275736361646f725f70726563696f735f64657364657c4e3b696e6d7565626c65735f6275736361646f725f70726563696f735f68617374617c4e3b),
('788255696a74b0e548da2421d942d64f7eb5ecd6', '127.0.0.1', 1498668396, 0x5f5f63695f6c6173745f726567656e65726174657c693a313439383636383339363b),
('78b3cd23c4623e5be48b9f4baa52ca6a98cd83ca', '127.0.0.1', 1498843361, 0x5f5f63695f6c6173745f726567656e65726174657c693a313439383834333038343b6964656e746974797c733a32353a22616e67656c2e62657261737561696e40676d61696c2e636f6d223b656d61696c7c733a32353a22616e67656c2e62657261737561696e40676d61696c2e636f6d223b757365725f69647c733a313a2232223b6f6c645f6c6173745f6c6f67696e7c733a31303a2231343938383131313837223b696e6d7565626c65735f6275736361646f725f63657274696669636163696f6e5f656e65726765746963615f69647c4e3b696e6d7565626c65735f6275736361646f725f70726f76696e6369615f69647c4e3b696e6d7565626c65735f6275736361646f725f706f626c6163696f6e5f69647c4e3b696e6d7565626c65735f6275736361646f725f7a6f6e615f69647c4e3b696e6d7565626c65735f6275736361646f725f7469706f5f69647c4e3b696e6d7565626c65735f6275736361646f725f65737461646f5f69647c4e3b696e6d7565626c65735f6275736361646f725f6361707461646f725f69647c4e3b696e6d7565626c65735f6275736361646f725f6f66657274615f69647c4e3b696e6d7565626c65735f6275736361646f725f6d6f64696669636163696f6e5f70726563696f5f69647c4e3b696e6d7565626c65735f6275736361646f725f7075626c696361646f5f69647c4e3b696e6d7565626c65735f6275736361646f725f64657374616361646f5f69647c4e3b696e6d7565626c65735f6275736361646f725f6f706f7274756e696461645f69647c4e3b696e6d7565626c65735f6275736361646f725f66656368615f64657364657c4e3b696e6d7565626c65735f6275736361646f725f66656368615f68617374617c4e3b696e6d7565626c65735f6275736361646f725f62616e696f735f64657364657c4e3b696e6d7565626c65735f6275736361646f725f62616e696f735f68617374617c4e3b696e6d7565626c65735f6275736361646f725f68616269746163696f6e65735f64657364657c4e3b696e6d7565626c65735f6275736361646f725f68616269746163696f6e65735f68617374617c4e3b696e6d7565626c65735f6275736361646f725f6d6574726f735f64657364657c4e3b696e6d7565626c65735f6275736361646f725f6d6574726f735f68617374617c4e3b696e6d7565626c65735f6275736361646f725f70726563696f735f64657364657c4e3b696e6d7565626c65735f6275736361646f725f70726563696f735f68617374617c4e3b),
('7a1ba0dad798029608c1eff7e067b6a27843131d', '127.0.0.1', 1498726870, 0x5f5f63695f6c6173745f726567656e65726174657c693a313439383732363836303b6964656e746974797c733a32353a22616e67656c2e62657261737561696e40676d61696c2e636f6d223b656d61696c7c733a32353a22616e67656c2e62657261737561696e40676d61696c2e636f6d223b757365725f69647c733a313a2232223b6f6c645f6c6173745f6c6f67696e7c733a31303a2231343938363635363937223b696e6d7565626c65735f6275736361646f725f63657274696669636163696f6e5f656e65726765746963615f69647c4e3b696e6d7565626c65735f6275736361646f725f70726f76696e6369615f69647c4e3b696e6d7565626c65735f6275736361646f725f706f626c6163696f6e5f69647c4e3b696e6d7565626c65735f6275736361646f725f7a6f6e615f69647c4e3b696e6d7565626c65735f6275736361646f725f7469706f5f69647c4e3b696e6d7565626c65735f6275736361646f725f65737461646f5f69647c4e3b696e6d7565626c65735f6275736361646f725f6361707461646f725f69647c4e3b696e6d7565626c65735f6275736361646f725f6f66657274615f69647c4e3b696e6d7565626c65735f6275736361646f725f6d6f64696669636163696f6e5f70726563696f5f69647c4e3b696e6d7565626c65735f6275736361646f725f7075626c696361646f5f69647c4e3b696e6d7565626c65735f6275736361646f725f64657374616361646f5f69647c4e3b696e6d7565626c65735f6275736361646f725f6f706f7274756e696461645f69647c4e3b696e6d7565626c65735f6275736361646f725f66656368615f64657364657c4e3b696e6d7565626c65735f6275736361646f725f66656368615f68617374617c4e3b696e6d7565626c65735f6275736361646f725f62616e696f735f64657364657c4e3b696e6d7565626c65735f6275736361646f725f62616e696f735f68617374617c4e3b696e6d7565626c65735f6275736361646f725f68616269746163696f6e65735f64657364657c4e3b696e6d7565626c65735f6275736361646f725f68616269746163696f6e65735f68617374617c4e3b696e6d7565626c65735f6275736361646f725f6d6574726f735f64657364657c4e3b696e6d7565626c65735f6275736361646f725f6d6574726f735f68617374617c4e3b696e6d7565626c65735f6275736361646f725f70726563696f735f64657364657c4e3b696e6d7565626c65735f6275736361646f725f70726563696f735f68617374617c4e3b),
('7b5bbd76fd7d79f7f92aa7a530d27ffb86c25923', '127.0.0.1', 1498759221, 0x5f5f63695f6c6173745f726567656e65726174657c693a313439383735383932373b6964656e746974797c733a32353a22616e67656c2e62657261737561696e40676d61696c2e636f6d223b656d61696c7c733a32353a22616e67656c2e62657261737561696e40676d61696c2e636f6d223b757365725f69647c733a313a2232223b6f6c645f6c6173745f6c6f67696e7c733a31303a2231343938373339373939223b696e6d7565626c65735f6275736361646f725f63657274696669636163696f6e5f656e65726765746963615f69647c4e3b696e6d7565626c65735f6275736361646f725f70726f76696e6369615f69647c4e3b696e6d7565626c65735f6275736361646f725f706f626c6163696f6e5f69647c4e3b696e6d7565626c65735f6275736361646f725f7a6f6e615f69647c4e3b696e6d7565626c65735f6275736361646f725f7469706f5f69647c4e3b696e6d7565626c65735f6275736361646f725f65737461646f5f69647c4e3b696e6d7565626c65735f6275736361646f725f6361707461646f725f69647c4e3b696e6d7565626c65735f6275736361646f725f6f66657274615f69647c4e3b696e6d7565626c65735f6275736361646f725f6d6f64696669636163696f6e5f70726563696f5f69647c4e3b696e6d7565626c65735f6275736361646f725f7075626c696361646f5f69647c4e3b696e6d7565626c65735f6275736361646f725f64657374616361646f5f69647c4e3b696e6d7565626c65735f6275736361646f725f6f706f7274756e696461645f69647c4e3b696e6d7565626c65735f6275736361646f725f66656368615f64657364657c4e3b696e6d7565626c65735f6275736361646f725f66656368615f68617374617c4e3b696e6d7565626c65735f6275736361646f725f62616e696f735f64657364657c4e3b696e6d7565626c65735f6275736361646f725f62616e696f735f68617374617c4e3b696e6d7565626c65735f6275736361646f725f68616269746163696f6e65735f64657364657c4e3b696e6d7565626c65735f6275736361646f725f68616269746163696f6e65735f68617374617c4e3b696e6d7565626c65735f6275736361646f725f6d6574726f735f64657364657c4e3b696e6d7565626c65735f6275736361646f725f6d6574726f735f68617374617c4e3b696e6d7565626c65735f6275736361646f725f70726563696f735f64657364657c4e3b696e6d7565626c65735f6275736361646f725f70726563696f735f68617374617c4e3b),
('7ce297e530d282ac9f1797f0a58b54dfb48c7e53', '127.0.0.1', 1498807429, 0x5f5f63695f6c6173745f726567656e65726174657c693a313439383830373432393b),
('7d6eb839aeb972b25742e39926308a017d3f8462', '127.0.0.1', 1499168784, 0x5f5f63695f6c6173745f726567656e65726174657c693a313439393136383532343b6964656e746974797c733a32353a22616e67656c2e62657261737561696e40676d61696c2e636f6d223b656d61696c7c733a32353a22616e67656c2e62657261737561696e40676d61696c2e636f6d223b757365725f69647c733a313a2232223b6f6c645f6c6173745f6c6f67696e7c733a31303a2231343939303733333832223b64656d616e6461735f6275736361646f725f63657274696669636163696f6e5f656e65726765746963615f69647c4e3b64656d616e6461735f6275736361646f725f70726f76696e6369615f69647c4e3b64656d616e6461735f6275736361646f725f706f626c6163696f6e5f69647c4e3b64656d616e6461735f6275736361646f725f7a6f6e615f69647c4e3b64656d616e6461735f6275736361646f725f7469706f5f69647c4e3b64656d616e6461735f6275736361646f725f65737461646f5f69647c4e3b64656d616e6461735f6275736361646f725f6167656e74655f617369676e61646f5f69647c4e3b64656d616e6461735f6275736361646f725f636c69656e74655f69647c4e3b64656d616e6461735f6275736361646f725f6f66657274615f69647c4e3b64656d616e6461735f6275736361646f725f7469706f5f64656d616e64615f69647c4e3b64656d616e6461735f6275736361646f725f66656368615f64657364657c4e3b64656d616e6461735f6275736361646f725f66656368615f68617374617c4e3b64656d616e6461735f6275736361646f725f62616e696f735f64657364657c4e3b64656d616e6461735f6275736361646f725f62616e696f735f68617374617c4e3b64656d616e6461735f6275736361646f725f68616269746163696f6e65735f64657364657c4e3b64656d616e6461735f6275736361646f725f68616269746163696f6e65735f68617374617c4e3b64656d616e6461735f6275736361646f725f6d6574726f735f64657364657c4e3b64656d616e6461735f6275736361646f725f6d6574726f735f68617374617c4e3b64656d616e6461735f6275736361646f725f70726563696f735f64657364657c4e3b64656d616e6461735f6275736361646f725f70726563696f735f68617374617c4e3b6d6573736167657c733a32373a22446f63756d656e746f2063726561646f20636f6e20c3a97869746f223b5f5f63695f766172737c613a323a7b733a373a226d657373616765223b733a333a226f6c64223b733a31333a226d6573736167655f636f6c6f72223b733a333a226f6c64223b7d6d6573736167655f636f6c6f727c733a373a2273756363657373223b),
('87224ebd7c25465ac41b8a615fe6282ea0bd4a54', '127.0.0.1', 1498818850, 0x5f5f63695f6c6173745f726567656e65726174657c693a313439383831383834393b6964656e746974797c733a32353a22616e67656c2e62657261737561696e40676d61696c2e636f6d223b656d61696c7c733a32353a22616e67656c2e62657261737561696e40676d61696c2e636f6d223b757365725f69647c733a313a2232223b6f6c645f6c6173745f6c6f67696e7c733a31303a2231343938373534333233223b696e6d7565626c65735f6275736361646f725f63657274696669636163696f6e5f656e65726765746963615f69647c4e3b696e6d7565626c65735f6275736361646f725f70726f76696e6369615f69647c4e3b696e6d7565626c65735f6275736361646f725f706f626c6163696f6e5f69647c4e3b696e6d7565626c65735f6275736361646f725f7a6f6e615f69647c4e3b696e6d7565626c65735f6275736361646f725f7469706f5f69647c4e3b696e6d7565626c65735f6275736361646f725f65737461646f5f69647c4e3b696e6d7565626c65735f6275736361646f725f6361707461646f725f69647c4e3b696e6d7565626c65735f6275736361646f725f6f66657274615f69647c4e3b696e6d7565626c65735f6275736361646f725f6d6f64696669636163696f6e5f70726563696f5f69647c4e3b696e6d7565626c65735f6275736361646f725f7075626c696361646f5f69647c4e3b696e6d7565626c65735f6275736361646f725f64657374616361646f5f69647c4e3b696e6d7565626c65735f6275736361646f725f6f706f7274756e696461645f69647c4e3b696e6d7565626c65735f6275736361646f725f66656368615f64657364657c4e3b696e6d7565626c65735f6275736361646f725f66656368615f68617374617c4e3b696e6d7565626c65735f6275736361646f725f62616e696f735f64657364657c4e3b696e6d7565626c65735f6275736361646f725f62616e696f735f68617374617c4e3b696e6d7565626c65735f6275736361646f725f68616269746163696f6e65735f64657364657c4e3b696e6d7565626c65735f6275736361646f725f68616269746163696f6e65735f68617374617c4e3b696e6d7565626c65735f6275736361646f725f6d6574726f735f64657364657c4e3b696e6d7565626c65735f6275736361646f725f6d6574726f735f68617374617c4e3b696e6d7565626c65735f6275736361646f725f70726563696f735f64657364657c4e3b696e6d7565626c65735f6275736361646f725f70726563696f735f68617374617c4e3b),
('878caef0599bb978b52083f0f971949c42323a2c', '127.0.0.1', 1498812227, 0x5f5f63695f6c6173745f726567656e65726174657c693a313439383831323232373b),
('886495b9b2825958bf656e3d6facb0392be6858e', '127.0.0.1', 1498584067, 0x5f5f63695f6c6173745f726567656e65726174657c693a313439383538343036373b),
('8abb8eb89f4d5132dd41f10e0ece5770dd40f292', '127.0.0.1', 1498906996, 0x5f5f63695f6c6173745f726567656e65726174657c693a313439383930363834363b6964656e746974797c733a32353a22616e67656c2e62657261737561696e40676d61696c2e636f6d223b656d61696c7c733a32353a22616e67656c2e62657261737561696e40676d61696c2e636f6d223b757365725f69647c733a313a2232223b6f6c645f6c6173745f6c6f67696e7c733a31303a2231343938383430353330223b696e6d7565626c65735f6275736361646f725f63657274696669636163696f6e5f656e65726765746963615f69647c4e3b696e6d7565626c65735f6275736361646f725f70726f76696e6369615f69647c4e3b696e6d7565626c65735f6275736361646f725f706f626c6163696f6e5f69647c4e3b696e6d7565626c65735f6275736361646f725f7a6f6e615f69647c4e3b696e6d7565626c65735f6275736361646f725f7469706f5f69647c4e3b696e6d7565626c65735f6275736361646f725f65737461646f5f69647c4e3b696e6d7565626c65735f6275736361646f725f6361707461646f725f69647c4e3b696e6d7565626c65735f6275736361646f725f6f66657274615f69647c4e3b696e6d7565626c65735f6275736361646f725f6d6f64696669636163696f6e5f70726563696f5f69647c4e3b696e6d7565626c65735f6275736361646f725f7075626c696361646f5f69647c4e3b696e6d7565626c65735f6275736361646f725f64657374616361646f5f69647c4e3b696e6d7565626c65735f6275736361646f725f6f706f7274756e696461645f69647c4e3b696e6d7565626c65735f6275736361646f725f66656368615f64657364657c4e3b696e6d7565626c65735f6275736361646f725f66656368615f68617374617c4e3b696e6d7565626c65735f6275736361646f725f62616e696f735f64657364657c4e3b696e6d7565626c65735f6275736361646f725f62616e696f735f68617374617c4e3b696e6d7565626c65735f6275736361646f725f68616269746163696f6e65735f64657364657c4e3b696e6d7565626c65735f6275736361646f725f68616269746163696f6e65735f68617374617c4e3b696e6d7565626c65735f6275736361646f725f6d6574726f735f64657364657c4e3b696e6d7565626c65735f6275736361646f725f6d6574726f735f68617374617c4e3b696e6d7565626c65735f6275736361646f725f70726563696f735f64657364657c4e3b696e6d7565626c65735f6275736361646f725f70726563696f735f68617374617c4e3b),
('8db19cb68a70c6ce696db5e8dc379d2bbf61f0f8', '127.0.0.1', 1498745833, 0x5f5f63695f6c6173745f726567656e65726174657c693a313439383734353833333b),
('957da2d49dddefefca8b70ef2391b23026ad0308', '127.0.0.1', 1499080853, 0x5f5f63695f6c6173745f726567656e65726174657c693a313439393038303835333b),
('9d4212374316be939e1e1c48acff2bcd20e50140', '127.0.0.1', 1498828269, 0x5f5f63695f6c6173745f726567656e65726174657c693a313439383832383236393b),
('9d8cf45a49211f2d77cfce2dcdec95106181e3ef', '127.0.0.1', 1498739235, 0x5f5f63695f6c6173745f726567656e65726174657c693a313439383733393233353b),
('9ed53006570b91bb90563263e91b5a7e04145c93', '127.0.0.1', 1499073049, 0x5f5f63695f6c6173745f726567656e65726174657c693a313439393037333034393b),
('9ed6e00a88b62f9269cff92023192c61eacc9656', '127.0.0.1', 1498820500, 0x5f5f63695f6c6173745f726567656e65726174657c693a313439383832303335363b6964656e746974797c733a32353a22616e67656c2e62657261737561696e40676d61696c2e636f6d223b656d61696c7c733a32353a22616e67656c2e62657261737561696e40676d61696c2e636f6d223b757365725f69647c733a313a2232223b6f6c645f6c6173745f6c6f67696e7c733a31303a2231343938373534333233223b696e6d7565626c65735f6275736361646f725f63657274696669636163696f6e5f656e65726765746963615f69647c4e3b696e6d7565626c65735f6275736361646f725f70726f76696e6369615f69647c4e3b696e6d7565626c65735f6275736361646f725f706f626c6163696f6e5f69647c4e3b696e6d7565626c65735f6275736361646f725f7a6f6e615f69647c4e3b696e6d7565626c65735f6275736361646f725f7469706f5f69647c4e3b696e6d7565626c65735f6275736361646f725f65737461646f5f69647c4e3b696e6d7565626c65735f6275736361646f725f6361707461646f725f69647c4e3b696e6d7565626c65735f6275736361646f725f6f66657274615f69647c4e3b696e6d7565626c65735f6275736361646f725f6d6f64696669636163696f6e5f70726563696f5f69647c4e3b696e6d7565626c65735f6275736361646f725f7075626c696361646f5f69647c4e3b696e6d7565626c65735f6275736361646f725f64657374616361646f5f69647c4e3b696e6d7565626c65735f6275736361646f725f6f706f7274756e696461645f69647c4e3b696e6d7565626c65735f6275736361646f725f66656368615f64657364657c4e3b696e6d7565626c65735f6275736361646f725f66656368615f68617374617c4e3b696e6d7565626c65735f6275736361646f725f62616e696f735f64657364657c4e3b696e6d7565626c65735f6275736361646f725f62616e696f735f68617374617c4e3b696e6d7565626c65735f6275736361646f725f68616269746163696f6e65735f64657364657c4e3b696e6d7565626c65735f6275736361646f725f68616269746163696f6e65735f68617374617c4e3b696e6d7565626c65735f6275736361646f725f6d6574726f735f64657364657c4e3b696e6d7565626c65735f6275736361646f725f6d6574726f735f68617374617c4e3b696e6d7565626c65735f6275736361646f725f70726563696f735f64657364657c4e3b696e6d7565626c65735f6275736361646f725f70726563696f735f68617374617c4e3b),
('9fcde1fb76dd3134def3c94f154fd4f0d76e2854', '127.0.0.1', 1498841429, 0x5f5f63695f6c6173745f726567656e65726174657c693a313439383834313135323b6964656e746974797c733a32353a22616e67656c2e62657261737561696e40676d61696c2e636f6d223b656d61696c7c733a32353a22616e67656c2e62657261737561696e40676d61696c2e636f6d223b757365725f69647c733a313a2232223b6f6c645f6c6173745f6c6f67696e7c733a31303a2231343938383131313837223b696e6d7565626c65735f6275736361646f725f63657274696669636163696f6e5f656e65726765746963615f69647c4e3b696e6d7565626c65735f6275736361646f725f70726f76696e6369615f69647c4e3b696e6d7565626c65735f6275736361646f725f706f626c6163696f6e5f69647c4e3b696e6d7565626c65735f6275736361646f725f7a6f6e615f69647c4e3b696e6d7565626c65735f6275736361646f725f7469706f5f69647c4e3b696e6d7565626c65735f6275736361646f725f65737461646f5f69647c4e3b696e6d7565626c65735f6275736361646f725f6361707461646f725f69647c4e3b696e6d7565626c65735f6275736361646f725f6f66657274615f69647c4e3b696e6d7565626c65735f6275736361646f725f6d6f64696669636163696f6e5f70726563696f5f69647c4e3b696e6d7565626c65735f6275736361646f725f7075626c696361646f5f69647c4e3b696e6d7565626c65735f6275736361646f725f64657374616361646f5f69647c4e3b696e6d7565626c65735f6275736361646f725f6f706f7274756e696461645f69647c4e3b696e6d7565626c65735f6275736361646f725f66656368615f64657364657c4e3b696e6d7565626c65735f6275736361646f725f66656368615f68617374617c4e3b696e6d7565626c65735f6275736361646f725f62616e696f735f64657364657c4e3b696e6d7565626c65735f6275736361646f725f62616e696f735f68617374617c4e3b696e6d7565626c65735f6275736361646f725f68616269746163696f6e65735f64657364657c4e3b696e6d7565626c65735f6275736361646f725f68616269746163696f6e65735f68617374617c4e3b696e6d7565626c65735f6275736361646f725f6d6574726f735f64657364657c4e3b696e6d7565626c65735f6275736361646f725f6d6574726f735f68617374617c4e3b696e6d7565626c65735f6275736361646f725f70726563696f735f64657364657c4e3b696e6d7565626c65735f6275736361646f725f70726563696f735f68617374617c4e3b),
('a0408eadd30ba0e56f769891cff8c130ca7965e7', '127.0.0.1', 1498907762, 0x5f5f63695f6c6173745f726567656e65726174657c693a313439383930373731363b6964656e746974797c733a32353a22616e67656c2e62657261737561696e40676d61696c2e636f6d223b656d61696c7c733a32353a22616e67656c2e62657261737561696e40676d61696c2e636f6d223b757365725f69647c733a313a2232223b6f6c645f6c6173745f6c6f67696e7c733a31303a2231343938383430353330223b696e6d7565626c65735f6275736361646f725f63657274696669636163696f6e5f656e65726765746963615f69647c4e3b696e6d7565626c65735f6275736361646f725f70726f76696e6369615f69647c4e3b696e6d7565626c65735f6275736361646f725f706f626c6163696f6e5f69647c4e3b696e6d7565626c65735f6275736361646f725f7a6f6e615f69647c4e3b696e6d7565626c65735f6275736361646f725f7469706f5f69647c4e3b696e6d7565626c65735f6275736361646f725f65737461646f5f69647c4e3b696e6d7565626c65735f6275736361646f725f6361707461646f725f69647c4e3b696e6d7565626c65735f6275736361646f725f6f66657274615f69647c4e3b696e6d7565626c65735f6275736361646f725f6d6f64696669636163696f6e5f70726563696f5f69647c4e3b696e6d7565626c65735f6275736361646f725f7075626c696361646f5f69647c4e3b696e6d7565626c65735f6275736361646f725f64657374616361646f5f69647c4e3b696e6d7565626c65735f6275736361646f725f6f706f7274756e696461645f69647c4e3b696e6d7565626c65735f6275736361646f725f66656368615f64657364657c4e3b696e6d7565626c65735f6275736361646f725f66656368615f68617374617c4e3b696e6d7565626c65735f6275736361646f725f62616e696f735f64657364657c4e3b696e6d7565626c65735f6275736361646f725f62616e696f735f68617374617c4e3b696e6d7565626c65735f6275736361646f725f68616269746163696f6e65735f64657364657c4e3b696e6d7565626c65735f6275736361646f725f68616269746163696f6e65735f68617374617c4e3b696e6d7565626c65735f6275736361646f725f6d6574726f735f64657364657c4e3b696e6d7565626c65735f6275736361646f725f6d6574726f735f68617374617c4e3b696e6d7565626c65735f6275736361646f725f70726563696f735f64657364657c4e3b696e6d7565626c65735f6275736361646f725f70726563696f735f68617374617c4e3b),
('a135726c4b8c13323b428a2571cb072966c62677', '127.0.0.1', 1498633986, 0x5f5f63695f6c6173745f726567656e65726174657c693a313439383633333938363b),
('a15dd8d918c1d62c612552e5da2ea974f18a25af', '127.0.0.1', 1499079084, 0x5f5f63695f6c6173745f726567656e65726174657c693a313439393037383939313b6964656e746974797c733a32353a22616e67656c2e62657261737561696e40676d61696c2e636f6d223b656d61696c7c733a32353a22616e67656c2e62657261737561696e40676d61696c2e636f6d223b757365725f69647c733a313a2232223b6f6c645f6c6173745f6c6f67696e7c733a31303a2231343938393031343831223b636c69656e7465735f6275736361646f725f70726f76696e6369615f69647c4e3b636c69656e7465735f6275736361646f725f706f626c6163696f6e5f69647c4e3b636c69656e7465735f6275736361646f725f706169735f69647c4e3b636c69656e7465735f6275736361646f725f65737461646f5f69647c4e3b636c69656e7465735f6275736361646f725f6167656e74655f617369676e61646f5f69647c4e3b636c69656e7465735f6275736361646f725f696e74657265735f69647c4e3b636c69656e7465735f6275736361646f725f66656368615f64657364657c4e3b636c69656e7465735f6275736361646f725f66656368615f68617374617c4e3b696e6d7565626c65735f6275736361646f725f63657274696669636163696f6e5f656e65726765746963615f69647c4e3b696e6d7565626c65735f6275736361646f725f70726f76696e6369615f69647c4e3b696e6d7565626c65735f6275736361646f725f706f626c6163696f6e5f69647c4e3b696e6d7565626c65735f6275736361646f725f7a6f6e615f69647c4e3b696e6d7565626c65735f6275736361646f725f7469706f5f69647c4e3b696e6d7565626c65735f6275736361646f725f65737461646f5f69647c4e3b696e6d7565626c65735f6275736361646f725f6361707461646f725f69647c4e3b696e6d7565626c65735f6275736361646f725f6f66657274615f69647c4e3b696e6d7565626c65735f6275736361646f725f6d6f64696669636163696f6e5f70726563696f5f69647c4e3b696e6d7565626c65735f6275736361646f725f7075626c696361646f5f69647c4e3b696e6d7565626c65735f6275736361646f725f64657374616361646f5f69647c4e3b696e6d7565626c65735f6275736361646f725f6f706f7274756e696461645f69647c4e3b696e6d7565626c65735f6275736361646f725f66656368615f64657364657c4e3b696e6d7565626c65735f6275736361646f725f66656368615f68617374617c4e3b696e6d7565626c65735f6275736361646f725f62616e696f735f64657364657c4e3b696e6d7565626c65735f6275736361646f725f62616e696f735f68617374617c4e3b696e6d7565626c65735f6275736361646f725f68616269746163696f6e65735f64657364657c4e3b696e6d7565626c65735f6275736361646f725f68616269746163696f6e65735f68617374617c4e3b696e6d7565626c65735f6275736361646f725f6d6574726f735f64657364657c4e3b696e6d7565626c65735f6275736361646f725f6d6574726f735f68617374617c4e3b696e6d7565626c65735f6275736361646f725f70726563696f735f64657364657c4e3b696e6d7565626c65735f6275736361646f725f70726563696f735f68617374617c4e3b),
('a19eab6d49aca8c0c1122ef122e37d849153fc5b', '127.0.0.1', 1498845836, 0x5f5f63695f6c6173745f726567656e65726174657c693a313439383834353733323b6964656e746974797c733a32353a22616e67656c2e62657261737561696e40676d61696c2e636f6d223b656d61696c7c733a32353a22616e67656c2e62657261737561696e40676d61696c2e636f6d223b757365725f69647c733a313a2232223b6f6c645f6c6173745f6c6f67696e7c733a31303a2231343938383131313837223b696e6d7565626c65735f6275736361646f725f63657274696669636163696f6e5f656e65726765746963615f69647c4e3b696e6d7565626c65735f6275736361646f725f70726f76696e6369615f69647c4e3b696e6d7565626c65735f6275736361646f725f706f626c6163696f6e5f69647c4e3b696e6d7565626c65735f6275736361646f725f7a6f6e615f69647c4e3b696e6d7565626c65735f6275736361646f725f7469706f5f69647c4e3b696e6d7565626c65735f6275736361646f725f65737461646f5f69647c4e3b696e6d7565626c65735f6275736361646f725f6361707461646f725f69647c4e3b696e6d7565626c65735f6275736361646f725f6f66657274615f69647c4e3b696e6d7565626c65735f6275736361646f725f6d6f64696669636163696f6e5f70726563696f5f69647c4e3b696e6d7565626c65735f6275736361646f725f7075626c696361646f5f69647c4e3b696e6d7565626c65735f6275736361646f725f64657374616361646f5f69647c4e3b696e6d7565626c65735f6275736361646f725f6f706f7274756e696461645f69647c4e3b696e6d7565626c65735f6275736361646f725f66656368615f64657364657c4e3b696e6d7565626c65735f6275736361646f725f66656368615f68617374617c4e3b696e6d7565626c65735f6275736361646f725f62616e696f735f64657364657c4e3b696e6d7565626c65735f6275736361646f725f62616e696f735f68617374617c4e3b696e6d7565626c65735f6275736361646f725f68616269746163696f6e65735f64657364657c4e3b696e6d7565626c65735f6275736361646f725f68616269746163696f6e65735f68617374617c4e3b696e6d7565626c65735f6275736361646f725f6d6574726f735f64657364657c4e3b696e6d7565626c65735f6275736361646f725f6d6574726f735f68617374617c4e3b696e6d7565626c65735f6275736361646f725f70726563696f735f64657364657c4e3b696e6d7565626c65735f6275736361646f725f70726563696f735f68617374617c4e3b6d6573736167657c733a32373a22446f63756d656e746f2063726561646f20636f6e20c3a97869746f223b5f5f63695f766172737c613a323a7b733a373a226d657373616765223b733a333a226f6c64223b733a31333a226d6573736167655f636f6c6f72223b733a333a226f6c64223b7d6d6573736167655f636f6c6f727c733a373a2273756363657373223b),
('a3585227349d1d51179f02b049190916befbab5a', '127.0.0.1', 1499163170, 0x5f5f63695f6c6173745f726567656e65726174657c693a313439393136333134313b6964656e746974797c733a32353a22616e67656c2e62657261737561696e40676d61696c2e636f6d223b656d61696c7c733a32353a22616e67656c2e62657261737561696e40676d61696c2e636f6d223b757365725f69647c733a313a2232223b6f6c645f6c6173745f6c6f67696e7c733a31303a2231343939303733333832223b64656d616e6461735f6275736361646f725f63657274696669636163696f6e5f656e65726765746963615f69647c4e3b64656d616e6461735f6275736361646f725f70726f76696e6369615f69647c4e3b64656d616e6461735f6275736361646f725f706f626c6163696f6e5f69647c4e3b64656d616e6461735f6275736361646f725f7a6f6e615f69647c4e3b64656d616e6461735f6275736361646f725f7469706f5f69647c4e3b64656d616e6461735f6275736361646f725f65737461646f5f69647c4e3b64656d616e6461735f6275736361646f725f6167656e74655f617369676e61646f5f69647c4e3b64656d616e6461735f6275736361646f725f636c69656e74655f69647c4e3b64656d616e6461735f6275736361646f725f6f66657274615f69647c4e3b64656d616e6461735f6275736361646f725f7469706f5f64656d616e64615f69647c4e3b64656d616e6461735f6275736361646f725f66656368615f64657364657c4e3b64656d616e6461735f6275736361646f725f66656368615f68617374617c4e3b64656d616e6461735f6275736361646f725f62616e696f735f64657364657c4e3b64656d616e6461735f6275736361646f725f62616e696f735f68617374617c4e3b64656d616e6461735f6275736361646f725f68616269746163696f6e65735f64657364657c4e3b64656d616e6461735f6275736361646f725f68616269746163696f6e65735f68617374617c4e3b64656d616e6461735f6275736361646f725f6d6574726f735f64657364657c4e3b64656d616e6461735f6275736361646f725f6d6574726f735f68617374617c4e3b64656d616e6461735f6275736361646f725f70726563696f735f64657364657c4e3b64656d616e6461735f6275736361646f725f70726563696f735f68617374617c4e3b),
('a6e392b58aa226dd16c5b0092cfa8d06f40cd01d', '127.0.0.1', 1498752842, 0x5f5f63695f6c6173745f726567656e65726174657c693a313439383735323834323b);
INSERT INTO `ci_sessions` (`id`, `ip_address`, `timestamp`, `data`) VALUES
('a851f4f03d9e9c1bc5e1e873c65a2ed01360898c', '127.0.0.1', 1499085079, 0x5f5f63695f6c6173745f726567656e65726174657c693a313439393038343838383b6964656e746974797c733a32353a22616e67656c2e62657261737561696e40676d61696c2e636f6d223b656d61696c7c733a32353a22616e67656c2e62657261737561696e40676d61696c2e636f6d223b757365725f69647c733a313a2232223b6f6c645f6c6173745f6c6f67696e7c733a31303a2231343938393031343831223b636c69656e7465735f6275736361646f725f70726f76696e6369615f69647c4e3b636c69656e7465735f6275736361646f725f706f626c6163696f6e5f69647c4e3b636c69656e7465735f6275736361646f725f706169735f69647c4e3b636c69656e7465735f6275736361646f725f65737461646f5f69647c4e3b636c69656e7465735f6275736361646f725f6167656e74655f617369676e61646f5f69647c4e3b636c69656e7465735f6275736361646f725f696e74657265735f69647c4e3b636c69656e7465735f6275736361646f725f66656368615f64657364657c4e3b636c69656e7465735f6275736361646f725f66656368615f68617374617c4e3b696e6d7565626c65735f6275736361646f725f63657274696669636163696f6e5f656e65726765746963615f69647c4e3b696e6d7565626c65735f6275736361646f725f70726f76696e6369615f69647c4e3b696e6d7565626c65735f6275736361646f725f706f626c6163696f6e5f69647c4e3b696e6d7565626c65735f6275736361646f725f7a6f6e615f69647c4e3b696e6d7565626c65735f6275736361646f725f7469706f5f69647c4e3b696e6d7565626c65735f6275736361646f725f65737461646f5f69647c4e3b696e6d7565626c65735f6275736361646f725f6361707461646f725f69647c4e3b696e6d7565626c65735f6275736361646f725f6f66657274615f69647c4e3b696e6d7565626c65735f6275736361646f725f6d6f64696669636163696f6e5f70726563696f5f69647c4e3b696e6d7565626c65735f6275736361646f725f7075626c696361646f5f69647c4e3b696e6d7565626c65735f6275736361646f725f64657374616361646f5f69647c4e3b696e6d7565626c65735f6275736361646f725f6f706f7274756e696461645f69647c4e3b696e6d7565626c65735f6275736361646f725f66656368615f64657364657c4e3b696e6d7565626c65735f6275736361646f725f66656368615f68617374617c4e3b696e6d7565626c65735f6275736361646f725f62616e696f735f64657364657c4e3b696e6d7565626c65735f6275736361646f725f62616e696f735f68617374617c4e3b696e6d7565626c65735f6275736361646f725f68616269746163696f6e65735f64657364657c4e3b696e6d7565626c65735f6275736361646f725f68616269746163696f6e65735f68617374617c4e3b696e6d7565626c65735f6275736361646f725f6d6574726f735f64657364657c4e3b696e6d7565626c65735f6275736361646f725f6d6574726f735f68617374617c4e3b696e6d7565626c65735f6275736361646f725f70726563696f735f64657364657c4e3b696e6d7565626c65735f6275736361646f725f70726563696f735f68617374617c4e3b),
('aed323770ac2449eb59317a532128bed252f0e14', '127.0.0.1', 1498726710, 0x5f5f63695f6c6173745f726567656e65726174657c693a313439383732363437303b6964656e746974797c733a32353a22616e67656c2e62657261737561696e40676d61696c2e636f6d223b656d61696c7c733a32353a22616e67656c2e62657261737561696e40676d61696c2e636f6d223b757365725f69647c733a313a2232223b6f6c645f6c6173745f6c6f67696e7c733a31303a2231343938363635363937223b696e6d7565626c65735f6275736361646f725f63657274696669636163696f6e5f656e65726765746963615f69647c4e3b696e6d7565626c65735f6275736361646f725f70726f76696e6369615f69647c4e3b696e6d7565626c65735f6275736361646f725f706f626c6163696f6e5f69647c4e3b696e6d7565626c65735f6275736361646f725f7a6f6e615f69647c4e3b696e6d7565626c65735f6275736361646f725f7469706f5f69647c4e3b696e6d7565626c65735f6275736361646f725f65737461646f5f69647c4e3b696e6d7565626c65735f6275736361646f725f6361707461646f725f69647c4e3b696e6d7565626c65735f6275736361646f725f6f66657274615f69647c4e3b696e6d7565626c65735f6275736361646f725f6d6f64696669636163696f6e5f70726563696f5f69647c4e3b696e6d7565626c65735f6275736361646f725f7075626c696361646f5f69647c4e3b696e6d7565626c65735f6275736361646f725f64657374616361646f5f69647c4e3b696e6d7565626c65735f6275736361646f725f6f706f7274756e696461645f69647c4e3b696e6d7565626c65735f6275736361646f725f66656368615f64657364657c4e3b696e6d7565626c65735f6275736361646f725f66656368615f68617374617c4e3b696e6d7565626c65735f6275736361646f725f62616e696f735f64657364657c4e3b696e6d7565626c65735f6275736361646f725f62616e696f735f68617374617c4e3b696e6d7565626c65735f6275736361646f725f68616269746163696f6e65735f64657364657c4e3b696e6d7565626c65735f6275736361646f725f68616269746163696f6e65735f68617374617c4e3b696e6d7565626c65735f6275736361646f725f6d6574726f735f64657364657c4e3b696e6d7565626c65735f6275736361646f725f6d6574726f735f68617374617c4e3b696e6d7565626c65735f6275736361646f725f70726563696f735f64657364657c4e3b696e6d7565626c65735f6275736361646f725f70726563696f735f68617374617c4e3b),
('b0a742c91196f46a8a18587a9aff9c04667da61a', '127.0.0.1', 1498816292, 0x5f5f63695f6c6173745f726567656e65726174657c693a313439383831363136343b6964656e746974797c733a32353a22616e67656c2e62657261737561696e40676d61696c2e636f6d223b656d61696c7c733a32353a22616e67656c2e62657261737561696e40676d61696c2e636f6d223b757365725f69647c733a313a2232223b6f6c645f6c6173745f6c6f67696e7c733a31303a2231343938373534333233223b696e6d7565626c65735f6275736361646f725f63657274696669636163696f6e5f656e65726765746963615f69647c4e3b696e6d7565626c65735f6275736361646f725f70726f76696e6369615f69647c4e3b696e6d7565626c65735f6275736361646f725f706f626c6163696f6e5f69647c4e3b696e6d7565626c65735f6275736361646f725f7a6f6e615f69647c4e3b696e6d7565626c65735f6275736361646f725f7469706f5f69647c4e3b696e6d7565626c65735f6275736361646f725f65737461646f5f69647c4e3b696e6d7565626c65735f6275736361646f725f6361707461646f725f69647c4e3b696e6d7565626c65735f6275736361646f725f6f66657274615f69647c4e3b696e6d7565626c65735f6275736361646f725f6d6f64696669636163696f6e5f70726563696f5f69647c4e3b696e6d7565626c65735f6275736361646f725f7075626c696361646f5f69647c4e3b696e6d7565626c65735f6275736361646f725f64657374616361646f5f69647c4e3b696e6d7565626c65735f6275736361646f725f6f706f7274756e696461645f69647c4e3b696e6d7565626c65735f6275736361646f725f66656368615f64657364657c4e3b696e6d7565626c65735f6275736361646f725f66656368615f68617374617c4e3b696e6d7565626c65735f6275736361646f725f62616e696f735f64657364657c4e3b696e6d7565626c65735f6275736361646f725f62616e696f735f68617374617c4e3b696e6d7565626c65735f6275736361646f725f68616269746163696f6e65735f64657364657c4e3b696e6d7565626c65735f6275736361646f725f68616269746163696f6e65735f68617374617c4e3b696e6d7565626c65735f6275736361646f725f6d6574726f735f64657364657c4e3b696e6d7565626c65735f6275736361646f725f6d6574726f735f68617374617c4e3b696e6d7565626c65735f6275736361646f725f70726563696f735f64657364657c4e3b696e6d7565626c65735f6275736361646f725f70726563696f735f68617374617c4e3b),
('b1a1e75d790297f40fb5b4c61c4d1e97f4177630', '127.0.0.1', 1498811320, 0x5f5f63695f6c6173745f726567656e65726174657c693a313439383831313138333b6964656e746974797c733a32353a22616e67656c2e62657261737561696e40676d61696c2e636f6d223b656d61696c7c733a32353a22616e67656c2e62657261737561696e40676d61696c2e636f6d223b757365725f69647c733a313a2232223b6f6c645f6c6173745f6c6f67696e7c733a31303a2231343938373534333233223b),
('b3a52beffe2526cc19792240b1a91afb356a6fe0', '127.0.0.1', 1499078194, 0x5f5f63695f6c6173745f726567656e65726174657c693a313439393037383139323b6964656e746974797c733a32353a22616e67656c2e62657261737561696e40676d61696c2e636f6d223b656d61696c7c733a32353a22616e67656c2e62657261737561696e40676d61696c2e636f6d223b757365725f69647c733a313a2232223b6f6c645f6c6173745f6c6f67696e7c733a31303a2231343938393031343831223b636c69656e7465735f6275736361646f725f70726f76696e6369615f69647c4e3b636c69656e7465735f6275736361646f725f706f626c6163696f6e5f69647c4e3b636c69656e7465735f6275736361646f725f706169735f69647c4e3b636c69656e7465735f6275736361646f725f65737461646f5f69647c4e3b636c69656e7465735f6275736361646f725f6167656e74655f617369676e61646f5f69647c4e3b636c69656e7465735f6275736361646f725f696e74657265735f69647c4e3b636c69656e7465735f6275736361646f725f66656368615f64657364657c4e3b636c69656e7465735f6275736361646f725f66656368615f68617374617c4e3b696e6d7565626c65735f6275736361646f725f63657274696669636163696f6e5f656e65726765746963615f69647c4e3b696e6d7565626c65735f6275736361646f725f70726f76696e6369615f69647c4e3b696e6d7565626c65735f6275736361646f725f706f626c6163696f6e5f69647c4e3b696e6d7565626c65735f6275736361646f725f7a6f6e615f69647c4e3b696e6d7565626c65735f6275736361646f725f7469706f5f69647c4e3b696e6d7565626c65735f6275736361646f725f65737461646f5f69647c4e3b696e6d7565626c65735f6275736361646f725f6361707461646f725f69647c4e3b696e6d7565626c65735f6275736361646f725f6f66657274615f69647c4e3b696e6d7565626c65735f6275736361646f725f6d6f64696669636163696f6e5f70726563696f5f69647c4e3b696e6d7565626c65735f6275736361646f725f7075626c696361646f5f69647c4e3b696e6d7565626c65735f6275736361646f725f64657374616361646f5f69647c4e3b696e6d7565626c65735f6275736361646f725f6f706f7274756e696461645f69647c4e3b696e6d7565626c65735f6275736361646f725f66656368615f64657364657c4e3b696e6d7565626c65735f6275736361646f725f66656368615f68617374617c4e3b696e6d7565626c65735f6275736361646f725f62616e696f735f64657364657c4e3b696e6d7565626c65735f6275736361646f725f62616e696f735f68617374617c4e3b696e6d7565626c65735f6275736361646f725f68616269746163696f6e65735f64657364657c4e3b696e6d7565626c65735f6275736361646f725f68616269746163696f6e65735f68617374617c4e3b696e6d7565626c65735f6275736361646f725f6d6574726f735f64657364657c4e3b696e6d7565626c65735f6275736361646f725f6d6574726f735f68617374617c4e3b696e6d7565626c65735f6275736361646f725f70726563696f735f64657364657c4e3b696e6d7565626c65735f6275736361646f725f70726563696f735f68617374617c4e3b),
('b64e2ddfd81acacd63ca4f233323672f5d244e10', '127.0.0.1', 1499087720, 0x5f5f63695f6c6173745f726567656e65726174657c693a313439393038373633303b6964656e746974797c733a32353a22616e67656c2e62657261737561696e40676d61696c2e636f6d223b656d61696c7c733a32353a22616e67656c2e62657261737561696e40676d61696c2e636f6d223b757365725f69647c733a313a2232223b6f6c645f6c6173745f6c6f67696e7c733a31303a2231343938393031343831223b636c69656e7465735f6275736361646f725f70726f76696e6369615f69647c4e3b636c69656e7465735f6275736361646f725f706f626c6163696f6e5f69647c4e3b636c69656e7465735f6275736361646f725f706169735f69647c4e3b636c69656e7465735f6275736361646f725f65737461646f5f69647c4e3b636c69656e7465735f6275736361646f725f6167656e74655f617369676e61646f5f69647c4e3b636c69656e7465735f6275736361646f725f696e74657265735f69647c4e3b636c69656e7465735f6275736361646f725f66656368615f64657364657c4e3b636c69656e7465735f6275736361646f725f66656368615f68617374617c4e3b696e6d7565626c65735f6275736361646f725f63657274696669636163696f6e5f656e65726765746963615f69647c4e3b696e6d7565626c65735f6275736361646f725f70726f76696e6369615f69647c4e3b696e6d7565626c65735f6275736361646f725f706f626c6163696f6e5f69647c4e3b696e6d7565626c65735f6275736361646f725f7a6f6e615f69647c4e3b696e6d7565626c65735f6275736361646f725f7469706f5f69647c4e3b696e6d7565626c65735f6275736361646f725f65737461646f5f69647c4e3b696e6d7565626c65735f6275736361646f725f6361707461646f725f69647c4e3b696e6d7565626c65735f6275736361646f725f6f66657274615f69647c4e3b696e6d7565626c65735f6275736361646f725f6d6f64696669636163696f6e5f70726563696f5f69647c4e3b696e6d7565626c65735f6275736361646f725f7075626c696361646f5f69647c4e3b696e6d7565626c65735f6275736361646f725f64657374616361646f5f69647c4e3b696e6d7565626c65735f6275736361646f725f6f706f7274756e696461645f69647c4e3b696e6d7565626c65735f6275736361646f725f66656368615f64657364657c4e3b696e6d7565626c65735f6275736361646f725f66656368615f68617374617c4e3b696e6d7565626c65735f6275736361646f725f62616e696f735f64657364657c4e3b696e6d7565626c65735f6275736361646f725f62616e696f735f68617374617c4e3b696e6d7565626c65735f6275736361646f725f68616269746163696f6e65735f64657364657c4e3b696e6d7565626c65735f6275736361646f725f68616269746163696f6e65735f68617374617c4e3b696e6d7565626c65735f6275736361646f725f6d6574726f735f64657364657c4e3b696e6d7565626c65735f6275736361646f725f6d6574726f735f68617374617c4e3b696e6d7565626c65735f6275736361646f725f70726563696f735f64657364657c4e3b696e6d7565626c65735f6275736361646f725f70726563696f735f68617374617c4e3b64656d616e6461735f6275736361646f725f63657274696669636163696f6e5f656e65726765746963615f69647c4e3b64656d616e6461735f6275736361646f725f70726f76696e6369615f69647c4e3b64656d616e6461735f6275736361646f725f706f626c6163696f6e5f69647c4e3b64656d616e6461735f6275736361646f725f7a6f6e615f69647c4e3b64656d616e6461735f6275736361646f725f7469706f5f69647c4e3b64656d616e6461735f6275736361646f725f65737461646f5f69647c4e3b64656d616e6461735f6275736361646f725f6167656e74655f617369676e61646f5f69647c4e3b64656d616e6461735f6275736361646f725f636c69656e74655f69647c4e3b64656d616e6461735f6275736361646f725f6f66657274615f69647c4e3b64656d616e6461735f6275736361646f725f7469706f5f64656d616e64615f69647c4e3b64656d616e6461735f6275736361646f725f66656368615f64657364657c4e3b64656d616e6461735f6275736361646f725f66656368615f68617374617c4e3b64656d616e6461735f6275736361646f725f62616e696f735f64657364657c4e3b64656d616e6461735f6275736361646f725f62616e696f735f68617374617c4e3b64656d616e6461735f6275736361646f725f68616269746163696f6e65735f64657364657c4e3b64656d616e6461735f6275736361646f725f68616269746163696f6e65735f68617374617c4e3b64656d616e6461735f6275736361646f725f6d6574726f735f64657364657c4e3b64656d616e6461735f6275736361646f725f6d6574726f735f68617374617c4e3b64656d616e6461735f6275736361646f725f70726563696f735f64657364657c4e3b64656d616e6461735f6275736361646f725f70726563696f735f68617374617c4e3b),
('b8ad94f4866e39589e0564cdf747c5a6e8c8ad7f', '127.0.0.1', 1499073730, 0x5f5f63695f6c6173745f726567656e65726174657c693a313439393037333733303b6964656e746974797c733a32353a22616e67656c2e62657261737561696e40676d61696c2e636f6d223b656d61696c7c733a32353a22616e67656c2e62657261737561696e40676d61696c2e636f6d223b757365725f69647c733a313a2232223b6f6c645f6c6173745f6c6f67696e7c733a31303a2231343938393031343831223b636c69656e7465735f6275736361646f725f70726f76696e6369615f69647c4e3b636c69656e7465735f6275736361646f725f706f626c6163696f6e5f69647c4e3b636c69656e7465735f6275736361646f725f706169735f69647c4e3b636c69656e7465735f6275736361646f725f65737461646f5f69647c4e3b636c69656e7465735f6275736361646f725f6167656e74655f617369676e61646f5f69647c4e3b636c69656e7465735f6275736361646f725f696e74657265735f69647c4e3b636c69656e7465735f6275736361646f725f66656368615f64657364657c4e3b636c69656e7465735f6275736361646f725f66656368615f68617374617c4e3b),
('b9abc83548cbaa71d12a7a8af4010c3493a00433', '127.0.0.1', 1499080777, 0x5f5f63695f6c6173745f726567656e65726174657c693a313439393038303530333b6964656e746974797c733a32353a22616e67656c2e62657261737561696e40676d61696c2e636f6d223b656d61696c7c733a32353a22616e67656c2e62657261737561696e40676d61696c2e636f6d223b757365725f69647c733a313a2232223b6f6c645f6c6173745f6c6f67696e7c733a31303a2231343938393031343831223b636c69656e7465735f6275736361646f725f70726f76696e6369615f69647c4e3b636c69656e7465735f6275736361646f725f706f626c6163696f6e5f69647c4e3b636c69656e7465735f6275736361646f725f706169735f69647c4e3b636c69656e7465735f6275736361646f725f65737461646f5f69647c4e3b636c69656e7465735f6275736361646f725f6167656e74655f617369676e61646f5f69647c4e3b636c69656e7465735f6275736361646f725f696e74657265735f69647c4e3b636c69656e7465735f6275736361646f725f66656368615f64657364657c4e3b636c69656e7465735f6275736361646f725f66656368615f68617374617c4e3b696e6d7565626c65735f6275736361646f725f63657274696669636163696f6e5f656e65726765746963615f69647c4e3b696e6d7565626c65735f6275736361646f725f70726f76696e6369615f69647c4e3b696e6d7565626c65735f6275736361646f725f706f626c6163696f6e5f69647c4e3b696e6d7565626c65735f6275736361646f725f7a6f6e615f69647c4e3b696e6d7565626c65735f6275736361646f725f7469706f5f69647c4e3b696e6d7565626c65735f6275736361646f725f65737461646f5f69647c4e3b696e6d7565626c65735f6275736361646f725f6361707461646f725f69647c4e3b696e6d7565626c65735f6275736361646f725f6f66657274615f69647c4e3b696e6d7565626c65735f6275736361646f725f6d6f64696669636163696f6e5f70726563696f5f69647c4e3b696e6d7565626c65735f6275736361646f725f7075626c696361646f5f69647c4e3b696e6d7565626c65735f6275736361646f725f64657374616361646f5f69647c4e3b696e6d7565626c65735f6275736361646f725f6f706f7274756e696461645f69647c4e3b696e6d7565626c65735f6275736361646f725f66656368615f64657364657c4e3b696e6d7565626c65735f6275736361646f725f66656368615f68617374617c4e3b696e6d7565626c65735f6275736361646f725f62616e696f735f64657364657c4e3b696e6d7565626c65735f6275736361646f725f62616e696f735f68617374617c4e3b696e6d7565626c65735f6275736361646f725f68616269746163696f6e65735f64657364657c4e3b696e6d7565626c65735f6275736361646f725f68616269746163696f6e65735f68617374617c4e3b696e6d7565626c65735f6275736361646f725f6d6574726f735f64657364657c4e3b696e6d7565626c65735f6275736361646f725f6d6574726f735f68617374617c4e3b696e6d7565626c65735f6275736361646f725f70726563696f735f64657364657c4e3b696e6d7565626c65735f6275736361646f725f70726563696f735f68617374617c4e3b),
('c079353de47d2712b5ea31580ff7154dd658b80a', '127.0.0.1', 1498670562, 0x5f5f63695f6c6173745f726567656e65726174657c693a313439383637303536313b6964656e746974797c733a32353a22616e67656c2e62657261737561696e40676d61696c2e636f6d223b656d61696c7c733a32353a22616e67656c2e62657261737561696e40676d61696c2e636f6d223b757365725f69647c733a313a2232223b6f6c645f6c6173745f6c6f67696e7c733a31303a2231343938363531343333223b),
('c0a2ca739d987eafeafd1b89029b525021c42e6b', '127.0.0.1', 1498640453, 0x5f5f63695f6c6173745f726567656e65726174657c693a313439383634303334323b6964656e746974797c733a32353a22616e67656c2e62657261737561696e40676d61696c2e636f6d223b656d61696c7c733a32353a22616e67656c2e62657261737561696e40676d61696c2e636f6d223b757365725f69647c733a313a2232223b6f6c645f6c6173745f6c6f67696e7c733a31303a2231343938353833323133223b696e6d7565626c65735f6275736361646f725f63657274696669636163696f6e5f656e65726765746963615f69647c4e3b696e6d7565626c65735f6275736361646f725f70726f76696e6369615f69647c4e3b696e6d7565626c65735f6275736361646f725f706f626c6163696f6e5f69647c4e3b696e6d7565626c65735f6275736361646f725f7a6f6e615f69647c4e3b696e6d7565626c65735f6275736361646f725f7469706f5f69647c4e3b696e6d7565626c65735f6275736361646f725f65737461646f5f69647c4e3b696e6d7565626c65735f6275736361646f725f6361707461646f725f69647c4e3b696e6d7565626c65735f6275736361646f725f6f66657274615f69647c4e3b696e6d7565626c65735f6275736361646f725f6d6f64696669636163696f6e5f70726563696f5f69647c4e3b696e6d7565626c65735f6275736361646f725f7075626c696361646f5f69647c4e3b696e6d7565626c65735f6275736361646f725f64657374616361646f5f69647c4e3b696e6d7565626c65735f6275736361646f725f6f706f7274756e696461645f69647c4e3b696e6d7565626c65735f6275736361646f725f66656368615f64657364657c4e3b696e6d7565626c65735f6275736361646f725f66656368615f68617374617c4e3b696e6d7565626c65735f6275736361646f725f62616e696f735f64657364657c4e3b696e6d7565626c65735f6275736361646f725f62616e696f735f68617374617c4e3b696e6d7565626c65735f6275736361646f725f68616269746163696f6e65735f64657364657c4e3b696e6d7565626c65735f6275736361646f725f68616269746163696f6e65735f68617374617c4e3b696e6d7565626c65735f6275736361646f725f6d6574726f735f64657364657c4e3b696e6d7565626c65735f6275736361646f725f6d6574726f735f68617374617c4e3b696e6d7565626c65735f6275736361646f725f70726563696f735f64657364657c4e3b696e6d7565626c65735f6275736361646f725f70726563696f735f68617374617c4e3b),
('c443c11b56e2f89318c5c9319d03f33f0e09ef5f', '127.0.0.1', 1498811588, 0x5f5f63695f6c6173745f726567656e65726174657c693a313439383831313535323b6964656e746974797c733a32353a22616e67656c2e62657261737561696e40676d61696c2e636f6d223b656d61696c7c733a32353a22616e67656c2e62657261737561696e40676d61696c2e636f6d223b757365725f69647c733a313a2232223b6f6c645f6c6173745f6c6f67696e7c733a31303a2231343938373534333233223b6d6573736167657c733a32303a22456c656d656e746f2061637475616c697a61646f223b5f5f63695f766172737c613a323a7b733a373a226d657373616765223b733a333a226f6c64223b733a31333a226d6573736167655f636f6c6f72223b733a333a226f6c64223b7d6d6573736167655f636f6c6f727c733a373a2273756363657373223b),
('c64a0dcc79aefc54203582e750d1a94c539a9747', '127.0.0.1', 1499156005, 0x5f5f63695f6c6173745f726567656e65726174657c693a313439393135363030343b),
('c819e73c929c1c1adbef0f8c0cae60d9f91737bb', '127.0.0.1', 1498845930, 0x5f5f63695f6c6173745f726567656e65726174657c693a313439383834353933303b),
('cd86d86256f779e9c8b8edf06cab0aec0d57d14d', '127.0.0.1', 1498817642, 0x5f5f63695f6c6173745f726567656e65726174657c693a313439383831373334333b6964656e746974797c733a32353a22616e67656c2e62657261737561696e40676d61696c2e636f6d223b656d61696c7c733a32353a22616e67656c2e62657261737561696e40676d61696c2e636f6d223b757365725f69647c733a313a2232223b6f6c645f6c6173745f6c6f67696e7c733a31303a2231343938373534333233223b696e6d7565626c65735f6275736361646f725f63657274696669636163696f6e5f656e65726765746963615f69647c4e3b696e6d7565626c65735f6275736361646f725f70726f76696e6369615f69647c4e3b696e6d7565626c65735f6275736361646f725f706f626c6163696f6e5f69647c4e3b696e6d7565626c65735f6275736361646f725f7a6f6e615f69647c4e3b696e6d7565626c65735f6275736361646f725f7469706f5f69647c4e3b696e6d7565626c65735f6275736361646f725f65737461646f5f69647c4e3b696e6d7565626c65735f6275736361646f725f6361707461646f725f69647c4e3b696e6d7565626c65735f6275736361646f725f6f66657274615f69647c4e3b696e6d7565626c65735f6275736361646f725f6d6f64696669636163696f6e5f70726563696f5f69647c4e3b696e6d7565626c65735f6275736361646f725f7075626c696361646f5f69647c4e3b696e6d7565626c65735f6275736361646f725f64657374616361646f5f69647c4e3b696e6d7565626c65735f6275736361646f725f6f706f7274756e696461645f69647c4e3b696e6d7565626c65735f6275736361646f725f66656368615f64657364657c4e3b696e6d7565626c65735f6275736361646f725f66656368615f68617374617c4e3b696e6d7565626c65735f6275736361646f725f62616e696f735f64657364657c4e3b696e6d7565626c65735f6275736361646f725f62616e696f735f68617374617c4e3b696e6d7565626c65735f6275736361646f725f68616269746163696f6e65735f64657364657c4e3b696e6d7565626c65735f6275736361646f725f68616269746163696f6e65735f68617374617c4e3b696e6d7565626c65735f6275736361646f725f6d6574726f735f64657364657c4e3b696e6d7565626c65735f6275736361646f725f6d6574726f735f68617374617c4e3b696e6d7565626c65735f6275736361646f725f70726563696f735f64657364657c4e3b696e6d7565626c65735f6275736361646f725f70726563696f735f68617374617c4e3b),
('cf667dd8e29cfe94276845ab23e8f6b99b29296d', '127.0.0.1', 1499072852, 0x5f5f63695f6c6173745f726567656e65726174657c693a313439393037323835323b),
('d6138418b274468e8bde4093ea8272b9b2464b39', '127.0.0.1', 1498814747, 0x5f5f63695f6c6173745f726567656e65726174657c693a313439383831343734363b6964656e746974797c733a32353a22616e67656c2e62657261737561696e40676d61696c2e636f6d223b656d61696c7c733a32353a22616e67656c2e62657261737561696e40676d61696c2e636f6d223b757365725f69647c733a313a2232223b6f6c645f6c6173745f6c6f67696e7c733a31303a2231343938373534333233223b),
('d6e50276547f9ffbe63a30e0d6c7aa76b3956e9d', '127.0.0.1', 1498633974, 0x5f5f63695f6c6173745f726567656e65726174657c693a313439383633333937343b),
('d93560cb9e961a45fe3f3c49f2473618e60550f5', '127.0.0.1', 1498816098, 0x5f5f63695f6c6173745f726567656e65726174657c693a313439383831353832363b6964656e746974797c733a32353a22616e67656c2e62657261737561696e40676d61696c2e636f6d223b656d61696c7c733a32353a22616e67656c2e62657261737561696e40676d61696c2e636f6d223b757365725f69647c733a313a2232223b6f6c645f6c6173745f6c6f67696e7c733a31303a2231343938373534333233223b),
('de2f34bde391554681dbd80cb2b701d7a8bc8ea6', '127.0.0.1', 1498812286, 0x5f5f63695f6c6173745f726567656e65726174657c693a313439383831323233353b6964656e746974797c733a32353a22616e67656c2e62657261737561696e40676d61696c2e636f6d223b656d61696c7c733a32353a22616e67656c2e62657261737561696e40676d61696c2e636f6d223b757365725f69647c733a313a2232223b6f6c645f6c6173745f6c6f67696e7c733a31303a2231343938373534333233223b),
('e2009b632ee95371dc22f7905b87620da2c7c174', '127.0.0.1', 1498807107, 0x5f5f63695f6c6173745f726567656e65726174657c693a313439383830373130373b),
('e2829d37a659135b771c3be4ae6174ed77c3f9a1', '127.0.0.1', 1499076005, 0x5f5f63695f6c6173745f726567656e65726174657c693a313439393037353736323b6964656e746974797c733a32353a22616e67656c2e62657261737561696e40676d61696c2e636f6d223b656d61696c7c733a32353a22616e67656c2e62657261737561696e40676d61696c2e636f6d223b757365725f69647c733a313a2232223b6f6c645f6c6173745f6c6f67696e7c733a31303a2231343938393031343831223b636c69656e7465735f6275736361646f725f70726f76696e6369615f69647c4e3b636c69656e7465735f6275736361646f725f706f626c6163696f6e5f69647c4e3b636c69656e7465735f6275736361646f725f706169735f69647c4e3b636c69656e7465735f6275736361646f725f65737461646f5f69647c4e3b636c69656e7465735f6275736361646f725f6167656e74655f617369676e61646f5f69647c4e3b636c69656e7465735f6275736361646f725f696e74657265735f69647c4e3b636c69656e7465735f6275736361646f725f66656368615f64657364657c4e3b636c69656e7465735f6275736361646f725f66656368615f68617374617c4e3b696e6d7565626c65735f6275736361646f725f63657274696669636163696f6e5f656e65726765746963615f69647c4e3b696e6d7565626c65735f6275736361646f725f70726f76696e6369615f69647c4e3b696e6d7565626c65735f6275736361646f725f706f626c6163696f6e5f69647c4e3b696e6d7565626c65735f6275736361646f725f7a6f6e615f69647c4e3b696e6d7565626c65735f6275736361646f725f7469706f5f69647c4e3b696e6d7565626c65735f6275736361646f725f65737461646f5f69647c4e3b696e6d7565626c65735f6275736361646f725f6361707461646f725f69647c4e3b696e6d7565626c65735f6275736361646f725f6f66657274615f69647c4e3b696e6d7565626c65735f6275736361646f725f6d6f64696669636163696f6e5f70726563696f5f69647c4e3b696e6d7565626c65735f6275736361646f725f7075626c696361646f5f69647c4e3b696e6d7565626c65735f6275736361646f725f64657374616361646f5f69647c4e3b696e6d7565626c65735f6275736361646f725f6f706f7274756e696461645f69647c4e3b696e6d7565626c65735f6275736361646f725f66656368615f64657364657c4e3b696e6d7565626c65735f6275736361646f725f66656368615f68617374617c4e3b696e6d7565626c65735f6275736361646f725f62616e696f735f64657364657c4e3b696e6d7565626c65735f6275736361646f725f62616e696f735f68617374617c4e3b696e6d7565626c65735f6275736361646f725f68616269746163696f6e65735f64657364657c4e3b696e6d7565626c65735f6275736361646f725f68616269746163696f6e65735f68617374617c4e3b696e6d7565626c65735f6275736361646f725f6d6574726f735f64657364657c4e3b696e6d7565626c65735f6275736361646f725f6d6574726f735f68617374617c4e3b696e6d7565626c65735f6275736361646f725f70726563696f735f64657364657c4e3b696e6d7565626c65735f6275736361646f725f70726563696f735f68617374617c4e3b),
('e37be01892f1c0dfaeac54adc54c9aa4b808f7a3', '127.0.0.1', 1498818949, 0x5f5f63695f6c6173745f726567656e65726174657c693a313439383831383934393b),
('e8310440b16bd34b682049d2804e6b9258cd25d6', '127.0.0.1', 1499158365, 0x5f5f63695f6c6173745f726567656e65726174657c693a313439393135383231383b6964656e746974797c733a32353a22616e67656c2e62657261737561696e40676d61696c2e636f6d223b656d61696c7c733a32353a22616e67656c2e62657261737561696e40676d61696c2e636f6d223b757365725f69647c733a313a2232223b6f6c645f6c6173745f6c6f67696e7c733a31303a2231343939303733333832223b64656d616e6461735f6275736361646f725f63657274696669636163696f6e5f656e65726765746963615f69647c4e3b64656d616e6461735f6275736361646f725f70726f76696e6369615f69647c4e3b64656d616e6461735f6275736361646f725f706f626c6163696f6e5f69647c4e3b64656d616e6461735f6275736361646f725f7a6f6e615f69647c4e3b64656d616e6461735f6275736361646f725f7469706f5f69647c4e3b64656d616e6461735f6275736361646f725f65737461646f5f69647c4e3b64656d616e6461735f6275736361646f725f6167656e74655f617369676e61646f5f69647c4e3b64656d616e6461735f6275736361646f725f636c69656e74655f69647c4e3b64656d616e6461735f6275736361646f725f6f66657274615f69647c4e3b64656d616e6461735f6275736361646f725f7469706f5f64656d616e64615f69647c4e3b64656d616e6461735f6275736361646f725f66656368615f64657364657c4e3b64656d616e6461735f6275736361646f725f66656368615f68617374617c4e3b64656d616e6461735f6275736361646f725f62616e696f735f64657364657c4e3b64656d616e6461735f6275736361646f725f62616e696f735f68617374617c4e3b64656d616e6461735f6275736361646f725f68616269746163696f6e65735f64657364657c4e3b64656d616e6461735f6275736361646f725f68616269746163696f6e65735f68617374617c4e3b64656d616e6461735f6275736361646f725f6d6574726f735f64657364657c4e3b64656d616e6461735f6275736361646f725f6d6574726f735f68617374617c4e3b64656d616e6461735f6275736361646f725f70726563696f735f64657364657c4e3b64656d616e6461735f6275736361646f725f70726563696f735f68617374617c4e3b),
('e839ad6228b8bc796746e8de537635cf7440d659', '127.0.0.1', 1498817741, 0x5f5f63695f6c6173745f726567656e65726174657c693a313439383831373637303b6964656e746974797c733a32353a22616e67656c2e62657261737561696e40676d61696c2e636f6d223b656d61696c7c733a32353a22616e67656c2e62657261737561696e40676d61696c2e636f6d223b757365725f69647c733a313a2232223b6f6c645f6c6173745f6c6f67696e7c733a31303a2231343938373534333233223b696e6d7565626c65735f6275736361646f725f63657274696669636163696f6e5f656e65726765746963615f69647c4e3b696e6d7565626c65735f6275736361646f725f70726f76696e6369615f69647c4e3b696e6d7565626c65735f6275736361646f725f706f626c6163696f6e5f69647c4e3b696e6d7565626c65735f6275736361646f725f7a6f6e615f69647c4e3b696e6d7565626c65735f6275736361646f725f7469706f5f69647c4e3b696e6d7565626c65735f6275736361646f725f65737461646f5f69647c4e3b696e6d7565626c65735f6275736361646f725f6361707461646f725f69647c4e3b696e6d7565626c65735f6275736361646f725f6f66657274615f69647c4e3b696e6d7565626c65735f6275736361646f725f6d6f64696669636163696f6e5f70726563696f5f69647c4e3b696e6d7565626c65735f6275736361646f725f7075626c696361646f5f69647c4e3b696e6d7565626c65735f6275736361646f725f64657374616361646f5f69647c4e3b696e6d7565626c65735f6275736361646f725f6f706f7274756e696461645f69647c4e3b696e6d7565626c65735f6275736361646f725f66656368615f64657364657c4e3b696e6d7565626c65735f6275736361646f725f66656368615f68617374617c4e3b696e6d7565626c65735f6275736361646f725f62616e696f735f64657364657c4e3b696e6d7565626c65735f6275736361646f725f62616e696f735f68617374617c4e3b696e6d7565626c65735f6275736361646f725f68616269746163696f6e65735f64657364657c4e3b696e6d7565626c65735f6275736361646f725f68616269746163696f6e65735f68617374617c4e3b696e6d7565626c65735f6275736361646f725f6d6574726f735f64657364657c4e3b696e6d7565626c65735f6275736361646f725f6d6574726f735f68617374617c4e3b696e6d7565626c65735f6275736361646f725f70726563696f735f64657364657c4e3b696e6d7565626c65735f6275736361646f725f70726563696f735f68617374617c4e3b6d6573736167657c733a31383a22456c656d656e746f20696e7365727461646f223b5f5f63695f766172737c613a323a7b733a373a226d657373616765223b733a333a226f6c64223b733a31333a226d6573736167655f636f6c6f72223b733a333a226f6c64223b7d6d6573736167655f636f6c6f727c733a373a2273756363657373223b),
('eaeb97057363146eade665906a201cc54db86412', '127.0.0.1', 1498759436, 0x5f5f63695f6c6173745f726567656e65726174657c693a313439383735393234383b6964656e746974797c733a32353a22616e67656c2e62657261737561696e40676d61696c2e636f6d223b656d61696c7c733a32353a22616e67656c2e62657261737561696e40676d61696c2e636f6d223b757365725f69647c733a313a2232223b6f6c645f6c6173745f6c6f67696e7c733a31303a2231343938373339373939223b696e6d7565626c65735f6275736361646f725f63657274696669636163696f6e5f656e65726765746963615f69647c4e3b696e6d7565626c65735f6275736361646f725f70726f76696e6369615f69647c4e3b696e6d7565626c65735f6275736361646f725f706f626c6163696f6e5f69647c4e3b696e6d7565626c65735f6275736361646f725f7a6f6e615f69647c4e3b696e6d7565626c65735f6275736361646f725f7469706f5f69647c4e3b696e6d7565626c65735f6275736361646f725f65737461646f5f69647c4e3b696e6d7565626c65735f6275736361646f725f6361707461646f725f69647c4e3b696e6d7565626c65735f6275736361646f725f6f66657274615f69647c4e3b696e6d7565626c65735f6275736361646f725f6d6f64696669636163696f6e5f70726563696f5f69647c4e3b696e6d7565626c65735f6275736361646f725f7075626c696361646f5f69647c4e3b696e6d7565626c65735f6275736361646f725f64657374616361646f5f69647c4e3b696e6d7565626c65735f6275736361646f725f6f706f7274756e696461645f69647c4e3b696e6d7565626c65735f6275736361646f725f66656368615f64657364657c4e3b696e6d7565626c65735f6275736361646f725f66656368615f68617374617c4e3b696e6d7565626c65735f6275736361646f725f62616e696f735f64657364657c4e3b696e6d7565626c65735f6275736361646f725f62616e696f735f68617374617c4e3b696e6d7565626c65735f6275736361646f725f68616269746163696f6e65735f64657364657c4e3b696e6d7565626c65735f6275736361646f725f68616269746163696f6e65735f68617374617c4e3b696e6d7565626c65735f6275736361646f725f6d6574726f735f64657364657c4e3b696e6d7565626c65735f6275736361646f725f6d6574726f735f68617374617c4e3b696e6d7565626c65735f6275736361646f725f70726563696f735f64657364657c4e3b696e6d7565626c65735f6275736361646f725f70726563696f735f68617374617c4e3b),
('eefdae5f44c1c7f8d1e21a00142fcd9111c9bf20', '127.0.0.1', 1499162754, 0x5f5f63695f6c6173745f726567656e65726174657c693a313439393136323733333b6964656e746974797c733a32353a22616e67656c2e62657261737561696e40676d61696c2e636f6d223b656d61696c7c733a32353a22616e67656c2e62657261737561696e40676d61696c2e636f6d223b757365725f69647c733a313a2232223b6f6c645f6c6173745f6c6f67696e7c733a31303a2231343939303733333832223b64656d616e6461735f6275736361646f725f63657274696669636163696f6e5f656e65726765746963615f69647c4e3b64656d616e6461735f6275736361646f725f70726f76696e6369615f69647c4e3b64656d616e6461735f6275736361646f725f706f626c6163696f6e5f69647c4e3b64656d616e6461735f6275736361646f725f7a6f6e615f69647c4e3b64656d616e6461735f6275736361646f725f7469706f5f69647c4e3b64656d616e6461735f6275736361646f725f65737461646f5f69647c4e3b64656d616e6461735f6275736361646f725f6167656e74655f617369676e61646f5f69647c4e3b64656d616e6461735f6275736361646f725f636c69656e74655f69647c4e3b64656d616e6461735f6275736361646f725f6f66657274615f69647c4e3b64656d616e6461735f6275736361646f725f7469706f5f64656d616e64615f69647c4e3b64656d616e6461735f6275736361646f725f66656368615f64657364657c4e3b64656d616e6461735f6275736361646f725f66656368615f68617374617c4e3b64656d616e6461735f6275736361646f725f62616e696f735f64657364657c4e3b64656d616e6461735f6275736361646f725f62616e696f735f68617374617c4e3b64656d616e6461735f6275736361646f725f68616269746163696f6e65735f64657364657c4e3b64656d616e6461735f6275736361646f725f68616269746163696f6e65735f68617374617c4e3b64656d616e6461735f6275736361646f725f6d6574726f735f64657364657c4e3b64656d616e6461735f6275736361646f725f6d6574726f735f68617374617c4e3b64656d616e6461735f6275736361646f725f70726563696f735f64657364657c4e3b64656d616e6461735f6275736361646f725f70726563696f735f68617374617c4e3b),
('ef3a9e2fd53cd25bda552035aec4e123b3bb7873', '127.0.0.1', 1498902814, 0x5f5f63695f6c6173745f726567656e65726174657c693a313439383930323534353b6964656e746974797c733a32353a22616e67656c2e62657261737561696e40676d61696c2e636f6d223b656d61696c7c733a32353a22616e67656c2e62657261737561696e40676d61696c2e636f6d223b757365725f69647c733a313a2232223b6f6c645f6c6173745f6c6f67696e7c733a31303a2231343938383430353330223b696e6d7565626c65735f6275736361646f725f63657274696669636163696f6e5f656e65726765746963615f69647c4e3b696e6d7565626c65735f6275736361646f725f70726f76696e6369615f69647c4e3b696e6d7565626c65735f6275736361646f725f706f626c6163696f6e5f69647c4e3b696e6d7565626c65735f6275736361646f725f7a6f6e615f69647c4e3b696e6d7565626c65735f6275736361646f725f7469706f5f69647c4e3b696e6d7565626c65735f6275736361646f725f65737461646f5f69647c4e3b696e6d7565626c65735f6275736361646f725f6361707461646f725f69647c4e3b696e6d7565626c65735f6275736361646f725f6f66657274615f69647c4e3b696e6d7565626c65735f6275736361646f725f6d6f64696669636163696f6e5f70726563696f5f69647c4e3b696e6d7565626c65735f6275736361646f725f7075626c696361646f5f69647c4e3b696e6d7565626c65735f6275736361646f725f64657374616361646f5f69647c4e3b696e6d7565626c65735f6275736361646f725f6f706f7274756e696461645f69647c4e3b696e6d7565626c65735f6275736361646f725f66656368615f64657364657c4e3b696e6d7565626c65735f6275736361646f725f66656368615f68617374617c4e3b696e6d7565626c65735f6275736361646f725f62616e696f735f64657364657c4e3b696e6d7565626c65735f6275736361646f725f62616e696f735f68617374617c4e3b696e6d7565626c65735f6275736361646f725f68616269746163696f6e65735f64657364657c4e3b696e6d7565626c65735f6275736361646f725f68616269746163696f6e65735f68617374617c4e3b696e6d7565626c65735f6275736361646f725f6d6574726f735f64657364657c4e3b696e6d7565626c65735f6275736361646f725f6d6574726f735f68617374617c4e3b696e6d7565626c65735f6275736361646f725f70726563696f735f64657364657c4e3b696e6d7565626c65735f6275736361646f725f70726563696f735f68617374617c4e3b6d6573736167657c733a32373a22446f63756d656e746f2063726561646f20636f6e20c3a97869746f223b5f5f63695f766172737c613a323a7b733a373a226d657373616765223b733a333a226f6c64223b733a31333a226d6573736167655f636f6c6f72223b733a333a226f6c64223b7d6d6573736167655f636f6c6f727c733a373a2273756363657373223b),
('f005b1715fff77b8aecbc8c788e1f6eb0b5fe49c', '127.0.0.1', 1498842410, 0x5f5f63695f6c6173745f726567656e65726174657c693a313439383834323430393b6964656e746974797c733a32353a22616e67656c2e62657261737561696e40676d61696c2e636f6d223b656d61696c7c733a32353a22616e67656c2e62657261737561696e40676d61696c2e636f6d223b757365725f69647c733a313a2232223b6f6c645f6c6173745f6c6f67696e7c733a31303a2231343938383131313837223b696e6d7565626c65735f6275736361646f725f63657274696669636163696f6e5f656e65726765746963615f69647c4e3b696e6d7565626c65735f6275736361646f725f70726f76696e6369615f69647c4e3b696e6d7565626c65735f6275736361646f725f706f626c6163696f6e5f69647c4e3b696e6d7565626c65735f6275736361646f725f7a6f6e615f69647c4e3b696e6d7565626c65735f6275736361646f725f7469706f5f69647c4e3b696e6d7565626c65735f6275736361646f725f65737461646f5f69647c4e3b696e6d7565626c65735f6275736361646f725f6361707461646f725f69647c4e3b696e6d7565626c65735f6275736361646f725f6f66657274615f69647c4e3b696e6d7565626c65735f6275736361646f725f6d6f64696669636163696f6e5f70726563696f5f69647c4e3b696e6d7565626c65735f6275736361646f725f7075626c696361646f5f69647c4e3b696e6d7565626c65735f6275736361646f725f64657374616361646f5f69647c4e3b696e6d7565626c65735f6275736361646f725f6f706f7274756e696461645f69647c4e3b696e6d7565626c65735f6275736361646f725f66656368615f64657364657c4e3b696e6d7565626c65735f6275736361646f725f66656368615f68617374617c4e3b696e6d7565626c65735f6275736361646f725f62616e696f735f64657364657c4e3b696e6d7565626c65735f6275736361646f725f62616e696f735f68617374617c4e3b696e6d7565626c65735f6275736361646f725f68616269746163696f6e65735f64657364657c4e3b696e6d7565626c65735f6275736361646f725f68616269746163696f6e65735f68617374617c4e3b696e6d7565626c65735f6275736361646f725f6d6574726f735f64657364657c4e3b696e6d7565626c65735f6275736361646f725f6d6574726f735f68617374617c4e3b696e6d7565626c65735f6275736361646f725f70726563696f735f64657364657c4e3b696e6d7565626c65735f6275736361646f725f70726563696f735f68617374617c4e3b6d6573736167657c733a31383a22456c656d656e746f20696e7365727461646f223b5f5f63695f766172737c613a323a7b733a373a226d657373616765223b733a333a226f6c64223b733a31333a226d6573736167655f636f6c6f72223b733a333a226f6c64223b7d6d6573736167655f636f6c6f727c733a373a2273756363657373223b),
('f00a1b2a2f496d6fd379b91135aa53a588e6acd2', '127.0.0.1', 1498668986, 0x5f5f63695f6c6173745f726567656e65726174657c693a313439383636383930363b6964656e746974797c733a32353a22616e67656c2e62657261737561696e40676d61696c2e636f6d223b656d61696c7c733a32353a22616e67656c2e62657261737561696e40676d61696c2e636f6d223b757365725f69647c733a313a2232223b6f6c645f6c6173745f6c6f67696e7c733a31303a2231343938363531343333223b),
('f8a2efb3c9deb4d0e06585e7eaf83ee2ce9b6df2', '127.0.0.1', 1498844925, 0x5f5f63695f6c6173745f726567656e65726174657c693a313439383834343733363b6964656e746974797c733a32353a22616e67656c2e62657261737561696e40676d61696c2e636f6d223b656d61696c7c733a32353a22616e67656c2e62657261737561696e40676d61696c2e636f6d223b757365725f69647c733a313a2232223b6f6c645f6c6173745f6c6f67696e7c733a31303a2231343938383131313837223b696e6d7565626c65735f6275736361646f725f63657274696669636163696f6e5f656e65726765746963615f69647c4e3b696e6d7565626c65735f6275736361646f725f70726f76696e6369615f69647c4e3b696e6d7565626c65735f6275736361646f725f706f626c6163696f6e5f69647c4e3b696e6d7565626c65735f6275736361646f725f7a6f6e615f69647c4e3b696e6d7565626c65735f6275736361646f725f7469706f5f69647c4e3b696e6d7565626c65735f6275736361646f725f65737461646f5f69647c4e3b696e6d7565626c65735f6275736361646f725f6361707461646f725f69647c4e3b696e6d7565626c65735f6275736361646f725f6f66657274615f69647c4e3b696e6d7565626c65735f6275736361646f725f6d6f64696669636163696f6e5f70726563696f5f69647c4e3b696e6d7565626c65735f6275736361646f725f7075626c696361646f5f69647c4e3b696e6d7565626c65735f6275736361646f725f64657374616361646f5f69647c4e3b696e6d7565626c65735f6275736361646f725f6f706f7274756e696461645f69647c4e3b696e6d7565626c65735f6275736361646f725f66656368615f64657364657c4e3b696e6d7565626c65735f6275736361646f725f66656368615f68617374617c4e3b696e6d7565626c65735f6275736361646f725f62616e696f735f64657364657c4e3b696e6d7565626c65735f6275736361646f725f62616e696f735f68617374617c4e3b696e6d7565626c65735f6275736361646f725f68616269746163696f6e65735f64657364657c4e3b696e6d7565626c65735f6275736361646f725f68616269746163696f6e65735f68617374617c4e3b696e6d7565626c65735f6275736361646f725f6d6574726f735f64657364657c4e3b696e6d7565626c65735f6275736361646f725f6d6574726f735f68617374617c4e3b696e6d7565626c65735f6275736361646f725f70726563696f735f64657364657c4e3b696e6d7565626c65735f6275736361646f725f70726563696f735f68617374617c4e3b),
('fb59d85a2e5aa4f9b8f5503d86e4d9d66643bccb', '127.0.0.1', 1498897919, 0x5f5f63695f6c6173745f726567656e65726174657c693a313439383839373931373b),
('fd34219ef8bae441b59d8c977294fd3b6aed16d9', '127.0.0.1', 1498583258, 0x5f5f63695f6c6173745f726567656e65726174657c693a313439383538333231303b6964656e746974797c733a32353a22616e67656c2e62657261737561696e40676d61696c2e636f6d223b656d61696c7c733a32353a22616e67656c2e62657261737561696e40676d61696c2e636f6d223b757365725f69647c733a313a2232223b6f6c645f6c6173745f6c6f67696e7c733a31303a2231343938353438393130223b);

-- --------------------------------------------------------

--
-- Estructura de tabla para la tabla `clientes`
--

DROP TABLE IF EXISTS `clientes`;
CREATE TABLE IF NOT EXISTS `clientes` (
  `id` int(11) unsigned NOT NULL AUTO_INCREMENT,
  `nombre` varchar(100) NOT NULL,
  `apellidos` varchar(150) NOT NULL,
  `fecha_nac` date DEFAULT NULL,
  `direccion` varchar(200) NOT NULL,
  `pais_id` int(11) unsigned NOT NULL,
  `poblacion_id` int(11) unsigned DEFAULT NULL,
  `telefonos` varchar(70) NOT NULL,
  `nif` varchar(11) NOT NULL,
  `observaciones` text NOT NULL,
  `fecha_alta` datetime NOT NULL,
  `fecha_actualizacion` datetime DEFAULT NULL,
  `correo` varchar(250) NOT NULL,
  `busca_vender` tinyint(4) NOT NULL DEFAULT '0',
  `busca_comprar` tinyint(4) NOT NULL DEFAULT '0',
  `busca_alquilar` tinyint(4) NOT NULL DEFAULT '0',
  `busca_alquiler` tinyint(4) NOT NULL DEFAULT '0',
  `estado_id` int(11) unsigned NOT NULL DEFAULT '5',
  `estado_civil` varchar(50) DEFAULT NULL COMMENT 'Puedo contener los valores: soltero/a o casodo/a',
  `agente_asignado_id` int(11) unsigned DEFAULT NULL,
  PRIMARY KEY (`id`),
  KEY `FK_clientes_poblacion_id` (`poblacion_id`),
  KEY `FK_clientes_agente_asignado_id` (`agente_asignado_id`),
  KEY `FK_clientes_pais_id` (`pais_id`),
  KEY `FK_clientes_estado_id` (`estado_id`)
) ENGINE=InnoDB  DEFAULT CHARSET=utf8 AUTO_INCREMENT=26 ;

--
-- Volcado de datos para la tabla `clientes`
--

INSERT INTO `clientes` (`id`, `nombre`, `apellidos`, `fecha_nac`, `direccion`, `pais_id`, `poblacion_id`, `telefonos`, `nif`, `observaciones`, `fecha_alta`, `fecha_actualizacion`, `correo`, `busca_vender`, `busca_comprar`, `busca_alquilar`, `busca_alquiler`, `estado_id`, `estado_civil`, `agente_asignado_id`) VALUES
(1, 'Angel', 'Berasuain Ruiz', '1982-05-19', 'Calle pinito del Oro, número 4, 6 C', 64, 292, '956078391-659163979', '75777802R', 'Cliente inicial\r\n', '0000-00-00 00:00:00', '2017-06-29 20:24:06', 'angel.berasuain@gmail.com', 0, 0, 0, 0, 5, NULL, 2),
(2, 'Diego', 'Guerrero', NULL, 'Calle mar del norte', 64, 1788, '', '31698990E', '', '0000-00-00 00:00:00', '0000-00-00 00:00:00', 'diego@fac.com', 0, 0, 0, 0, 5, NULL, 2),
(4, 'Pepito', 'Perez', NULL, 'Calle Obispo Orberá', 64, 3, '121212', '63053238A', 'uuuuuuuuuu', '0000-00-00 00:00:00', '0000-00-00 00:00:00', 'pepito@perez.com', 0, 0, 0, 0, 5, NULL, 3),
(7, 'aaaaaaa', 'asdad', NULL, 'copenhague', 55, NULL, '956078391-659163979', '33446605M', '<p>\r\n	assssssssss</p>\r\n', '2017-05-25 12:05:48', '2017-06-13 15:00:57', 'pepito2@perez.com', 0, 0, 0, 0, 5, NULL, 3),
(8, 'Mi', 'Cuñao', NULL, 'Calle flamenco', 64, 329, '-', '14526680H', 'sdsdsd', '2017-05-26 14:15:01', NULL, 'cuniao@hotmail.com', 0, 0, 0, 0, 5, NULL, 3),
(10, 'ULTIMO', 'Hombre', NULL, 'Calle Rosa', 64, 1780, '', '46300568G', '', '2017-05-31 19:23:21', NULL, 'test@test.com', 0, 0, 0, 0, 5, NULL, NULL),
(21, 'Test', 'Fecha nac', '1982-05-19', 'Avenida marconi, 1', 64, 1780, '', '21017477P', 'Test fecha nac', '2017-06-02 12:00:12', NULL, 'test@fechanac.com', 0, 0, 0, 0, 5, NULL, NULL),
(22, 'asdsa', 'asdasdsa', '1982-05-19', 'Calle Obispo Orberá', 64, 292, '-', '00346592M', '', '2017-06-02 12:00:12', NULL, 'sdasd@asasd.com', 0, 0, 0, 0, 5, NULL, NULL),
(23, 'GUILLERMO', 'LEON SANCHEZ', NULL, 'Calle benjumeda, 10', 64, 1780, '956112233', '52357246T', '<p>\r\n	Test de importaci&oacute;n 1</p>\r\n', '2017-06-11 13:58:29', '2017-06-11 13:59:11', 'guillermo.leon@test.com', 0, 0, 0, 0, 6, NULL, NULL),
(24, 'Rosa', 'De Benito Díaz', '1952-05-19', 'Iglesia', 64, 1770, '', '15092216F', '', '2017-06-26 18:58:14', NULL, 'rosa.benito@test.com', 0, 0, 0, 0, 5, NULL, NULL),
(25, 'Raúl', 'López García', '1982-05-19', 'ecuador', 64, 1780, '', '72163238W', '', '2017-06-26 18:59:45', NULL, 'raul.lopez@test.com', 0, 0, 0, 0, 5, NULL, NULL);

-- --------------------------------------------------------

--
-- Estructura de tabla para la tabla `clientes_fichas`
--

DROP TABLE IF EXISTS `clientes_fichas`;
CREATE TABLE IF NOT EXISTS `clientes_fichas` (
  `id` int(11) unsigned NOT NULL AUTO_INCREMENT,
  `plantilla_id` int(11) unsigned NOT NULL,
  `agente_id` int(11) unsigned NOT NULL,
  `html` text NOT NULL,
  `fecha` date NOT NULL,
  `cliente_id` int(11) unsigned DEFAULT NULL,
  PRIMARY KEY (`id`),
  UNIQUE KEY `FK_clientes_fichas_cliente_id` (`cliente_id`),
  KEY `FK_clientes_fichas_agente_id` (`agente_id`),
  KEY `FK_clientes_fichas_plantilla_id` (`plantilla_id`)
) ENGINE=InnoDB  DEFAULT CHARSET=utf8 AUTO_INCREMENT=4 ;

--
-- Volcado de datos para la tabla `clientes_fichas`
--

INSERT INTO `clientes_fichas` (`id`, `plantilla_id`, `agente_id`, `html`, `fecha`, `cliente_id`) VALUES
(3, 4, 2, '<p>\r\n	<small class="col-sm-4"><strong>Datos General:</strong> </small></p>\r\n<ul>\r\n	<li>\r\n		<small class="col-sm-4">03/07/2017: Fecha actual en formato num&eacute;rico</small></li>\r\n	<li>\r\n		<small class="col-sm-4">3 de julio del 2017: Fecha actual en formato texto</small></li>\r\n</ul>\r\n<p>\r\n	<small class="col-sm-4"><strong>Datos Clientes:</strong> </small></p>\r\n<ul>\r\n	<li>\r\n		<small class="col-sm-4">75777802R: NIF/NIE/CIF del cliente</small></li>\r\n	<li>\r\n		<small class="col-sm-4">Angel: Nombre del cliente</small></li>\r\n	<li>\r\n		<small class="col-sm-4">Berasuain Ruiz: Apellidos del cliente</small></li>\r\n	<li>\r\n		<small class="col-sm-4">19/05/1982: Fecha de nacimiento</small></li>\r\n	<li>\r\n		<small class="col-sm-4">Espa&ntilde;a: Nombre del pa&iacute;s donde reside</small></li>\r\n	<li>\r\n		<small class="col-sm-4">Almer&iacute;a: Nombre de la provincia</small></li>\r\n	<li>\r\n		<small class="col-sm-4">Almer&iacute;a: Nombre del municipio</small></li>\r\n	<li>\r\n		<small class="col-sm-4">Calle pinito del Oro, n&uacute;mero 4, 6 C: Domicilio donde reside el cliente</small></li>\r\n	<li>\r\n		<small class="col-sm-4">angel.berasuain@gmail.com: Correo electr&oacute;nico</small></li>\r\n	<li>\r\n		<small class="col-sm-4">956078391-659163979: Tel&eacute;fonos de contacto</small></li>\r\n	<li>\r\n		<small class="col-sm-4">Activo: Estado</small></li>\r\n	<li>\r\n		<small class="col-sm-4">Berasuain Ruiz,&Aacute;ngel Luis : Nombre del agente asignado</small></li>\r\n	<li>\r\n		<small class="col-sm-4">Cliente inicial : Observaciones</small></li>\r\n</ul>\r\n<p>\r\n	<small class="col-sm-4"><strong>Datos Agentes Inmobiliarios:</strong> </small></p>\r\n<ul>\r\n	<li>\r\n		<small class="col-sm-4">&Aacute;ngel Luis : Nombre del agente</small></li>\r\n	<li>\r\n		<small class="col-sm-4">Berasuain Ruiz: Apellidos del agente</small></li>\r\n</ul>\r\n', '2017-07-03', 1);

-- --------------------------------------------------------

--
-- Estructura de tabla para la tabla `clientes_ficheros`
--

DROP TABLE IF EXISTS `clientes_ficheros`;
CREATE TABLE IF NOT EXISTS `clientes_ficheros` (
  `id` int(11) unsigned NOT NULL AUTO_INCREMENT,
  `cliente_id` int(11) unsigned NOT NULL,
  `texto_fichero` text,
  `fichero` varchar(255) NOT NULL,
  `tipo_fichero_id` int(11) unsigned NOT NULL DEFAULT '5',
  PRIMARY KEY (`id`),
  KEY `FK_clientes_ficheros_cliente_id` (`cliente_id`),
  KEY `FK_clientes_ficheros_tipo_fichero_id` (`tipo_fichero_id`)
) ENGINE=InnoDB  DEFAULT CHARSET=utf8 AUTO_INCREMENT=4 ;

--
-- Volcado de datos para la tabla `clientes_ficheros`
--

INSERT INTO `clientes_ficheros` (`id`, `cliente_id`, `texto_fichero`, `fichero`, `tipo_fichero_id`) VALUES
(2, 1, 'Fichero de prueba', 'uploads/clientes/1/38a20926acec5eb01c9f5cf038b64140.pdf', 5),
(3, 1, 'Pasaporte', 'uploads/clientes/1/cdc2c317d027aa74f27bb5a3942fd819.png', 6);

-- --------------------------------------------------------

--
-- Estructura de tabla para la tabla `clientes_inmuebles`
--

DROP TABLE IF EXISTS `clientes_inmuebles`;
CREATE TABLE IF NOT EXISTS `clientes_inmuebles` (
  `id` int(11) unsigned NOT NULL AUTO_INCREMENT,
  `cliente_id` int(11) unsigned NOT NULL,
  `inmueble_id` int(11) unsigned NOT NULL,
  PRIMARY KEY (`id`),
  KEY `FK_clientes_inmuebles_cliente_id` (`cliente_id`),
  KEY `FK_clientes_inmuebles_inmueble_id` (`inmueble_id`)
) ENGINE=InnoDB  DEFAULT CHARSET=utf8 AUTO_INCREMENT=12 ;

--
-- Volcado de datos para la tabla `clientes_inmuebles`
--

INSERT INTO `clientes_inmuebles` (`id`, `cliente_id`, `inmueble_id`) VALUES
(1, 1, 1),
(2, 1, 4),
(6, 2, 4),
(7, 1, 3),
(11, 7, 15);

-- --------------------------------------------------------

--
-- Estructura de tabla para la tabla `comunidades_autonomas`
--

DROP TABLE IF EXISTS `comunidades_autonomas`;
CREATE TABLE IF NOT EXISTS `comunidades_autonomas` (
  `id` int(11) unsigned NOT NULL AUTO_INCREMENT,
  `nombre_comunidad_autonoma` varchar(255) NOT NULL,
  PRIMARY KEY (`id`)
) ENGINE=InnoDB  DEFAULT CHARSET=utf8 AUTO_INCREMENT=20 ;

--
-- Volcado de datos para la tabla `comunidades_autonomas`
--

INSERT INTO `comunidades_autonomas` (`id`, `nombre_comunidad_autonoma`) VALUES
(1, 'Andalucía'),
(2, 'Aragón'),
(3, 'Cantabria'),
(4, 'Castilla y León'),
(5, 'Castilla-La Mancha'),
(6, 'Cataluña'),
(7, 'Ceuta'),
(8, 'Comunidad de Madrid'),
(9, 'Comunidad Valenciana'),
(10, 'Extremadura'),
(11, 'Galicia'),
(12, 'Illes Balears'),
(13, 'Islas Canarias'),
(14, 'La Rioja'),
(15, 'Melilla'),
(16, 'Navarra'),
(17, 'País Vasco'),
(18, 'Principado de Asturias'),
(19, 'Región de Murcia');

-- --------------------------------------------------------

--
-- Estructura de tabla para la tabla `config`
--

DROP TABLE IF EXISTS `config`;
CREATE TABLE IF NOT EXISTS `config` (
  `id_config` int(9) NOT NULL AUTO_INCREMENT,
  `nombre` varchar(50) DEFAULT NULL,
  `webseo` varchar(100) NOT NULL,
  `imagen` varchar(50) DEFAULT NULL,
  `cabecera_fija` tinyint(1) NOT NULL,
  `ccabecera` varchar(7) NOT NULL DEFAULT '#cbbddb',
  `cfuentecabecera` varchar(7) NOT NULL DEFAULT '#000000',
  `cbordecabecera` varchar(7) NOT NULL DEFAULT '#cccccc',
  `cfondo` varchar(7) NOT NULL DEFAULT '#5247cf',
  `cfuentefondo` varchar(7) NOT NULL,
  `cpie` varchar(7) NOT NULL DEFAULT '#be540e',
  `cfuentepie` varchar(7) NOT NULL DEFAULT '#000000',
  `imagen_thumb` varchar(60) DEFAULT NULL,
  `idioma_defecto` int(11) NOT NULL DEFAULT '1',
  `facebook` varchar(150) DEFAULT NULL,
  `twitter` varchar(150) DEFAULT NULL,
  `google` varchar(150) DEFAULT NULL,
  `vimeo` varchar(150) DEFAULT NULL,
  PRIMARY KEY (`id_config`)
) ENGINE=InnoDB  DEFAULT CHARSET=utf8 AUTO_INCREMENT=2 ;

--
-- Volcado de datos para la tabla `config`
--

INSERT INTO `config` (`id_config`, `nombre`, `webseo`, `imagen`, `cabecera_fija`, `ccabecera`, `cfuentecabecera`, `cbordecabecera`, `cfondo`, `cfuentefondo`, `cpie`, `cfuentepie`, `imagen_thumb`, `idioma_defecto`, `facebook`, `twitter`, `google`, `vimeo`) VALUES
(1, 'Openrs', 'openrs', 'logo-openrs-new.jpg', 0, '#ffffff', '#24ace0', '#08a9a1', '#ffffff', '#24ace0', '#08a9a1', '#ffffff', 'logo-openrs-new_thumb.jpg', 1, 'face', 'tw', 'g+', NULL);

-- --------------------------------------------------------

--
-- Estructura de tabla para la tabla `config_admin`
--

DROP TABLE IF EXISTS `config_admin`;
CREATE TABLE IF NOT EXISTS `config_admin` (
  `id` int(11) NOT NULL AUTO_INCREMENT,
  `email_contacto` varchar(120) NOT NULL,
  `google_api_key` varchar(50) NOT NULL,
  `google_analytics_ID` varchar(20) NOT NULL,
  PRIMARY KEY (`id`)
) ENGINE=InnoDB  DEFAULT CHARSET=utf8 AUTO_INCREMENT=2 ;

--
-- Volcado de datos para la tabla `config_admin`
--

INSERT INTO `config_admin` (`id`, `email_contacto`, `google_api_key`, `google_analytics_ID`) VALUES
(1, 'angel.berasuain@gmail.com', 'AIzaSyCVeNG5XiGj--htp-gk_7zu2bzgQ44VmvI', 'UA-65333927-3');

-- --------------------------------------------------------

--
-- Estructura de tabla para la tabla `demandas`
--

DROP TABLE IF EXISTS `demandas`;
CREATE TABLE IF NOT EXISTS `demandas` (
  `id` int(11) unsigned NOT NULL AUTO_INCREMENT,
  `referencia` varchar(40) NOT NULL,
  `metros_desde` int(4) NOT NULL,
  `metros_hasta` int(4) NOT NULL,
  `habitaciones_desde` int(2) NOT NULL,
  `habitaciones_hasta` int(2) NOT NULL,
  `banios_desde` int(2) NOT NULL,
  `banios_hasta` int(2) NOT NULL,
  `precio_desde` int(10) unsigned NOT NULL,
  `precio_hasta` int(10) unsigned NOT NULL,
  `provincia_id` int(11) unsigned DEFAULT NULL,
  `poblacion_id` int(11) unsigned DEFAULT NULL,
  `observaciones` text,
  `estado_id` int(11) unsigned NOT NULL DEFAULT '1',
  `certificacion_energetica_id` int(11) unsigned DEFAULT NULL,
  `anio_construccion_desde` int(4) NOT NULL,
  `anio_construccion_hasta` int(4) NOT NULL,
  `agente_asignado_id` int(11) unsigned DEFAULT NULL,
  `oferta_id` int(2) NOT NULL DEFAULT '0',
  `tipo_demanda_id` int(2) NOT NULL DEFAULT '1',
  `cliente_id` int(11) unsigned NOT NULL,
  `fecha_alta` date NOT NULL,
  `fecha_actualizacion` datetime DEFAULT NULL,
  PRIMARY KEY (`id`),
  KEY `FK_demandas_agente_asignado_id` (`agente_asignado_id`),
  KEY `FK_demandas_certificacion_energetica_id` (`certificacion_energetica_id`),
  KEY `FK_demandas_provincia_id` (`provincia_id`),
  KEY `FK_demandas_estado_id` (`estado_id`),
  KEY `FK_demandas_poblacion_id` (`poblacion_id`),
  KEY `FK_demandas_cliente_id` (`cliente_id`)
) ENGINE=InnoDB  DEFAULT CHARSET=utf8 AUTO_INCREMENT=14 ;

--
-- Volcado de datos para la tabla `demandas`
--

INSERT INTO `demandas` (`id`, `referencia`, `metros_desde`, `metros_hasta`, `habitaciones_desde`, `habitaciones_hasta`, `banios_desde`, `banios_hasta`, `precio_desde`, `precio_hasta`, `provincia_id`, `poblacion_id`, `observaciones`, `estado_id`, `certificacion_energetica_id`, `anio_construccion_desde`, `anio_construccion_hasta`, `agente_asignado_id`, `oferta_id`, `tipo_demanda_id`, `cliente_id`, `fecha_alta`, `fecha_actualizacion`) VALUES
(1, 'DEM0001', 50, 60, 1, 2, 1, 1, 50000, 100000, 11, 1780, 'Desea un inmueble bonito y amplio', 7, 4, 1990, 2012, 2, 1, 2, 1, '2017-06-20', NULL),
(3, 'DEM0002', 0, 0, 0, 0, 0, 0, 0, 0, NULL, NULL, 'Oficina en el centro', 7, NULL, 0, 0, 2, 2, 1, 2, '2017-06-19', NULL),
(6, '594a46cec90ca', 50, 60, 1, 2, 1, 1, 50000, 100000, 11, 1780, 'Desea un inmueble bonito y amplio', 7, 4, 1990, 2012, 2, 1, 2, 1, '2017-06-21', NULL),
(8, 'DEM0003', 0, 0, 0, 0, 0, 0, 60000, 120000, NULL, NULL, 'uuuuuuuuuuuu', 7, NULL, 0, 0, 2, 1, 2, 8, '2017-06-21', NULL),
(11, 'DEMALMERIA', 0, 0, 0, 0, 0, 0, 0, 0, 4, 292, '-', 7, NULL, 0, 0, 2, 1, 2, 1, '2017-06-21', NULL),
(12, 'DEMALMERIA0001', 0, 0, 0, 0, 0, 0, 0, 0, 4, 292, '-', 7, NULL, 0, 0, 2, 1, 2, 10, '2017-06-21', NULL),
(13, 'DEMINMUEBLE', 0, 0, 0, 0, 0, 0, 0, 0, NULL, NULL, '-', 9, NULL, 0, 0, 2, 1, 1, 21, '2017-06-26', NULL);

-- --------------------------------------------------------

--
-- Estructura de tabla para la tabla `demandas_fichas`
--

DROP TABLE IF EXISTS `demandas_fichas`;
CREATE TABLE IF NOT EXISTS `demandas_fichas` (
  `id` int(11) unsigned NOT NULL AUTO_INCREMENT,
  `plantilla_id` int(11) unsigned NOT NULL,
  `agente_id` int(11) unsigned NOT NULL,
  `html` text NOT NULL,
  `fecha` date NOT NULL,
  `demanda_id` int(11) unsigned DEFAULT NULL,
  PRIMARY KEY (`id`),
  UNIQUE KEY `FK_demandas_fichas_demanda_id` (`demanda_id`),
  KEY `FK_demandas_fichas_agente_id` (`agente_id`),
  KEY `FK_demandas_fichas_plantilla_id` (`plantilla_id`)
) ENGINE=InnoDB  DEFAULT CHARSET=utf8 AUTO_INCREMENT=6 ;

--
-- Volcado de datos para la tabla `demandas_fichas`
--

INSERT INTO `demandas_fichas` (`id`, `plantilla_id`, `agente_id`, `html`, `fecha`, `demanda_id`) VALUES
(5, 8, 2, '<p>\r\n	<small class="col-sm-4"><strong>Datos General:</strong> </small></p>\r\n<ul>\r\n	<li>\r\n		<small class="col-sm-4">04/07/2017: Fecha actual en formato num&eacute;rico</small></li>\r\n	<li>\r\n		<small class="col-sm-4">4 de julio del 2017: Fecha actual en formato texto</small></li>\r\n</ul>\r\n<p>\r\n	<small class="col-sm-4"><strong>Datos Agentes Inmobiliarios:</strong> </small></p>\r\n<ul>\r\n	<li>\r\n		<small class="col-sm-4">Ángel Luis : Nombre del agente</small></li>\r\n	<li>\r\n		<small class="col-sm-4">Berasuain Ruiz: Apellidos del agente</small></li>\r\n</ul>\r\n<p>\r\n	<small class="col-sm-4"><strong>Datos Demandas:</strong> </small></p>\r\n<ul>\r\n	<li>\r\n		<small class="col-sm-4">DEM0001: Referencia de la demanda</small></li>\r\n	<li>\r\n		<small class="col-sm-4">20/06/2017: Fecha de alta de la demanda</small></li>\r\n	<li>\r\n		<small class="col-sm-4">Venta: Oferta demandada</small></li>\r\n	<li>\r\n		<small class="col-sm-4">Con filtros de búsqueda: Tipo de demanda</small></li>\r\n	<li>\r\n		<small class="col-sm-4">Berasuain Ruiz, Angel: Nombre completo del cliente demandante</small></li>\r\n	<li>\r\n		<small class="col-sm-4">Casa Grande, Garaje, Local comercial: Listado de tipos de inmuebles separados por comas</small></li>\r\n	<li>\r\n		<small class="col-sm-4">Cádiz: Nombre de la provincia</small></li>\r\n	<li>\r\n		<small class="col-sm-4">Cádiz: Nombre del municipio</small></li>\r\n	<li>\r\n		<small class="col-sm-4">Centro: Listado de zonas separados por comas</small></li>\r\n	<li>\r\n		<small class="col-sm-4">50: Metros totales (desde)</small></li>\r\n	<li>\r\n		<small class="col-sm-4">60: Metros totales (hasta)</small></li>\r\n	<li>\r\n		<small class="col-sm-4">1: N&uacute;mero de habitaciones (desde)</small></li>\r\n	<li>\r\n		<small class="col-sm-4">2: N&uacute;mero de habitaciones (hasta)</small></li>\r\n	<li>\r\n		<small class="col-sm-4">1: N&uacute;mero de ba&ntilde;os (desde)</small></li>\r\n	<li>\r\n		<small class="col-sm-4">1: N&uacute;mero de ba&ntilde;os (hasta)</small></li>\r\n	<li>\r\n		<small class="col-sm-4">50.000: Precio (desde)</small></li>\r\n	<li>\r\n		<small class="col-sm-4">100.000: Precio (hasta)</small></li>\r\n	<li>\r\n		<small class="col-sm-4">1990: A&ntilde;o construcci&oacute;n (desde)</small></li>\r\n	<li>\r\n		<small class="col-sm-4">2012: A&ntilde;o construcci&oacute;n (hasta)</small></li>\r\n	<li>\r\n		<small class="col-sm-4">D: Certificaci&oacute;n energ&eacute;tica m&iacute;nima</small></li>\r\n	<li>\r\n		<small class="col-sm-4">Sin atender: Estado</small></li>\r\n	<li>\r\n		<small class="col-sm-4">Berasuain Ruiz, Ángel Luis : Nombre completo del agente asignado</small></li>\r\n	<li>\r\n		<small class="col-sm-4">Desea un inmueble bonito y amplio: Observaciones</small></li>\r\n</ul>\r\n', '2017-07-04', 1);

-- --------------------------------------------------------

--
-- Estructura de tabla para la tabla `demandas_ficheros`
--

DROP TABLE IF EXISTS `demandas_ficheros`;
CREATE TABLE IF NOT EXISTS `demandas_ficheros` (
  `id` int(11) unsigned NOT NULL AUTO_INCREMENT,
  `demanda_id` int(11) unsigned NOT NULL,
  `texto_fichero` text,
  `fichero` varchar(255) NOT NULL,
  `tipo_fichero_id` int(11) unsigned NOT NULL DEFAULT '7',
  PRIMARY KEY (`id`),
  KEY `FK_demandas_ficheros_demanda_id` (`demanda_id`),
  KEY `FK_demandas_ficheros_tipo_fichero_id` (`tipo_fichero_id`)
) ENGINE=InnoDB  DEFAULT CHARSET=utf8 AUTO_INCREMENT=2 ;

--
-- Volcado de datos para la tabla `demandas_ficheros`
--

INSERT INTO `demandas_ficheros` (`id`, `demanda_id`, `texto_fichero`, `fichero`, `tipo_fichero_id`) VALUES
(1, 6, 'Primera visita', 'uploads/demandas/6/7df73b7cbaae64128a6c565b8dedf986.jpg', 7);

-- --------------------------------------------------------

--
-- Estructura de tabla para la tabla `demandas_poblaciones_zonas`
--

DROP TABLE IF EXISTS `demandas_poblaciones_zonas`;
CREATE TABLE IF NOT EXISTS `demandas_poblaciones_zonas` (
  `id` int(11) unsigned NOT NULL AUTO_INCREMENT,
  `demanda_id` int(11) unsigned NOT NULL,
  `zona_id` int(11) unsigned NOT NULL,
  PRIMARY KEY (`id`),
  KEY `FK_demandas_zonas_demanda_id` (`demanda_id`),
  KEY `FK_demandas_zonas_zona_id` (`zona_id`)
) ENGINE=InnoDB  DEFAULT CHARSET=utf8 AUTO_INCREMENT=6 ;

--
-- Volcado de datos para la tabla `demandas_poblaciones_zonas`
--

INSERT INTO `demandas_poblaciones_zonas` (`id`, `demanda_id`, `zona_id`) VALUES
(3, 12, 4),
(4, 12, 5),
(5, 1, 6);

-- --------------------------------------------------------

--
-- Estructura de tabla para la tabla `demandas_tipos_inmueble`
--

DROP TABLE IF EXISTS `demandas_tipos_inmueble`;
CREATE TABLE IF NOT EXISTS `demandas_tipos_inmueble` (
  `id` int(11) unsigned NOT NULL AUTO_INCREMENT,
  `demanda_id` int(11) unsigned NOT NULL,
  `tipo_id` int(11) unsigned NOT NULL,
  PRIMARY KEY (`id`),
  KEY `FK_demandas_zonas_demanda_id` (`demanda_id`),
  KEY `FK_demandas_zonas_tipo_id` (`tipo_id`)
) ENGINE=InnoDB  DEFAULT CHARSET=utf8 AUTO_INCREMENT=17 ;

--
-- Volcado de datos para la tabla `demandas_tipos_inmueble`
--

INSERT INTO `demandas_tipos_inmueble` (`id`, `demanda_id`, `tipo_id`) VALUES
(6, 8, 3),
(7, 8, 1),
(8, 11, 1),
(9, 11, 2),
(13, 12, 9),
(14, 1, 9),
(15, 1, 5),
(16, 1, 3);

-- --------------------------------------------------------

--
-- Estructura de tabla para la tabla `estados`
--

DROP TABLE IF EXISTS `estados`;
CREATE TABLE IF NOT EXISTS `estados` (
  `id` int(11) unsigned NOT NULL AUTO_INCREMENT,
  `ambito_id` tinyint(1) NOT NULL COMMENT '1 para clientes, 2 para inmuebles y 3 para demandas',
  `nombre` varchar(50) NOT NULL,
  `descripcion` varchar(120) NOT NULL,
  `historico` tinyint(1) NOT NULL DEFAULT '0',
  PRIMARY KEY (`id`)
) ENGINE=InnoDB  DEFAULT CHARSET=utf8 AUTO_INCREMENT=11 ;

--
-- Volcado de datos para la tabla `estados`
--

INSERT INTO `estados` (`id`, `ambito_id`, `nombre`, `descripcion`, `historico`) VALUES
(1, 2, 'Captación', 'Buscando demandantes', 0),
(2, 2, 'Vendido', 'El inmueble está vendido', 1),
(3, 2, 'En construcción', 'Aún se está construyendo', 0),
(4, 2, 'Alquilado', 'El inmueble está alquilado', 0),
(5, 1, 'Activo', 'Se estan realizando acciones para encontrar oferta o demanda', 0),
(6, 1, 'Histórico', 'El cliente ya no está activo', 1),
(7, 3, 'Sin atender', 'Aún no se ha comenzado con el proceso de la demanda', 0),
(8, 3, 'Buscando inmuebles', 'Buscando inmuebles que cumplan las expectativas', 0),
(9, 3, 'Visitando inmuebles', 'Proceso de visitas de inmuebles de interés', 0),
(10, 3, 'Cerrada', 'La demanda ha concluido por cualquier motivo', 1);

-- --------------------------------------------------------

--
-- Estructura de tabla para la tabla `fichas_visita`
--

DROP TABLE IF EXISTS `fichas_visita`;
CREATE TABLE IF NOT EXISTS `fichas_visita` (
  `id` int(11) unsigned NOT NULL AUTO_INCREMENT,
  `demanda_id` int(11) unsigned NOT NULL,
  `agente_id` int(11) unsigned NOT NULL,
  `fecha` date NOT NULL,
  `visitado` tinyint(1) NOT NULL DEFAULT '0',
  `observaciones` text,
  PRIMARY KEY (`id`),
  KEY `FK_fichas_visita_demanda_id` (`demanda_id`),
  KEY `FK_fichas_visita_agente_id` (`agente_id`),
  KEY `ficha_visita_fecha` (`fecha`)
) ENGINE=InnoDB  DEFAULT CHARSET=utf8 AUTO_INCREMENT=4 ;

--
-- Volcado de datos para la tabla `fichas_visita`
--

INSERT INTO `fichas_visita` (`id`, `demanda_id`, `agente_id`, `fecha`, `visitado`, `observaciones`) VALUES
(3, 1, 3, '2017-06-27', 1, NULL);

-- --------------------------------------------------------

--
-- Estructura de tabla para la tabla `fichas_visita_inmuebles_demandas`
--

DROP TABLE IF EXISTS `fichas_visita_inmuebles_demandas`;
CREATE TABLE IF NOT EXISTS `fichas_visita_inmuebles_demandas` (
  `id` int(11) unsigned NOT NULL AUTO_INCREMENT,
  `ficha_visita_id` int(11) unsigned NOT NULL,
  `inmueble_demanda_id` int(11) unsigned NOT NULL,
  `fecha_hora` datetime NOT NULL,
  PRIMARY KEY (`id`),
  KEY `FK_inmuebles_fichas_visita_ficha_visita_id` (`ficha_visita_id`),
  KEY `FK_inmuebles_fichas_visita_inmueble_demanda_id` (`inmueble_demanda_id`)
) ENGINE=InnoDB  DEFAULT CHARSET=utf8 AUTO_INCREMENT=2 ;

--
-- Volcado de datos para la tabla `fichas_visita_inmuebles_demandas`
--

INSERT INTO `fichas_visita_inmuebles_demandas` (`id`, `ficha_visita_id`, `inmueble_demanda_id`, `fecha_hora`) VALUES
(1, 3, 11, '2017-06-23 10:00:00');

-- --------------------------------------------------------

--
-- Estructura de tabla para la tabla `footer_opciones`
--

DROP TABLE IF EXISTS `footer_opciones`;
CREATE TABLE IF NOT EXISTS `footer_opciones` (
  `id_opc` int(2) NOT NULL AUTO_INCREMENT,
  `nombre` varchar(25) NOT NULL,
  `id_idioma` int(11) NOT NULL,
  PRIMARY KEY (`id_opc`),
  KEY `idx_footer_opciones` (`id_opc`)
) ENGINE=InnoDB  DEFAULT CHARSET=utf8 AUTO_INCREMENT=4 ;

--
-- Volcado de datos para la tabla `footer_opciones`
--

INSERT INTO `footer_opciones` (`id_opc`, `nombre`, `id_idioma`) VALUES
(1, 'menu footer', 1),
(2, 'redes sociales', 1),
(3, 'editor de texto', 1);

-- --------------------------------------------------------

--
-- Estructura de tabla para la tabla `footer_opciones_cliente`
--

DROP TABLE IF EXISTS `footer_opciones_cliente`;
CREATE TABLE IF NOT EXISTS `footer_opciones_cliente` (
  `id` int(2) NOT NULL AUTO_INCREMENT,
  `id_opc` int(2) NOT NULL,
  `iduser` int(11) NOT NULL,
  `columna` int(2) NOT NULL,
  `num_articulos` int(2) NOT NULL,
  PRIMARY KEY (`id`)
) ENGINE=InnoDB  DEFAULT CHARSET=utf8 AUTO_INCREMENT=8 ;

--
-- Volcado de datos para la tabla `footer_opciones_cliente`
--

INSERT INTO `footer_opciones_cliente` (`id`, `id_opc`, `iduser`, `columna`, `num_articulos`) VALUES
(1, 2, 1, 1, 0),
(7, 0, 1, 2, 0);

-- --------------------------------------------------------

--
-- Estructura de tabla para la tabla `footer_texto_idiomas`
--

DROP TABLE IF EXISTS `footer_texto_idiomas`;
CREATE TABLE IF NOT EXISTS `footer_texto_idiomas` (
  `id` int(2) NOT NULL AUTO_INCREMENT,
  `id_opc_cliente` int(2) NOT NULL,
  `contenido` text NOT NULL,
  `columna` int(2) NOT NULL,
  `id_idioma` int(11) NOT NULL,
  PRIMARY KEY (`id`)
) ENGINE=InnoDB  DEFAULT CHARSET=utf8 AUTO_INCREMENT=2 ;

--
-- Volcado de datos para la tabla `footer_texto_idiomas`
--

INSERT INTO `footer_texto_idiomas` (`id`, `id_opc_cliente`, `contenido`, `columna`, `id_idioma`) VALUES
(1, 1, 'telefono: 600 300 900', 2, 1);

-- --------------------------------------------------------

--
-- Estructura de tabla para la tabla `geocoding`
--

DROP TABLE IF EXISTS `geocoding`;
CREATE TABLE IF NOT EXISTS `geocoding` (
  `address` varchar(255) NOT NULL DEFAULT '',
  `latitude` float DEFAULT NULL,
  `longitude` float DEFAULT NULL,
  PRIMARY KEY (`address`)
) ENGINE=InnoDB DEFAULT CHARSET=utf8;

--
-- Volcado de datos para la tabla `geocoding`
--

INSERT INTO `geocoding` (`address`, `latitude`, `longitude`) VALUES
(', almeria, almeria, spain', 36.834, -2.46371),
(', cadiz, cadiz, spain', 36.5271, -6.2886),
('almeria, spain', 36.834, -2.46371),
('avenida del mediterraneo, almeria, almeria, spain', 36.8411, -2.44728),
('avenida marconi, 10, cadiz, cadiz, spain', 36.5083, -6.27665),
('avenida marconi, cadiz, cadiz, spain', 36.5077, -6.27339),
('benjumeda, cadiz, cadiz, spain', 36.5336, -6.30003),
('cadiz, cadiz, spain', 36.5271, -6.2886),
('calle benjumeda, cadiz, cadiz, spain', 36.5336, -6.30003),
('calle chile, 2, cadiz, cadiz, spain', 36.5334, -6.30328),
('calle doctor flemming, 11, cadiz, cadiz, spain', 36.5087, -6.27877),
('calle granada, almeria, almeria, spain', 36.8474, -2.45767),
('calle obispo orbera, 5, almeria, almeria, spain', 36.8413, -2.46311),
('calle obispo orbera, almeria, almeria, spain', 36.8402, -2.46145),
('calle obispo orbera,1, bajo, almeria, almeria, spain', 36.8415, -2.46339),
('calle rosa, cadiz, cadiz, spain', 36.5313, -6.30239),
('carretera granada, almeria, almeria, spain', 36.8577, -2.44819),
('catedral, cadiz, cadiz, spain', 36.5291, -6.29509);

-- --------------------------------------------------------

--
-- Estructura de tabla para la tabla `groups`
--

DROP TABLE IF EXISTS `groups`;
CREATE TABLE IF NOT EXISTS `groups` (
  `id` mediumint(8) unsigned NOT NULL AUTO_INCREMENT,
  `name` varchar(20) NOT NULL,
  `description` varchar(100) NOT NULL,
  PRIMARY KEY (`id`)
) ENGINE=InnoDB  DEFAULT CHARSET=utf8 AUTO_INCREMENT=3 ;

--
-- Volcado de datos para la tabla `groups`
--

INSERT INTO `groups` (`id`, `name`, `description`) VALUES
(1, 'admin', 'Administrador'),
(2, 'agente', 'Agente Inmobiliario');

-- --------------------------------------------------------

--
-- Estructura de tabla para la tabla `idiomas`
--

DROP TABLE IF EXISTS `idiomas`;
CREATE TABLE IF NOT EXISTS `idiomas` (
  `id_idioma` int(11) unsigned NOT NULL AUTO_INCREMENT,
  `nombre` varchar(50) NOT NULL,
  `nombre_seo` varchar(3) NOT NULL,
  `nombre_seo2` varchar(10) NOT NULL,
  `activo` int(1) unsigned NOT NULL DEFAULT '0',
  `subido` int(1) unsigned NOT NULL DEFAULT '0',
  `carpeta_idioma` varchar(50) NOT NULL,
  PRIMARY KEY (`id_idioma`)
) ENGINE=InnoDB  DEFAULT CHARSET=utf8 AUTO_INCREMENT=153 ;

--
-- Volcado de datos para la tabla `idiomas`
--

INSERT INTO `idiomas` (`id_idioma`, `nombre`, `nombre_seo`, `nombre_seo2`, `activo`, `subido`, `carpeta_idioma`) VALUES
(1, 'Español', 'es', 'es', 1, 1, 'spanish'),
(2, 'Afrikaans', 'af', 'af', 0, 0, 'Afrikaans'),
(3, 'Albanian', 'sq', 'sq', 0, 0, 'Albanian'),
(4, 'Arabic (Algeria)', 'ar', 'ar-dz', 0, 0, 'Arabic_Algeria'),
(5, 'Arabic (Bahrain)', 'ar', 'ar-bh', 0, 0, 'Arabic_Bahrain'),
(6, 'Arabic (Egypt)', 'ar', 'ar-eg', 0, 0, 'Arabic_Egypt'),
(7, 'Arabic (Iraq)', 'ar', 'ar-iq', 0, 0, 'Arabic_Iraq'),
(8, 'Arabic (Jordan)', 'ar', 'ar-jo', 0, 0, 'Arabic_Jordan'),
(9, 'Arabic (Kuwait)', 'ar', 'ar-kw', 0, 0, 'Arabic_Kuwait'),
(10, 'Arabic (Lebanon)', 'ar', 'ar-lb', 0, 0, 'Arabic_Lebanon'),
(11, 'Arabic (libya)', 'ar', 'ar-ly', 0, 0, 'Arabic_libya'),
(12, 'Arabic (Morocco)', 'ar', 'ar-ma', 0, 0, 'Arabic_Morocco'),
(13, 'Arabic (Oman)', 'ar', 'ar-om', 0, 0, 'Arabic_Oman'),
(14, 'Arabic (Qatar)', 'ar', 'ar-qa', 0, 0, 'Arabic_Qatar'),
(15, 'Arabic (Saudi Arabia)', 'ar', 'ar-sa', 0, 0, 'Arabic_Saudi_Arabia'),
(16, 'Arabic (Syria)', 'ar', 'ar-sy', 0, 0, 'Arabic_Syria'),
(17, 'Arabic (Tunisia)', 'ar', 'ar-tn', 0, 0, 'Arabic_Tunisia'),
(18, 'Arabic (U.A.E.)', 'ar', 'ar-ae', 0, 0, 'Arabic_U_A_E'),
(19, 'Arabic (Yemen)', 'ar', 'ar-ye', 0, 0, 'Arabic_Yemen'),
(20, 'Arabic', 'ar', 'ar', 0, 0, 'Arabic'),
(21, 'Armenian', 'hy', 'hy', 0, 0, 'Armenian'),
(22, 'Assamese', 'as', 'as', 0, 0, 'Assamese'),
(23, 'Azeri', 'az', 'az', 0, 0, 'Azeri'),
(24, 'Basque', 'eu', 'eu', 0, 0, 'Basque'),
(25, 'Belarusian', 'be', 'be', 0, 0, 'Belarusian'),
(26, 'Bengali', 'bn', 'bn', 0, 0, 'Bengali'),
(27, 'Bulgarian', 'bg', 'bg', 0, 0, 'Bulgarian'),
(28, 'Catalan', 'ca', 'ca', 0, 0, 'Catalan'),
(29, 'Chinese (China)', 'zh', 'zh-cn', 0, 0, 'Chinese_China'),
(30, 'Chinese (Hong Kong SAR)', 'zh', 'zh-hk', 0, 0, 'Chinese_Hong_Kong'),
(31, 'Chinese (Macau SAR)', 'zh', 'zh-mo', 0, 0, 'Chinese_Macau'),
(32, 'Chinese (Singapore)', 'zh', 'zh-sg', 0, 0, 'Chinese_Singapore'),
(33, 'Chinese (Taiwan)', 'zh', 'zh-tw', 0, 0, 'Chinese_Taiwan'),
(34, 'Chinese', 'zh', 'zh', 0, 0, 'Chinese'),
(35, 'Croatian', 'hr', 'hr', 0, 0, 'Croatian'),
(36, 'Czech', 'cs', 'cs', 0, 0, 'Czech'),
(37, 'Danish', 'da', 'da', 0, 0, 'Danish'),
(38, 'Divehi', 'div', 'div', 0, 0, 'Divehi'),
(39, 'Dutch (Belgium)', 'nl', 'nl-be', 0, 0, 'Dutch_Belgium'),
(40, 'Dutch (Netherlands)', 'nl', 'nl', 0, 0, 'Dutch_Netherlands'),
(41, 'English (Australia)', 'en', 'en-au', 0, 0, 'English_Australia'),
(42, 'English (Belize)', 'en', 'en-bz', 0, 0, 'English_Belize'),
(43, 'English (Canada)', 'en', 'en-ca', 0, 0, 'English_Canada'),
(44, 'English (Ireland)', 'en', 'en-ie', 0, 0, 'English_Ireland'),
(45, 'English (Jamaica)', 'en', 'en-jm', 0, 0, 'English_Jamaica'),
(46, 'English (New Zealand)', 'en', 'en-nz', 0, 0, 'English_New_Zealand'),
(47, 'English (Philippines)', 'en', 'en-ph', 0, 0, 'English_Philippines'),
(48, 'English (South Africa)', 'en', 'en-za', 0, 0, 'English_South_Africa'),
(49, 'English (Trinidad)', 'en', 'en-tt', 0, 0, 'English_Trinidad'),
(50, 'English (United Kingdom)', 'en', 'en-gb', 0, 0, 'English_United_Kingdom'),
(51, 'English (United States)', 'en', 'en-us', 0, 0, 'English_Zimbabwe'),
(52, 'English (Zimbabwe)', 'en', 'en-zw', 0, 0, 'English_United_states'),
(53, 'english', 'en', 'en', 1, 1, 'English'),
(54, 'English (United States)', 'us', 'us', 0, 0, 'English_United_States_general'),
(55, 'Estonian', 'et', 'et', 0, 0, 'Estonian'),
(56, 'Faeroese', 'fo', 'fo', 0, 0, 'Faeroese'),
(57, 'Farsi', 'fa', 'fa', 0, 0, 'Farsi'),
(58, 'Finnish', 'fi', 'fi', 0, 0, 'Finnish'),
(59, 'French (Belgium)', 'fr', 'fr-be', 0, 0, 'French_Belgium'),
(60, 'French (Canada)', 'fr', 'fr-ca', 0, 0, 'French_Canada'),
(61, 'French (Luxembourg)', 'fr', 'fr-lu', 0, 0, 'French_Luxembourg'),
(62, 'French (Monaco)', 'fr', 'fr-mc', 0, 0, 'French_Monaco'),
(63, 'French (Switzerland)', 'fr', 'fr-ch', 0, 0, 'French_Switzerland'),
(64, 'French (France)', 'fr', 'fr', 0, 0, 'French'),
(65, 'FYRO Macedonian', 'mk', 'mk', 0, 0, 'FYRO_Macedonian'),
(66, 'Gaelic', 'gd', 'gd', 0, 0, 'Gaelic'),
(67, 'Georgian', 'ka', 'ka', 0, 0, 'Georgian'),
(68, 'German (Austria)', 'de', 'de-at', 0, 0, 'German_Austria'),
(69, 'German (Liechtenstein)', 'de', 'de-li', 0, 0, 'German_Liechtenstein'),
(70, 'German (Luxembourg)', 'de', 'de-lu', 0, 0, 'German_Luxembourg'),
(71, 'German (Switzerland)', 'de', 'de-ch', 0, 0, 'German_Switzerland'),
(72, 'German (Germany)', 'de', 'de', 0, 0, 'German'),
(73, 'Greek', 'el', 'el', 0, 0, 'Greek'),
(74, 'Gujarati', 'gu', 'gu', 0, 0, 'Gujarati'),
(75, 'Hebrew', 'he', 'he', 0, 0, 'Hebrew'),
(76, 'Hindi', 'hi', 'hi', 0, 0, 'Hindi'),
(77, 'Hungarian', 'hu', 'hu', 0, 0, 'Hungarian'),
(78, 'Icelandic', 'is', 'is', 0, 0, 'Icelandic'),
(79, 'Indonesian', 'id', 'id', 0, 0, 'Indonesian'),
(80, 'Italian (Switzerland)', 'it', 'it-ch', 0, 0, 'Italian_Switzerland'),
(81, 'Italian (Italy)', 'it', 'it', 0, 0, 'Italian'),
(82, 'Japanese', 'ja', 'ja', 0, 0, 'Japanese'),
(83, 'Kannada', 'kn', 'kn', 0, 0, 'Kannada'),
(84, 'Kazakh', 'kk', 'kk', 0, 0, 'Kazakh'),
(85, 'Konkani', 'kok', 'kok', 0, 0, 'Konkani'),
(86, 'Korean', 'ko', 'ko', 0, 0, 'Korean'),
(87, 'Kyrgyz', 'kz', 'kz', 0, 0, 'Kyrgyz'),
(88, 'Latvian', 'lv', 'lv', 0, 0, 'Latvian'),
(89, 'Lithuanian', 'lt', 'lt', 0, 0, 'Lithuanian'),
(90, 'Malay', 'ms', 'ms', 0, 0, 'Malay'),
(91, 'Malayalam', 'ml', 'ml', 0, 0, 'Malayalam'),
(92, 'Maltese', 'mt', 'mt', 0, 0, 'Maltese'),
(93, 'Marathi', 'mr', 'mr', 0, 0, 'Marathi'),
(94, 'Mongolian (Cyrillic)', 'mn', 'mn', 0, 0, 'Mongolian_Cyrillic'),
(95, 'Nepali (India)', 'ne', 'ne', 0, 0, 'Nepali_India'),
(96, 'Norwegian (Bokmal)', 'nb', 'nb-no', 0, 0, 'Norwegian_Bokmal'),
(97, 'Norwegian (Nynorsk)', 'nn', 'nn-no', 0, 0, 'Norwegian_Nynorsk'),
(98, 'Norwegian (Bokmal)', 'no', 'no', 0, 0, 'Norwegian_Bokmal'),
(99, 'Oriya', 'or', 'or', 0, 0, 'Oriya'),
(100, 'Polish', 'pl', 'pl', 0, 0, 'Polish'),
(101, 'Portuguese (Brazil)', 'pt', 'pt-br', 0, 0, 'Portuguese_Brazil'),
(102, 'Portuguese (Portugal)', 'pt', 'pt', 0, 0, 'Portuguese'),
(103, 'Punjabi', 'pa', 'pa', 0, 0, 'Punjabi'),
(104, 'Rhaeto-Romanic', 'rm', 'rm', 0, 0, 'Rhaeto-Romanic'),
(105, 'Romanian (Moldova)', 'ro', 'ro-md', 0, 0, 'Romanian_Moldova'),
(106, 'Romanian', 'ro', 'ro', 0, 0, 'Romanian'),
(107, 'Russian (Moldova)', 'ru', 'ru-md', 0, 0, 'Russian_Moldova'),
(108, 'Russian', 'ru', 'ru', 0, 0, 'Russian'),
(109, 'Sanskrit', 'sa', 'sa', 0, 0, 'Sanskrit'),
(110, 'Serbian', 'sr', 'sr', 0, 0, 'Serbian'),
(111, 'Slovak', 'sk', 'sk', 0, 0, 'Slovak'),
(112, 'Slovenian', 'ls', 'ls', 0, 0, 'Slovenian'),
(113, 'Sorbian', 'sb', 'sb', 0, 0, 'Sorbian'),
(114, 'Spanish (Argentina)', 'es', 'es-ar', 0, 0, 'Spanish_Argentina'),
(115, 'Spanish (Bolivia)', 'es', 'es-bo', 0, 0, 'Spanish_Bolivia'),
(116, 'Spanish (Chile)', 'es', 'es-cl', 0, 0, 'Spanish_Chile'),
(117, 'Spanish (Colombia)', 'es', 'es-co', 0, 0, 'Spanish_Colombia'),
(118, 'Spanish (Costa Rica)', 'es', 'es-cr', 0, 0, 'Spanish_Costa_Rica'),
(119, 'Spanish (Dominican Republic)', 'es', 'es-do', 0, 0, 'Spanish_Dominican_Republic'),
(120, 'Spanish (Ecuador)', 'es', 'es-ec', 0, 0, 'Spanish_Ecuador'),
(121, 'Spanish (El Salvador)', 'es', 'es-sv', 0, 0, 'Spanish_El_Salvador'),
(122, 'Spanish (Guatemala)', 'es', 'es-gt', 0, 0, 'Spanish_Guatemala'),
(123, 'Spanish (Honduras)', 'es', 'es-hn', 0, 0, 'Spanish_Honduras'),
(124, 'Spanish (Mexico)', 'es', 'es-mx', 0, 0, 'Spanish_Mexico'),
(125, 'Spanish (Nicaragua)', 'es', 'es-ni', 0, 0, 'Spanish_Nicaragua'),
(126, 'Spanish (Panama)', 'es', 'es-pa', 0, 0, 'Spanish_Panama'),
(127, 'Spanish (Paraguay)', 'es', 'es-py', 0, 0, 'Spanish_Paraguay'),
(128, 'Spanish (Peru)', 'es', 'es-pe', 0, 0, 'Spanish_Peru'),
(129, 'Spanish (Puerto Rico)', 'es', 'es-pr', 0, 0, 'Spanish_Puerto_Rico'),
(130, 'Spanish (United States)', 'es', 'es-us', 0, 0, 'Spanish_United_States'),
(131, 'Spanish (Uruguay)', 'es', 'es-uy', 0, 0, 'Spanish_Uruguay'),
(132, 'Spanish (Venezuela)', 'es', 'es-ve', 0, 0, 'Spanish_Venezuela'),
(134, 'Sutu', 'sx', 'sx', 0, 0, 'Sutu'),
(135, 'Swahili', 'sw', 'sw', 0, 0, 'Swahili'),
(136, 'Swedish (Finland)', 'sv', 'sv-fi', 0, 0, 'Swedish_Finland'),
(137, 'Swedish', 'sv', 'sv', 0, 0, 'Swedish'),
(138, 'Syriac', 'syr', 'syr', 0, 0, 'Syriac'),
(139, 'Tamil', 'ta', 'ta', 0, 0, 'Tamil'),
(140, 'Tatar', 'tt', 'tt', 0, 0, 'Tatar'),
(141, 'Telugu', 'te', 'te', 0, 0, 'Telugu'),
(142, 'Thai', 'th', 'th', 0, 0, 'Thai'),
(143, 'Tsonga', 'ts', 'ts', 0, 0, 'Tsonga'),
(144, 'Tswana', 'tn', 'tn', 0, 0, 'Tswana'),
(145, 'Turkish', 'tr', 'tr', 0, 0, 'Turkish'),
(146, 'Ukrainian', 'uk', 'uk', 0, 0, 'Ukrainian'),
(147, 'Urdu', 'ur', 'ur', 0, 0, 'Urdu'),
(148, 'Uzbek', 'uz', 'uz', 0, 0, 'Uzbek'),
(149, 'Vietnamese', 'vi', 'vi', 0, 0, 'Vietnamese'),
(150, 'Xhosa', 'xh', 'xh', 0, 0, 'Xhosa'),
(151, 'Yiddish', 'yi', 'yi', 0, 0, 'Yiddish'),
(152, 'Zulu', 'zu', 'zu', 0, 0, 'Zulu');

-- --------------------------------------------------------

--
-- Estructura de tabla para la tabla `inmuebles`
--

DROP TABLE IF EXISTS `inmuebles`;
CREATE TABLE IF NOT EXISTS `inmuebles` (
  `id` int(11) unsigned NOT NULL AUTO_INCREMENT,
  `referencia` varchar(40) NOT NULL,
  `metros` int(4) NOT NULL,
  `metros_utiles` int(4) NOT NULL,
  `habitaciones` int(2) NOT NULL DEFAULT '0',
  `banios` int(2) NOT NULL DEFAULT '0',
  `precio_compra` int(10) unsigned NOT NULL,
  `precio_compra_anterior` int(10) unsigned NOT NULL,
  `precio_alquiler` int(7) unsigned NOT NULL,
  `precio_alquiler_anterior` int(10) unsigned NOT NULL,
  `poblacion_id` int(11) unsigned NOT NULL,
  `zona_id` int(11) unsigned DEFAULT NULL,
  `tipo_id` int(11) unsigned NOT NULL,
  `observaciones` text,
  `direccion` varchar(100) NOT NULL,
  `direccion_publica` varchar(100) NOT NULL,
  `publicado` tinyint(1) NOT NULL DEFAULT '0',
  `estado_id` int(11) unsigned NOT NULL DEFAULT '1',
  `obra_nueva` int(1) NOT NULL DEFAULT '1',
  `certificacion_energetica_id` int(11) unsigned NOT NULL DEFAULT '8',
  `cuota_comunidad` double DEFAULT NULL,
  `forma_pago` varchar(200) DEFAULT NULL,
  `anejos` text,
  `cargas_vivienda` text,
  `descripcion_vivienda` text,
  `descripcion_edificio` text,
  `antiguedad_edificio` varchar(200) DEFAULT NULL,
  `captador_id` int(11) unsigned DEFAULT NULL,
  `fecha_alta` date NOT NULL,
  `fecha_actualizacion` datetime DEFAULT NULL,
  `anio_construccion` int(4) DEFAULT NULL,
  `oportunidad` tinyint(1) NOT NULL DEFAULT '0',
  `destacado` tinyint(1) NOT NULL DEFAULT '0',
  PRIMARY KEY (`id`),
  KEY `FK_inmuebles_captador_id` (`captador_id`),
  KEY `FK_inmuebles_poblacion_id` (`poblacion_id`),
  KEY `FK_inmuebles_tipo_id` (`tipo_id`),
  KEY `FK_inmuebles_certificacion_energetica_id` (`certificacion_energetica_id`),
  KEY `FK_inmuebles_zona_id` (`zona_id`),
  KEY `FK_inmuebles_estado_id` (`estado_id`)
) ENGINE=InnoDB  DEFAULT CHARSET=utf8 AUTO_INCREMENT=20 ;

--
-- Volcado de datos para la tabla `inmuebles`
--

INSERT INTO `inmuebles` (`id`, `referencia`, `metros`, `metros_utiles`, `habitaciones`, `banios`, `precio_compra`, `precio_compra_anterior`, `precio_alquiler`, `precio_alquiler_anterior`, `poblacion_id`, `zona_id`, `tipo_id`, `observaciones`, `direccion`, `direccion_publica`, `publicado`, `estado_id`, `obra_nueva`, `certificacion_energetica_id`, `cuota_comunidad`, `forma_pago`, `anejos`, `cargas_vivienda`, `descripcion_vivienda`, `descripcion_edificio`, `antiguedad_edificio`, `captador_id`, `fecha_alta`, `fecha_actualizacion`, `anio_construccion`, `oportunidad`, `destacado`) VALUES
(1, 'REF0001', 50, 50, 2, 1, 200000, 0, 0, 0, 292, NULL, 1, NULL, 'calle granada', '', 0, 1, 0, 8, 0, '', '', '', '', '', '', 2, '2017-06-01', NULL, NULL, 0, 0),
(2, 'REF0002', 70, 70, 3, 2, 300000, 0, 0, 0, 292, NULL, 1, NULL, 'carretera granada', '', 0, 1, 0, 8, 0, '', '', '', '', '', '', 2, '2017-06-02', NULL, NULL, 0, 0),
(3, 'REF0003', 100, 100, 4, 3, 400000, 0, 0, 0, 292, NULL, 1, NULL, 'avenida del mediterraneo', '', 0, 1, 0, 8, 0, '', '', '', '', '', '', 2, '2017-06-03', NULL, NULL, 0, 0),
(4, 'REF0004', 90, 84, 2, 1, 50000, 0, 0, 0, 1780, NULL, 9, '', 'Calle Benjumeda', 'Benjumeda', 0, 3, 0, 9, NULL, NULL, NULL, NULL, NULL, NULL, NULL, 2, '2017-06-05', NULL, 2009, 1, 0),
(5, 'REF0005', 400, 350, 4, 1, 135000, 140000, 500, 525, 292, 3, 4, 'Esta es una oficina en el centro', 'Calle Obispo Orberá, 5', 'Calle Obispo Orberá', 1, 1, 1, 8, NULL, NULL, NULL, NULL, NULL, NULL, NULL, 2, '2017-06-09', '2017-06-01 00:00:00', 1982, 1, 1),
(6, 'REF0006', 60, 50, 1, 1, 125000, 150000, 0, 0, 1780, NULL, 2, 'jur jur', 'Avenida marconi, 10', 'Avenida marconi', 0, 1, 1, 9, NULL, NULL, NULL, NULL, NULL, NULL, NULL, 2, '2017-06-12', NULL, 1995, 0, 0),
(7, 'REF0010', 60, 50, 1, 1, 40000, 0, 0, 0, 1780, 6, 9, 'Correcto', 'Calle Rosa', '', 0, 1, 1, 4, NULL, NULL, NULL, NULL, NULL, NULL, NULL, 2, '2017-06-15', NULL, 1990, 0, 0),
(10, '5944ea26a1ab8', 60, 52, 1, 1, 0, 0, 600, 0, 1780, 6, 2, '', 'Catedral', '', 0, 1, 1, 9, NULL, NULL, NULL, NULL, NULL, NULL, NULL, 2, '2017-06-17', NULL, 0, 0, 0),
(15, 'DEM0200', 100, 90, 3, 2, 450000, 0, 0, 0, 1780, NULL, 9, '', 'Calle Doctor Flemming, 11', '', 0, 1, 1, 3, NULL, NULL, NULL, NULL, NULL, NULL, NULL, 2, '2017-06-26', NULL, 2009, 0, 0),
(16, '59515d52a7091', 400, 350, 4, 1, 135000, 0, 500, 0, 292, 3, 4, 'Esta es una oficina en el centro', 'Calle Obispo Orberá,1, bajo', 'Calle Obispo Orberá', 0, 1, 1, 8, NULL, NULL, NULL, NULL, NULL, NULL, NULL, 2, '2017-06-26', NULL, 1982, 1, 1),
(17, '59515d6d021ea', 400, 350, 4, 1, 135000, 0, 500, 0, 292, 3, 4, 'Esta es una oficina en el centro', 'Calle Obispo Orberá,1, bajo', 'Calle Obispo Orberá', 0, 1, 1, 8, NULL, NULL, NULL, NULL, NULL, NULL, NULL, 2, '2017-06-26', NULL, 1982, 1, 1),
(18, '595225d56466d', 60, 50, 1, 1, 40000, 0, 0, 0, 1780, 6, 9, 'Correcto', 'Calle Rosa', '', 0, 1, 1, 4, NULL, NULL, NULL, NULL, NULL, NULL, NULL, 2, '2017-06-27', NULL, 1990, 0, 0),
(19, '5943f77c20f59', 60, 50, 1, 1, 100000, 90000, 0, 0, 1780, 6, 9, 'Correcto', 'Calle Chile, 2', '', 0, 1, 1, 4, NULL, NULL, NULL, NULL, NULL, NULL, NULL, 2, '2017-06-15', NULL, 1990, 0, 0);

-- --------------------------------------------------------

--
-- Estructura de tabla para la tabla `inmuebles_carteles`
--

DROP TABLE IF EXISTS `inmuebles_carteles`;
CREATE TABLE IF NOT EXISTS `inmuebles_carteles` (
  `id` int(11) unsigned NOT NULL AUTO_INCREMENT,
  `plantilla_id` int(11) unsigned NOT NULL,
  `agente_id` int(11) unsigned NOT NULL,
  `html` text NOT NULL,
  `fecha` date NOT NULL,
  `inmueble_id` int(11) unsigned DEFAULT NULL,
  `idioma_id` int(11) unsigned DEFAULT NULL,
  `impreso` tinyint(1) NOT NULL DEFAULT '0',
  PRIMARY KEY (`id`),
  UNIQUE KEY `FK_inmuebles_carteles_inmueble_id` (`inmueble_id`),
  KEY `FK_inmuebles_carteles_agente_id` (`agente_id`),
  KEY `FK_inmuebles_carteles_plantilla_id` (`plantilla_id`),
  KEY `FK_inmuebles_carteles_idioma_id` (`idioma_id`)
) ENGINE=InnoDB  DEFAULT CHARSET=utf8 AUTO_INCREMENT=17 ;

--
-- Volcado de datos para la tabla `inmuebles_carteles`
--

INSERT INTO `inmuebles_carteles` (`id`, `plantilla_id`, `agente_id`, `html`, `fecha`, `inmueble_id`, `idioma_id`, `impreso`) VALUES
(16, 6, 2, '<p>\r\n	<span style="float: left;"><img width="80" height="80" src="%base_url%uploads/inmuebles/5/codigo_qr.png" /></span><img alt="" src="%base_url%uploads/logo.jpg" style="width: 200px; height: 60px; float: right;" /></p>\r\n<p style="text-align: center;">\r\n	&nbsp;</p>\r\n<p style="text-align: center;">\r\n	&nbsp;</p>\r\n<p style="text-align: center;">\r\n	&nbsp;</p>\r\n<p style="text-align: center;">\r\n	<strong><span style="font-size:20px;"><span style="font-family: lucida sans unicode,lucida grande,sans-serif;">Oficina en pleno centro de Almería</span></span></strong></p>\r\n<div>\r\n	<p style="text-align: center;">\r\n		<span style="font-size:16px;">4 habitaciones, 1 ba&ntilde;os, 135.000 &euro;</span></p>\r\n	<p style="text-align: center;">\r\n		<img width="600" height="400" src="%base_url%uploads/inmuebles/5/imagenes/002-armadale-house-mitsuori-architects-1050x700.jpg" /></p>\r\n	<p style="text-align: justify;">\r\n		<span style="font-size:16px;"><p>\r\n	Este <strong>amplio &aacute;tico</strong> nos recibe con un amplio sal&oacute;n comedor, una espaciosa cocina, y una amplia terraza con orientaci&oacute;n sur y oeste, desde esta terraza se tienen vistas al mar Mediterr&aacute;neo. La cocina es amplia, con un dise&ntilde;o abierto hacia el sal&oacute;n, y el &aacute;rea de comedor tiene grandes ventanas y acceso a la terraza. Las habitaciones est&aacute;n en un &aacute;rea independiente, ambas con orientaci&oacute;n al sur, y con posibilidad de incluir accesos directos a la terraza desde las habitaciones. Este &aacute;rea independiente la completa un ba&ntilde;o y un espacio de lavado.<br />\r\n	<br />\r\n	El &aacute;tico tiene una terraza-solarium privada de 43 metros cuadrados, con vistas al sur y al oeste. En esta terraza se disfrutan de espectaculares vistas al mar Mediterr&aacute;neo y a las monta&ntilde;as al norte de Torrox.<br />\r\n	<br />\r\n	La ubicaci&oacute;n permite disfrutar de las playas de Torrox Costa,que se encuentran a tan s&oacute;lo 50m., con la tranquilidad de estar en la zona de El Pe&ntilde;oncillo, y a solo 5 minutos de bancos, supermercados y todos los servicios necesarios.</p>\r\n</span></p>\r\n</div>\r\n<div>\r\n	&nbsp;</div>\r\n', '2017-07-01', 5, 1, 0);

-- --------------------------------------------------------

--
-- Estructura de tabla para la tabla `inmuebles_demandas`
--

DROP TABLE IF EXISTS `inmuebles_demandas`;
CREATE TABLE IF NOT EXISTS `inmuebles_demandas` (
  `id` int(11) unsigned NOT NULL AUTO_INCREMENT,
  `inmueble_id` int(11) unsigned NOT NULL,
  `demanda_id` int(11) unsigned NOT NULL,
  `origen_id` tinyint(1) NOT NULL DEFAULT '2' COMMENT '1 para automáticos, aquellos asignados a través de un filtro de búsqueda, 2 para los propuestos por el agente',
  `evaluacion_id` tinyint(1) NOT NULL DEFAULT '2' COMMENT '1 para pendientes de evaluar, estas se eliminarán si hay una nueva búsqueda, 2 para aquellas que propuesta para visita y 3 para las descartadas por el agente, 4 para aquellas que interesan y 5 para las que no',
  `observaciones` varchar(255) NOT NULL,
  `fecha_asignacion` date NOT NULL,
  PRIMARY KEY (`id`),
  KEY `FK_inmuebles_demandas_inmueble_id` (`inmueble_id`),
  KEY `FK_inmuebles_demandas_demanda_id` (`demanda_id`)
) ENGINE=InnoDB  DEFAULT CHARSET=utf8 AUTO_INCREMENT=17 ;

--
-- Volcado de datos para la tabla `inmuebles_demandas`
--

INSERT INTO `inmuebles_demandas` (`id`, `inmueble_id`, `demanda_id`, `origen_id`, `evaluacion_id`, `observaciones`, `fecha_asignacion`) VALUES
(1, 5, 3, 2, 2, 'Observaciones', '2017-06-22'),
(10, 1, 1, 2, 2, '', '2017-06-23'),
(11, 2, 1, 2, 2, 'Vamos pronto a verlo', '2017-06-23'),
(12, 5, 1, 2, 2, '', '2017-06-23'),
(15, 1, 3, 2, 2, '', '2017-06-24'),
(16, 7, 13, 2, 2, '', '2017-06-26');

-- --------------------------------------------------------

--
-- Estructura de tabla para la tabla `inmuebles_enlaces`
--

DROP TABLE IF EXISTS `inmuebles_enlaces`;
CREATE TABLE IF NOT EXISTS `inmuebles_enlaces` (
  `id` int(11) unsigned NOT NULL AUTO_INCREMENT,
  `inmueble_id` int(11) unsigned NOT NULL,
  `titulo` varchar(150) NOT NULL,
  `url` varchar(255) NOT NULL,
  `publicado` tinyint(1) NOT NULL DEFAULT '1',
  `youtube` tinyint(1) NOT NULL DEFAULT '0',
  PRIMARY KEY (`id`),
  KEY `FK_inmuebles_enlaces_inmueble_id` (`inmueble_id`)
) ENGINE=InnoDB  DEFAULT CHARSET=utf8 AUTO_INCREMENT=6 ;

--
-- Volcado de datos para la tabla `inmuebles_enlaces`
--

INSERT INTO `inmuebles_enlaces` (`id`, `inmueble_id`, `titulo`, `url`, `publicado`, `youtube`) VALUES
(4, 5, 'Video youtube publicado', 'https://www.youtube.com/watch?v=hnkQNAhSZiU', 1, 1),
(5, 5, 'Video youtube NO publicado2', 'https://www.youtube.com/watch?v=68ugkg9RePc&list=PL322DAB88F9A8DCC6&index=122', 0, 1);

-- --------------------------------------------------------

--
-- Estructura de tabla para la tabla `inmuebles_fichas`
--

DROP TABLE IF EXISTS `inmuebles_fichas`;
CREATE TABLE IF NOT EXISTS `inmuebles_fichas` (
  `id` int(11) unsigned NOT NULL AUTO_INCREMENT,
  `plantilla_id` int(11) unsigned NOT NULL,
  `agente_id` int(11) unsigned NOT NULL,
  `html` text NOT NULL,
  `fecha` date NOT NULL,
  `inmueble_id` int(11) unsigned DEFAULT NULL,
  `idioma_id` int(11) unsigned DEFAULT NULL,
  PRIMARY KEY (`id`),
  UNIQUE KEY `FK_inmuebles_fichas_inmueble_id` (`inmueble_id`),
  KEY `FK_inmuebles_fichas_agente_id` (`agente_id`),
  KEY `FK_inmuebles_fichas_plantilla_id` (`plantilla_id`),
  KEY `FK_inmuebles_fichas_idioma_id` (`idioma_id`)
) ENGINE=InnoDB  DEFAULT CHARSET=utf8 AUTO_INCREMENT=3 ;

--
-- Volcado de datos para la tabla `inmuebles_fichas`
--

INSERT INTO `inmuebles_fichas` (`id`, `plantilla_id`, `agente_id`, `html`, `fecha`, `inmueble_id`, `idioma_id`) VALUES
(2, 7, 2, '<p>\n	<small class="col-sm-4"><strong>Datos General:</strong> </small></p>\n<ul>\n	<li>\n		<small class="col-sm-4">01/07/2017: Fecha actual en formato num&eacute;rico</small></li>\n	<li>\n		<small class="col-sm-4">1 de julio del 2017: Fecha actual en formato texto</small></li>\n</ul>\n<div>\n	<small class="col-sm-4"><small class="col-sm-4"><strong>Datos Inmuebles:</strong> </small></small>\n	<ul>\n		<li>\n			<small class="col-sm-4">REF0005: Referencia del inmueble</small></li>\n		<li>\n			<small class="col-sm-4">09/06/2017: Fecha de alta del inmueble</small></li>\n		<li>\n			<small class="col-sm-4">Oficina: Tipo del inmueble</small></li>\n		<li>\n			<small class="col-sm-4">Almería: Nombre de la provincia</small></li>\n		<li>\n			<small class="col-sm-4">Almería: Nombre del municipio</small></li>\n		<li>\n			<small class="col-sm-4">Centro: Nombre de la zona del municipio</small></li>\n		<li>\n			<small class="col-sm-4">Calle Obispo Orberá, 5: Direcci&oacute;n real del inmueble</small></li>\n		<li>\n			<small class="col-sm-4">400: Metros totales</small></li>\n		<li>\n			<small class="col-sm-4">350: Metros &uacute;tiles</small></li>\n		<li>\n			<small class="col-sm-4">4: N&uacute;mero de habitaciones</small></li>\n		<li>\n			<small class="col-sm-4">1: N&uacute;mero de ba&ntilde;os</small></li>\n		<li>\n			<small class="col-sm-4">135.000: Precio de compra</small></li>\n		<li>\n			<small class="col-sm-4">140.000: Precio de compra anterior</small></li>\n		<li>\n			<small class="col-sm-4">500: Precio alquiler</small></li>\n		<li>\n			<small class="col-sm-4">525: Precio alquiler anterior</small></li>\n		<li>\n			<small class="col-sm-4">Exento: Certificaci&oacute;n energ&eacute;tica</small></li>\n		<li>\n			<small class="col-sm-4">Calle Obispo Orberá: Direcci&oacute;n mostrada en la zona p&uacute;blica</small></li>\n		<li>\n			<small class="col-sm-4">Oficina en pleno centro de Almería: T&iacute;tulo mostrado en la zona p&uacute;blica</small></li>\n		<li>\n			<small class="col-sm-4"><p>\n	Este <strong>amplio &aacute;tico</strong> nos recibe con un amplio sal&oacute;n comedor, una espaciosa cocina, y una amplia terraza con orientaci&oacute;n sur y oeste, desde esta terraza se tienen vistas al mar Mediterr&aacute;neo. La cocina es amplia, con un dise&ntilde;o abierto hacia el sal&oacute;n, y el &aacute;rea de comedor tiene grandes ventanas y acceso a la terraza. Las habitaciones est&aacute;n en un &aacute;rea independiente, ambas con orientaci&oacute;n al sur, y con posibilidad de incluir accesos directos a la terraza desde las habitaciones. Este &aacute;rea independiente la completa un ba&ntilde;o y un espacio de lavado.<br />\n	<br />\n	El &aacute;tico tiene una terraza-solarium privada de 43 metros cuadrados, con vistas al sur y al oeste. En esta terraza se disfrutan de espectaculares vistas al mar Mediterr&aacute;neo y a las monta&ntilde;as al norte de Torrox.<br />\n	<br />\n	La ubicaci&oacute;n permite disfrutar de las playas de Torrox Costa,que se encuentran a tan s&oacute;lo 50m., con la tranquilidad de estar en la zona de El Pe&ntilde;oncillo, y a solo 5 minutos de bancos, supermercados y todos los servicios necesarios.</p>\n: Descripci&oacute;n extendida mostrada en la zona p&uacute;blica</small></li>\n		<li>\n			<small class="col-sm-4">oficina-en-pleno-centro-de-almeria: URL SEO</small></li>\n		<li>\n			<small class="col-sm-4">Oficina en pleno centro de almería con varias dependencias: Descripci&oacute;n SEO</small></li>\n		<li>\n			<small class="col-sm-4">oficina,centro,Álmería: Palabras clave para el SEO</small></li>\n		<li>\n			<small class="col-sm-4">Captación: Estado</small></li>\n		<li>\n			<small class="col-sm-4">Berasuain Ruiz, Ángel Luis : Nombre completo del captador</small></li>\n		<li>\n			<small class="col-sm-4">Esta es una oficina en el centro: Observaciones</small></li>\n	</ul>\n	<div>\n		<small class="col-sm-4"><img width="600" height="400" src="%base_url%uploads/inmuebles/5/imagenes/002-armadale-house-mitsuori-architects-1050x700.jpg" /></small></div>\n	<div>\n		&nbsp;</div>\n</div>\n<div>\n	<small class="col-sm-4"><strong>Datos Agentes Inmobiliarios:</strong> </small>\n	<ul>\n		<li>\n			<small class="col-sm-4">Ángel Luis : Nombre del agente</small></li>\n		<li>\n			<small class="col-sm-4">Berasuain Ruiz: Apellidos del agente</small></li>\n	</ul>\n</div>\n<div>\n	&nbsp;</div>\n', '2017-07-01', 5, 1);

-- --------------------------------------------------------

--
-- Estructura de tabla para la tabla `inmuebles_ficheros`
--

DROP TABLE IF EXISTS `inmuebles_ficheros`;
CREATE TABLE IF NOT EXISTS `inmuebles_ficheros` (
  `id` int(11) unsigned NOT NULL AUTO_INCREMENT,
  `inmueble_id` int(11) unsigned NOT NULL,
  `fichero` varchar(200) NOT NULL,
  `texto_fichero` text,
  `tipo_fichero_id` int(11) unsigned NOT NULL DEFAULT '2',
  PRIMARY KEY (`id`),
  KEY `FK_inmuebles_ficheros_inmueble_id` (`inmueble_id`),
  KEY `FK_inmuebles_ficheros_tipo_fichero_id` (`tipo_fichero_id`)
) ENGINE=InnoDB  DEFAULT CHARSET=utf8 AUTO_INCREMENT=2 ;

--
-- Volcado de datos para la tabla `inmuebles_ficheros`
--

INSERT INTO `inmuebles_ficheros` (`id`, `inmueble_id`, `fichero`, `texto_fichero`, `tipo_fichero_id`) VALUES
(1, 5, 'uploads/inmuebles/5/adjuntos/deb139b453c1945654a3b89fbf133e18.doc', 'Certificado', 3);

-- --------------------------------------------------------

--
-- Estructura de tabla para la tabla `inmuebles_idiomas`
--

DROP TABLE IF EXISTS `inmuebles_idiomas`;
CREATE TABLE IF NOT EXISTS `inmuebles_idiomas` (
  `id` int(11) unsigned NOT NULL AUTO_INCREMENT,
  `titulo` varchar(70) NOT NULL,
  `descripcion` text NOT NULL,
  `url_seo` varchar(70) NOT NULL,
  `descripcion_seo` varchar(150) NOT NULL,
  `keywords_seo` varchar(255) NOT NULL,
  `inmueble_id` int(11) unsigned NOT NULL,
  `idioma_id` int(11) unsigned NOT NULL,
  PRIMARY KEY (`id`),
  UNIQUE KEY `unique_inmuebles_idiomas_titulo` (`titulo`),
  UNIQUE KEY `unique_inmuebles_idiomas_url_seo` (`url_seo`),
  KEY `FK_inmuebles_idiomas_inmueble_id` (`inmueble_id`),
  KEY `FK_inmuebles_idiomas_idioma_id` (`idioma_id`)
) ENGINE=InnoDB  DEFAULT CHARSET=utf8 AUTO_INCREMENT=5 ;

--
-- Volcado de datos para la tabla `inmuebles_idiomas`
--

INSERT INTO `inmuebles_idiomas` (`id`, `titulo`, `descripcion`, `url_seo`, `descripcion_seo`, `keywords_seo`, `inmueble_id`, `idioma_id`) VALUES
(1, 'Oficina en pleno centro de Almería', '<p>\r\n	Este <strong>amplio &aacute;tico</strong> nos recibe con un amplio sal&oacute;n comedor, una espaciosa cocina, y una amplia terraza con orientaci&oacute;n sur y oeste, desde esta terraza se tienen vistas al mar Mediterr&aacute;neo. La cocina es amplia, con un dise&ntilde;o abierto hacia el sal&oacute;n, y el &aacute;rea de comedor tiene grandes ventanas y acceso a la terraza. Las habitaciones est&aacute;n en un &aacute;rea independiente, ambas con orientaci&oacute;n al sur, y con posibilidad de incluir accesos directos a la terraza desde las habitaciones. Este &aacute;rea independiente la completa un ba&ntilde;o y un espacio de lavado.<br />\r\n	<br />\r\n	El &aacute;tico tiene una terraza-solarium privada de 43 metros cuadrados, con vistas al sur y al oeste. En esta terraza se disfrutan de espectaculares vistas al mar Mediterr&aacute;neo y a las monta&ntilde;as al norte de Torrox.<br />\r\n	<br />\r\n	La ubicaci&oacute;n permite disfrutar de las playas de Torrox Costa,que se encuentran a tan s&oacute;lo 50m., con la tranquilidad de estar en la zona de El Pe&ntilde;oncillo, y a solo 5 minutos de bancos, supermercados y todos los servicios necesarios.</p>\r\n', 'oficina-pleno-centro-almeria', 'Oficina en pleno centro de almería con varias dependencias', 'oficina,centro,Álmería', 5, 1),
(2, 'Office in Almería centre', '<pre class="tw-data-text tw-ta tw-text-small" data-fulltext="" data-placeholder="Traducción" dir="ltr" id="tw-target-text" style="text-align: left; height: 720px;">\r\n<span lang="en">This spacious penthouse welcomes you with a spacious living room, a spacious kitchen, and a large terrace facing south and west, from this terrace you have views of the Mediterranean Sea. The kitchen is spacious, with an open design towards the living room, and the dining area has large windows and access to the terrace. The rooms are in a separate area, both facing south, with the possibility of including direct access to the terrace from the rooms. This independent area is completed by a bathroom and a washing space.\r\n\r\nThe penthouse has a private terrace-solarium of 43 square meters, with views to the south and west. On this terrace you can enjoy spectacular views of the Mediterranean Sea and the mountains north of Torrox.\r\n\r\nThe location allows you to enjoy the beaches of Torrox Costa, which are only 50m away, with the tranquility of being in the area of ​​El Pe&ntilde;oncillo, and only 5 minutes from banks, supermarkets and all necessary services.</span></pre>\r\n', 'office-in-almeria-centre', 'Short description', 'office,centre,Almería', 5, 53),
(3, 'Casa grande en pleno centro de Cádiz', '<p>\r\n	<span style="color: rgb(32, 32, 32); font-family: ''Roboto Condensed'', sans-serif; font-size: 14px; line-height: 21px;">En esta vivienda podr&aacute;s disfrutar de la <strong>tranquilidad </strong>de saber que tus hijos juegan sin peligro, mientras te relajas viendo una pelicula en tu cine de verano particular que podr&aacute;s montarte en la terraza cubierta de la parte trasera de la vivienda. El exterior es perfecto para que tu tiempo lo vivas con los tuyos, y no para que te pases el tiempo manteniendo el jard&iacute;n, puesto que tan solo unas pinceladas de verde decoran la <u>amplia parcela</u>. </span></p>\r\n', 'casa-grande-en-pleno-centro-de-cadiz', 'asdasda', 'asdasd', 4, 1),
(4, 'English tittle', '<p>\r\n	yyyyyyyyyyyyyyyyy</p>\r\n', 'odonnell-bar-im-glad', 'Short description', 'asdadad', 4, 53);

-- --------------------------------------------------------

--
-- Estructura de tabla para la tabla `inmuebles_imagenes`
--

DROP TABLE IF EXISTS `inmuebles_imagenes`;
CREATE TABLE IF NOT EXISTS `inmuebles_imagenes` (
  `id` int(11) unsigned NOT NULL AUTO_INCREMENT,
  `inmueble_id` int(11) unsigned NOT NULL,
  `imagen` varchar(255) NOT NULL,
  `portada` tinyint(1) NOT NULL DEFAULT '0',
  `publicada` tinyint(1) NOT NULL DEFAULT '1',
  PRIMARY KEY (`id`),
  KEY `FK_inmuebles_imagenes_inmueble_id` (`inmueble_id`)
) ENGINE=InnoDB  DEFAULT CHARSET=utf8 AUTO_INCREMENT=18 ;

--
-- Volcado de datos para la tabla `inmuebles_imagenes`
--

INSERT INTO `inmuebles_imagenes` (`id`, `inmueble_id`, `imagen`, `portada`, `publicada`) VALUES
(1, 5, 'uploads/inmuebles/5/imagenes/1_entrada.jpg', 0, 0),
(2, 5, 'uploads/inmuebles/5/imagenes/2_salon.jpg', 0, 1),
(3, 5, 'uploads/inmuebles/5/imagenes/3_despacho.jpg', 0, 1),
(4, 5, 'uploads/inmuebles/5/imagenes/4_cocina.jpg', 0, 1),
(7, 5, 'uploads/inmuebles/5/imagenes/5_fuera.jpg', 0, 1),
(8, 5, 'uploads/inmuebles/5/imagenes/6_piscina.jpg', 0, 1),
(9, 5, 'uploads/inmuebles/5/imagenes/001-ovd-919-saota-1050x700.jpg', 0, 1),
(10, 5, 'uploads/inmuebles/5/imagenes/002-armadale-house-mitsuori-architects-1050x700.jpg', 1, 1),
(11, 5, 'uploads/inmuebles/5/imagenes/003-cliff-dwelling-specht-harpman-1050x700.jpg', 0, 1),
(12, 5, 'uploads/inmuebles/5/imagenes/fanny.png', 0, 0),
(13, 5, 'uploads/inmuebles/5/imagenes/1_entrada1.jpg', 0, 1),
(14, 5, 'uploads/inmuebles/5/imagenes/2_salon1.jpg', 0, 1),
(15, 5, 'uploads/inmuebles/5/imagenes/3_despacho1.jpg', 0, 1),
(16, 16, 'uploads/inmuebles/16/imagenes/1_entrada.jpg', 1, 1),
(17, 4, 'uploads/inmuebles/4/imagenes/entrada_vertical.jpg', 1, 1);

-- --------------------------------------------------------

--
-- Estructura de tabla para la tabla `inmuebles_lugares_interes`
--

DROP TABLE IF EXISTS `inmuebles_lugares_interes`;
CREATE TABLE IF NOT EXISTS `inmuebles_lugares_interes` (
  `id` int(11) unsigned NOT NULL AUTO_INCREMENT,
  `inmueble_id` int(11) unsigned NOT NULL,
  `lugar_interes_id` int(11) unsigned NOT NULL,
  PRIMARY KEY (`id`),
  KEY `FK_inmuebles_lugares_interes_inmueble_id` (`inmueble_id`),
  KEY `FK_inmuebles_lugares_interes_interes_id` (`lugar_interes_id`)
) ENGINE=InnoDB  DEFAULT CHARSET=utf8 AUTO_INCREMENT=3 ;

--
-- Volcado de datos para la tabla `inmuebles_lugares_interes`
--

INSERT INTO `inmuebles_lugares_interes` (`id`, `inmueble_id`, `lugar_interes_id`) VALUES
(2, 5, 3);

-- --------------------------------------------------------

--
-- Estructura de tabla para la tabla `inmuebles_opciones_extras`
--

DROP TABLE IF EXISTS `inmuebles_opciones_extras`;
CREATE TABLE IF NOT EXISTS `inmuebles_opciones_extras` (
  `id` int(11) unsigned NOT NULL AUTO_INCREMENT,
  `inmueble_id` int(11) unsigned NOT NULL,
  `opcion_extra_id` int(11) unsigned NOT NULL,
  PRIMARY KEY (`id`),
  KEY `FK_inmuebles_opciones_extras_inmueble_id` (`inmueble_id`),
  KEY `FK_inmuebles_opciones_extras_extra_id` (`opcion_extra_id`)
) ENGINE=InnoDB  DEFAULT CHARSET=utf8 AUTO_INCREMENT=4 ;

--
-- Volcado de datos para la tabla `inmuebles_opciones_extras`
--

INSERT INTO `inmuebles_opciones_extras` (`id`, `inmueble_id`, `opcion_extra_id`) VALUES
(1, 5, 1),
(3, 5, 2);

-- --------------------------------------------------------

--
-- Estructura de tabla para la tabla `login_attempts`
--

DROP TABLE IF EXISTS `login_attempts`;
CREATE TABLE IF NOT EXISTS `login_attempts` (
  `id` int(11) unsigned NOT NULL AUTO_INCREMENT,
  `ip_address` varchar(15) NOT NULL,
  `login` varchar(100) NOT NULL,
  `time` int(11) unsigned DEFAULT NULL,
  PRIMARY KEY (`id`)
) ENGINE=InnoDB DEFAULT CHARSET=utf8 AUTO_INCREMENT=1 ;

-- --------------------------------------------------------

--
-- Estructura de tabla para la tabla `lugares_interes`
--

DROP TABLE IF EXISTS `lugares_interes`;
CREATE TABLE IF NOT EXISTS `lugares_interes` (
  `id` int(11) unsigned NOT NULL AUTO_INCREMENT,
  `descripcion` varchar(255) NOT NULL,
  PRIMARY KEY (`id`)
) ENGINE=InnoDB  DEFAULT CHARSET=utf8 AUTO_INCREMENT=5 ;

--
-- Volcado de datos para la tabla `lugares_interes`
--

INSERT INTO `lugares_interes` (`id`, `descripcion`) VALUES
(1, 'Colegio'),
(2, 'Universidad'),
(3, 'Hospital'),
(4, 'Farmacia');

-- --------------------------------------------------------

--
-- Estructura de tabla para la tabla `lugares_interes_idiomas`
--

DROP TABLE IF EXISTS `lugares_interes_idiomas`;
CREATE TABLE IF NOT EXISTS `lugares_interes_idiomas` (
  `id` int(11) unsigned NOT NULL AUTO_INCREMENT,
  `idioma_id` int(11) unsigned NOT NULL,
  `lugar_interes_id` int(11) unsigned NOT NULL,
  `nombre` varchar(100) NOT NULL,
  PRIMARY KEY (`id`),
  KEY `FK_lugares_interes_idiomas_idioma_id` (`idioma_id`),
  KEY `FK_lugares_interes_idiomas_lugar_interes_id` (`lugar_interes_id`)
) ENGINE=InnoDB  DEFAULT CHARSET=utf8 AUTO_INCREMENT=9 ;

--
-- Volcado de datos para la tabla `lugares_interes_idiomas`
--

INSERT INTO `lugares_interes_idiomas` (`id`, `idioma_id`, `lugar_interes_id`, `nombre`) VALUES
(1, 1, 1, 'Colegio'),
(2, 1, 2, 'Universidad'),
(3, 1, 3, 'Hospital'),
(4, 1, 4, 'Farmacia'),
(5, 53, 1, 'School'),
(6, 53, 2, 'University'),
(7, 53, 3, 'Hospital'),
(8, 53, 4, 'Pharmacy');

-- --------------------------------------------------------

--
-- Estructura de tabla para la tabla `marcas_documentacion`
--

DROP TABLE IF EXISTS `marcas_documentacion`;
CREATE TABLE IF NOT EXISTS `marcas_documentacion` (
  `id` int(11) unsigned NOT NULL AUTO_INCREMENT,
  `referencia` varchar(100) NOT NULL,
  `descripcion` varchar(255) NOT NULL,
  `especial` tinyint(1) NOT NULL DEFAULT '0',
  `categoria_inf_id` int(11) unsigned NOT NULL,
  PRIMARY KEY (`id`),
  KEY `FK_marcas_documentacion_categoria_inf_id` (`categoria_inf_id`)
) ENGINE=InnoDB  DEFAULT CHARSET=utf8 AUTO_INCREMENT=68 ;

--
-- Volcado de datos para la tabla `marcas_documentacion`
--

INSERT INTO `marcas_documentacion` (`id`, `referencia`, `descripcion`, `especial`, `categoria_inf_id`) VALUES
(1, 'f_actual_numero', 'Fecha actual en formato numérico', 0, 1),
(2, 'f_actual_texto', 'Fecha actual en formato texto', 0, 1),
(3, 'nif', 'NIF/NIE/CIF del cliente', 0, 2),
(4, 'nombre', 'Nombre del cliente', 0, 2),
(5, 'apellidos', 'Apellidos del cliente', 0, 2),
(6, 'fecha_nac', 'Fecha de nacimiento', 1, 2),
(7, 'nombre_pais', 'Nombre del país donde reside', 0, 2),
(8, 'nombre_provincia', 'Nombre de la provincia', 0, 2),
(9, 'nombre_poblacion', 'Nombre del municipio', 0, 2),
(10, 'direccion', 'Domicilio donde reside el cliente', 0, 2),
(11, 'correo', 'Correo electrónico', 0, 2),
(12, 'telefonos', 'Teléfonos de contacto', 0, 2),
(13, 'nombre_estado', 'Estado', 0, 2),
(14, 'nombre_agente_asignado', 'Nombre del agente asignado', 0, 2),
(15, 'observaciones', 'Observaciones', 0, 2),
(16, 'referencia', 'Referencia del inmueble', 0, 3),
(17, 'fecha_alta', 'Fecha de alta del inmueble', 1, 3),
(18, 'nombre_tipo', 'Tipo del inmueble', 0, 3),
(19, 'nombre_provincia', 'Nombre de la provincia', 0, 3),
(20, 'nombre_poblacion', 'Nombre del municipio', 0, 3),
(21, 'nombre_zona', 'Nombre de la zona del municipio', 0, 3),
(22, 'direccion', 'Dirección real del inmueble', 0, 3),
(23, 'metros', 'Metros totales', 0, 3),
(24, 'metros_utiles', 'Metros útiles', 0, 3),
(25, 'habitaciones', 'Número de habitaciones', 0, 3),
(26, 'banios', 'Número de baños', 0, 3),
(27, 'precio_compra', 'Precio de compra', 1, 3),
(28, 'precio_compra_anterior', 'Precio de compra anterior', 1, 3),
(29, 'precio_alquiler', 'Precio alquiler', 1, 3),
(30, 'precio_alquiler_anterior', 'Precio alquiler anterior', 1, 3),
(31, 'nombre_certificacion_energetica', 'Certificación energética', 0, 3),
(32, 'direccion_publica', 'Dirección mostrada en la zona pública', 0, 3),
(33, 'titulo_publico', 'Título mostrado en la zona pública', 1, 3),
(34, 'descripcion_publica', 'Descripción extendida mostrada en la zona pública', 1, 3),
(35, 'url_seo', 'URL SEO', 1, 3),
(36, 'descripcion_seo', 'Descripción SEO', 1, 3),
(37, 'keywords_seo', 'Palabras clave para el SEO', 1, 3),
(38, 'nombre_estado', 'Estado', 0, 3),
(39, 'nombre_captador', 'Nombre completo del captador', 0, 3),
(40, 'observaciones', 'Observaciones', 0, 3),
(41, 'imagen_portada', 'Imagen de la portada pública', 1, 3),
(42, 'codigo_qr', 'Código QR del URL SEO de la zona pública', 1, 6),
(43, 'nombre', 'Nombre del agente', 1, 4),
(44, 'apellidos', 'Apellidos del agente', 1, 4),
(45, 'referencia', 'Referencia de la demanda', 0, 7),
(46, 'fecha_alta', 'Fecha de alta de la demanda', 1, 7),
(47, 'oferta', 'Oferta demandada', 0, 7),
(48, 'tipo', 'Tipo de demanda', 0, 7),
(49, 'nombre_cliente', 'Nombre completo del cliente demandante', 0, 7),
(50, 'tipos_inmuebles', 'Listado de tipos de inmuebles separados por comas', 0, 7),
(51, 'nombre_provincia', 'Nombre de la provincia', 0, 7),
(52, 'nombre_poblacion', 'Nombre del municipio', 0, 7),
(53, 'zonas', 'Listado de zonas separados por comas', 0, 7),
(54, 'metros_desde', 'Metros totales (desde)', 0, 7),
(55, 'metros_hasta', 'Metros totales (hasta)', 0, 7),
(56, 'habitaciones_desde', 'Número de habitaciones (desde)', 0, 7),
(57, 'habitaciones_hasta', 'Número de habitaciones (hasta)', 0, 7),
(58, 'banios_desde', 'Número de baños (desde)', 0, 7),
(59, 'banios_hasta', 'Número de baños (hasta)', 0, 7),
(60, 'precio_desde', 'Precio (desde)', 1, 7),
(61, 'precio_hasta', 'Precio (hasta)', 1, 7),
(62, 'anio_construccion_desde', 'Año construcción (desde)', 0, 7),
(63, 'anio_construccion_hasta', 'Año construcción (hasta)', 0, 7),
(64, 'nombre_certificacion_energetica', 'Certificación energética mínima', 0, 7),
(65, 'nombre_estado', 'Estado', 0, 7),
(66, 'nombre_agente_asignado', 'Nombre completo del agente asignado', 0, 7),
(67, 'observaciones', 'Observaciones', 0, 7);

-- --------------------------------------------------------

--
-- Estructura de tabla para la tabla `opciones_extras`
--

DROP TABLE IF EXISTS `opciones_extras`;
CREATE TABLE IF NOT EXISTS `opciones_extras` (
  `id` int(11) unsigned NOT NULL AUTO_INCREMENT,
  `descripcion` varchar(255) NOT NULL,
  PRIMARY KEY (`id`)
) ENGINE=InnoDB  DEFAULT CHARSET=utf8 AUTO_INCREMENT=5 ;

--
-- Volcado de datos para la tabla `opciones_extras`
--

INSERT INTO `opciones_extras` (`id`, `descripcion`) VALUES
(1, 'Cocina'),
(2, 'Muebles Salón'),
(3, 'Piscina'),
(4, 'Jacuzzi');

-- --------------------------------------------------------

--
-- Estructura de tabla para la tabla `opciones_extras_idiomas`
--

DROP TABLE IF EXISTS `opciones_extras_idiomas`;
CREATE TABLE IF NOT EXISTS `opciones_extras_idiomas` (
  `id` int(11) unsigned NOT NULL AUTO_INCREMENT,
  `idioma_id` int(11) unsigned NOT NULL,
  `opcion_extra_id` int(11) unsigned NOT NULL,
  `nombre` varchar(100) NOT NULL,
  PRIMARY KEY (`id`),
  KEY `FK_opciones_extras_idiomas_idioma_id` (`idioma_id`),
  KEY `FK_opciones_extras_idiomas_opcion_extra_id` (`opcion_extra_id`)
) ENGINE=InnoDB  DEFAULT CHARSET=utf8 AUTO_INCREMENT=9 ;

--
-- Volcado de datos para la tabla `opciones_extras_idiomas`
--

INSERT INTO `opciones_extras_idiomas` (`id`, `idioma_id`, `opcion_extra_id`, `nombre`) VALUES
(1, 1, 1, 'Cocina'),
(2, 1, 2, 'Muebles'),
(3, 1, 3, 'Piscina'),
(4, 1, 4, 'Jacuzzi'),
(5, 53, 1, 'Kitchen'),
(6, 53, 2, 'Furniture'),
(7, 53, 3, 'Pool'),
(8, 53, 4, 'Jacuzzi');

-- --------------------------------------------------------

--
-- Estructura de tabla para la tabla `paises`
--

DROP TABLE IF EXISTS `paises`;
CREATE TABLE IF NOT EXISTS `paises` (
  `id` int(11) unsigned NOT NULL AUTO_INCREMENT,
  `nombre` varchar(150) NOT NULL,
  `name` varchar(150) NOT NULL,
  `nom` varchar(150) NOT NULL,
  `iso2` char(2) NOT NULL,
  `iso3` char(3) NOT NULL,
  `phone_code` varchar(5) DEFAULT NULL,
  `defecto` int(1) NOT NULL DEFAULT '0',
  PRIMARY KEY (`id`),
  UNIQUE KEY `iso2` (`iso2`),
  UNIQUE KEY `iso3` (`iso3`)
) ENGINE=InnoDB  DEFAULT CHARSET=utf8 AUTO_INCREMENT=247 ;

--
-- Volcado de datos para la tabla `paises`
--

INSERT INTO `paises` (`id`, `nombre`, `name`, `nom`, `iso2`, `iso3`, `phone_code`, `defecto`) VALUES
(1, 'Afganistán', 'Afghanistan', 'Afghanistan', 'AF', 'AFG', '93', 0),
(2, 'Albania', 'Albania', 'Albanie', 'AL', 'ALB', '355', 0),
(3, 'Alemania', 'Germany', 'Allemagne', 'DE', 'DEU', '49', 0),
(4, 'Algeria', 'Algeria', 'Algérie', 'DZ', 'DZA', '213', 0),
(5, 'Andorra', 'Andorra', 'Andorra', 'AD', 'AND', '376', 0),
(6, 'Angola', 'Angola', 'Angola', 'AO', 'AGO', '244', 0),
(7, 'Anguila', 'Anguilla', 'Anguilla', 'AI', 'AIA', '1 264', 0),
(8, 'Antártida', 'Antarctica', 'L''Antarctique', 'AQ', 'ATA', '672', 0),
(9, 'Antigua y Barbuda', 'Antigua and Barbuda', 'Antigua et Barbuda', 'AG', 'ATG', '1 268', 0),
(10, 'Antillas Neerlandesas', 'Netherlands Antilles', 'Antilles Néerlandaises', 'AN', 'ANT', '599', 0),
(11, 'Arabia Saudita', 'Saudi Arabia', 'Arabie Saoudite', 'SA', 'SAU', '966', 0),
(12, 'Argentina', 'Argentina', 'Argentine', 'AR', 'ARG', '54', 0),
(13, 'Armenia', 'Armenia', 'L''Arménie', 'AM', 'ARM', '374', 0),
(14, 'Aruba', 'Aruba', 'Aruba', 'AW', 'ABW', '297', 0),
(15, 'Australia', 'Australia', 'Australie', 'AU', 'AUS', '61', 0),
(16, 'Austria', 'Austria', 'Autriche', 'AT', 'AUT', '43', 0),
(17, 'Azerbayán', 'Azerbaijan', 'L''Azerbaïdjan', 'AZ', 'AZE', '994', 0),
(18, 'Bélgica', 'Belgium', 'Belgique', 'BE', 'BEL', '32', 0),
(19, 'Bahamas', 'Bahamas', 'Bahamas', 'BS', 'BHS', '1 242', 0),
(20, 'Bahrein', 'Bahrain', 'Bahreïn', 'BH', 'BHR', '973', 0),
(21, 'Bangladesh', 'Bangladesh', 'Bangladesh', 'BD', 'BGD', '880', 0),
(22, 'Barbados', 'Barbados', 'Barbade', 'BB', 'BRB', '1 246', 0),
(23, 'Belice', 'Belize', 'Belize', 'BZ', 'BLZ', '501', 0),
(24, 'Benín', 'Benin', 'Bénin', 'BJ', 'BEN', '229', 0),
(25, 'Bhután', 'Bhutan', 'Le Bhoutan', 'BT', 'BTN', '975', 0),
(26, 'Bielorrusia', 'Belarus', 'Biélorussie', 'BY', 'BLR', '375', 0),
(27, 'Birmania', 'Myanmar', 'Myanmar', 'MM', 'MMR', '95', 0),
(28, 'Bolivia', 'Bolivia', 'Bolivie', 'BO', 'BOL', '591', 0),
(29, 'Bosnia y Herzegovina', 'Bosnia and Herzegovina', 'Bosnie-Herzégovine', 'BA', 'BIH', '387', 0),
(30, 'Botsuana', 'Botswana', 'Botswana', 'BW', 'BWA', '267', 0),
(31, 'Brasil', 'Brazil', 'Brésil', 'BR', 'BRA', '55', 0),
(32, 'Brunéi', 'Brunei', 'Brunei', 'BN', 'BRN', '673', 0),
(33, 'Bulgaria', 'Bulgaria', 'Bulgarie', 'BG', 'BGR', '359', 0),
(34, 'Burkina Faso', 'Burkina Faso', 'Burkina Faso', 'BF', 'BFA', '226', 0),
(35, 'Burundi', 'Burundi', 'Burundi', 'BI', 'BDI', '257', 0),
(36, 'Cabo Verde', 'Cape Verde', 'Cap-Vert', 'CV', 'CPV', '238', 0),
(37, 'Camboya', 'Cambodia', 'Cambodge', 'KH', 'KHM', '855', 0),
(38, 'Camerún', 'Cameroon', 'Cameroun', 'CM', 'CMR', '237', 0),
(39, 'Canadá', 'Canada', 'Canada', 'CA', 'CAN', '1', 0),
(40, 'Chad', 'Chad', 'Tchad', 'TD', 'TCD', '235', 0),
(41, 'Chile', 'Chile', 'Chili', 'CL', 'CHL', '56', 0),
(42, 'China', 'China', 'Chine', 'CN', 'CHN', '86', 0),
(43, 'Chipre', 'Cyprus', 'Chypre', 'CY', 'CYP', '357', 0),
(44, 'Ciudad del Vaticano', 'Vatican City State', 'Cité du Vatican', 'VA', 'VAT', '39', 0),
(45, 'Colombia', 'Colombia', 'Colombie', 'CO', 'COL', '57', 0),
(46, 'Comoras', 'Comoros', 'Comores', 'KM', 'COM', '269', 0),
(47, 'Congo', 'Congo', 'Congo', 'CG', 'COG', '242', 0),
(48, 'Congo', 'Congo', 'Congo', 'CD', 'COD', '243', 0),
(49, 'Corea del Norte', 'North Korea', 'Corée du Nord', 'KP', 'PRK', '850', 0),
(50, 'Corea del Sur', 'South Korea', 'Corée du Sud', 'KR', 'KOR', '82', 0),
(51, 'Costa de Marfil', 'Ivory Coast', 'Côte-d''Ivoire', 'CI', 'CIV', '225', 0),
(52, 'Costa Rica', 'Costa Rica', 'Costa Rica', 'CR', 'CRI', '506', 0),
(53, 'Croacia', 'Croatia', 'Croatie', 'HR', 'HRV', '385', 0),
(54, 'Cuba', 'Cuba', 'Cuba', 'CU', 'CUB', '53', 0),
(55, 'Dinamarca', 'Denmark', 'Danemark', 'DK', 'DNK', '45', 0),
(56, 'Dominica', 'Dominica', 'Dominique', 'DM', 'DMA', '1 767', 0),
(57, 'Ecuador', 'Ecuador', 'Equateur', 'EC', 'ECU', '593', 0),
(58, 'Egipto', 'Egypt', 'Egypte', 'EG', 'EGY', '20', 0),
(59, 'El Salvador', 'El Salvador', 'El Salvador', 'SV', 'SLV', '503', 0),
(60, 'Emiratos Árabes Unidos', 'United Arab Emirates', 'Emirats Arabes Unis', 'AE', 'ARE', '971', 0),
(61, 'Eritrea', 'Eritrea', 'Erythrée', 'ER', 'ERI', '291', 0),
(62, 'Eslovaquia', 'Slovakia', 'Slovaquie', 'SK', 'SVK', '421', 0),
(63, 'Eslovenia', 'Slovenia', 'Slovénie', 'SI', 'SVN', '386', 0),
(64, 'España', 'Spain', 'Espagne', 'ES', 'ESP', '34', 1),
(65, 'Estados Unidos de América', 'United States of America', 'États-Unis d''Amérique', 'US', 'USA', '1', 0),
(66, 'Estonia', 'Estonia', 'L''Estonie', 'EE', 'EST', '372', 0),
(67, 'Etiopía', 'Ethiopia', 'Ethiopie', 'ET', 'ETH', '251', 0),
(68, 'Filipinas', 'Philippines', 'Philippines', 'PH', 'PHL', '63', 0),
(69, 'Finlandia', 'Finland', 'Finlande', 'FI', 'FIN', '358', 0),
(70, 'Fiyi', 'Fiji', 'Fidji', 'FJ', 'FJI', '679', 0),
(71, 'Francia', 'France', 'France', 'FR', 'FRA', '33', 0),
(72, 'Gabón', 'Gabon', 'Gabon', 'GA', 'GAB', '241', 0),
(73, 'Gambia', 'Gambia', 'Gambie', 'GM', 'GMB', '220', 0),
(74, 'Georgia', 'Georgia', 'Géorgie', 'GE', 'GEO', '995', 0),
(75, 'Ghana', 'Ghana', 'Ghana', 'GH', 'GHA', '233', 0),
(76, 'Gibraltar', 'Gibraltar', 'Gibraltar', 'GI', 'GIB', '350', 0),
(77, 'Granada', 'Grenada', 'Grenade', 'GD', 'GRD', '1 473', 0),
(78, 'Grecia', 'Greece', 'Grèce', 'GR', 'GRC', '30', 0),
(79, 'Groenlandia', 'Greenland', 'Groenland', 'GL', 'GRL', '299', 0),
(80, 'Guadalupe', 'Guadeloupe', 'Guadeloupe', 'GP', 'GLP', '', 0),
(81, 'Guam', 'Guam', 'Guam', 'GU', 'GUM', '1 671', 0),
(82, 'Guatemala', 'Guatemala', 'Guatemala', 'GT', 'GTM', '502', 0),
(83, 'Guayana Francesa', 'French Guiana', 'Guyane française', 'GF', 'GUF', '', 0),
(84, 'Guernsey', 'Guernsey', 'Guernesey', 'GG', 'GGY', '', 0),
(85, 'Guinea', 'Guinea', 'Guinée', 'GN', 'GIN', '224', 0),
(86, 'Guinea Ecuatorial', 'Equatorial Guinea', 'Guinée Equatoriale', 'GQ', 'GNQ', '240', 0),
(87, 'Guinea-Bissau', 'Guinea-Bissau', 'Guinée-Bissau', 'GW', 'GNB', '245', 0),
(88, 'Guyana', 'Guyana', 'Guyane', 'GY', 'GUY', '592', 0),
(89, 'Haití', 'Haiti', 'Haïti', 'HT', 'HTI', '509', 0),
(90, 'Honduras', 'Honduras', 'Honduras', 'HN', 'HND', '504', 0),
(91, 'Hong kong', 'Hong Kong', 'Hong Kong', 'HK', 'HKG', '852', 0),
(92, 'Hungría', 'Hungary', 'Hongrie', 'HU', 'HUN', '36', 0),
(93, 'India', 'India', 'Inde', 'IN', 'IND', '91', 0),
(94, 'Indonesia', 'Indonesia', 'Indonésie', 'ID', 'IDN', '62', 0),
(95, 'Irán', 'Iran', 'Iran', 'IR', 'IRN', '98', 0),
(96, 'Irak', 'Iraq', 'Irak', 'IQ', 'IRQ', '964', 0),
(97, 'Irlanda', 'Ireland', 'Irlande', 'IE', 'IRL', '353', 0),
(98, 'Isla Bouvet', 'Bouvet Island', 'Bouvet Island', 'BV', 'BVT', '', 0),
(99, 'Isla de Man', 'Isle of Man', 'Ile de Man', 'IM', 'IMN', '44', 0),
(100, 'Isla de Navidad', 'Christmas Island', 'Christmas Island', 'CX', 'CXR', '61', 0),
(101, 'Isla Norfolk', 'Norfolk Island', 'Île de Norfolk', 'NF', 'NFK', '', 0),
(102, 'Islandia', 'Iceland', 'Islande', 'IS', 'ISL', '354', 0),
(103, 'Islas Bermudas', 'Bermuda Islands', 'Bermudes', 'BM', 'BMU', '1 441', 0),
(104, 'Islas Caimán', 'Cayman Islands', 'Iles Caïmans', 'KY', 'CYM', '1 345', 0),
(105, 'Islas Cocos (Keeling)', 'Cocos (Keeling) Islands', 'Cocos (Keeling', 'CC', 'CCK', '61', 0),
(106, 'Islas Cook', 'Cook Islands', 'Iles Cook', 'CK', 'COK', '682', 0),
(107, 'Islas de Åland', 'Åland Islands', 'Îles Åland', 'AX', 'ALA', '', 0),
(108, 'Islas Feroe', 'Faroe Islands', 'Iles Féro', 'FO', 'FRO', '298', 0),
(109, 'Islas Georgias del Sur y Sandwich del Sur', 'South Georgia and the South Sandwich Islands', 'Géorgie du Sud et les Îles Sandwich du Sud', 'GS', 'SGS', '', 0),
(110, 'Islas Heard y McDonald', 'Heard Island and McDonald Islands', 'Les îles Heard et McDonald', 'HM', 'HMD', '', 0),
(111, 'Islas Maldivas', 'Maldives', 'Maldives', 'MV', 'MDV', '960', 0),
(112, 'Islas Malvinas', 'Falkland Islands (Malvinas)', 'Iles Falkland (Malvinas', 'FK', 'FLK', '500', 0),
(113, 'Islas Marianas del Norte', 'Northern Mariana Islands', 'Iles Mariannes du Nord', 'MP', 'MNP', '1 670', 0),
(114, 'Islas Marshall', 'Marshall Islands', 'Iles Marshall', 'MH', 'MHL', '692', 0),
(115, 'Islas Pitcairn', 'Pitcairn Islands', 'Iles Pitcairn', 'PN', 'PCN', '870', 0),
(116, 'Islas Salomón', 'Solomon Islands', 'Iles Salomon', 'SB', 'SLB', '677', 0),
(117, 'Islas Turcas y Caicos', 'Turks and Caicos Islands', 'Iles Turques et Caïques', 'TC', 'TCA', '1 649', 0),
(118, 'Islas Ultramarinas Menores de Estados Unidos', 'United States Minor Outlying Islands', 'États-Unis Îles mineures éloignées', 'UM', 'UMI', '', 0),
(119, 'Islas Vírgenes Británicas', 'Virgin Islands', 'Iles Vierges', 'VG', 'VG', '1 284', 0),
(120, 'Islas Vírgenes de los Estados Unidos', 'United States Virgin Islands', 'Îles Vierges américaines', 'VI', 'VIR', '1 340', 0),
(121, 'Israel', 'Israel', 'Israël', 'IL', 'ISR', '972', 0),
(122, 'Italia', 'Italy', 'Italie', 'IT', 'ITA', '39', 0),
(123, 'Jamaica', 'Jamaica', 'Jamaïque', 'JM', 'JAM', '1 876', 0),
(124, 'Japón', 'Japan', 'Japon', 'JP', 'JPN', '81', 0),
(125, 'Jersey', 'Jersey', 'Maillot', 'JE', 'JEY', '', 0),
(126, 'Jordania', 'Jordan', 'Jordan', 'JO', 'JOR', '962', 0),
(127, 'Kazajistán', 'Kazakhstan', 'Le Kazakhstan', 'KZ', 'KAZ', '7', 0),
(128, 'Kenia', 'Kenya', 'Kenya', 'KE', 'KEN', '254', 0),
(129, 'Kirgizstán', 'Kyrgyzstan', 'Kirghizstan', 'KG', 'KGZ', '996', 0),
(130, 'Kiribati', 'Kiribati', 'Kiribati', 'KI', 'KIR', '686', 0),
(131, 'Kuwait', 'Kuwait', 'Koweït', 'KW', 'KWT', '965', 0),
(132, 'Líbano', 'Lebanon', 'Liban', 'LB', 'LBN', '961', 0),
(133, 'Laos', 'Laos', 'Laos', 'LA', 'LAO', '856', 0),
(134, 'Lesoto', 'Lesotho', 'Lesotho', 'LS', 'LSO', '266', 0),
(135, 'Letonia', 'Latvia', 'La Lettonie', 'LV', 'LVA', '371', 0),
(136, 'Liberia', 'Liberia', 'Liberia', 'LR', 'LBR', '231', 0),
(137, 'Libia', 'Libya', 'Libye', 'LY', 'LBY', '218', 0),
(138, 'Liechtenstein', 'Liechtenstein', 'Liechtenstein', 'LI', 'LIE', '423', 0),
(139, 'Lituania', 'Lithuania', 'La Lituanie', 'LT', 'LTU', '370', 0),
(140, 'Luxemburgo', 'Luxembourg', 'Luxembourg', 'LU', 'LUX', '352', 0),
(141, 'México', 'Mexico', 'Mexique', 'MX', 'MEX', '52', 0),
(142, 'Mónaco', 'Monaco', 'Monaco', 'MC', 'MCO', '377', 0),
(143, 'Macao', 'Macao', 'Macao', 'MO', 'MAC', '853', 0),
(144, 'Macedônia', 'Macedonia', 'Macédoine', 'MK', 'MKD', '389', 0),
(145, 'Madagascar', 'Madagascar', 'Madagascar', 'MG', 'MDG', '261', 0),
(146, 'Malasia', 'Malaysia', 'Malaisie', 'MY', 'MYS', '60', 0),
(147, 'Malawi', 'Malawi', 'Malawi', 'MW', 'MWI', '265', 0),
(148, 'Mali', 'Mali', 'Mali', 'ML', 'MLI', '223', 0),
(149, 'Malta', 'Malta', 'Malte', 'MT', 'MLT', '356', 0),
(150, 'Marruecos', 'Morocco', 'Maroc', 'MA', 'MAR', '212', 0),
(151, 'Martinica', 'Martinique', 'Martinique', 'MQ', 'MTQ', '', 0),
(152, 'Mauricio', 'Mauritius', 'Iles Maurice', 'MU', 'MUS', '230', 0),
(153, 'Mauritania', 'Mauritania', 'Mauritanie', 'MR', 'MRT', '222', 0),
(154, 'Mayotte', 'Mayotte', 'Mayotte', 'YT', 'MYT', '262', 0),
(155, 'Micronesia', 'Estados Federados de', 'Federados Estados de', 'FM', 'FSM', '691', 0),
(156, 'Moldavia', 'Moldova', 'Moldavie', 'MD', 'MDA', '373', 0),
(157, 'Mongolia', 'Mongolia', 'Mongolie', 'MN', 'MNG', '976', 0),
(158, 'Montenegro', 'Montenegro', 'Monténégro', 'ME', 'MNE', '382', 0),
(159, 'Montserrat', 'Montserrat', 'Montserrat', 'MS', 'MSR', '1 664', 0),
(160, 'Mozambique', 'Mozambique', 'Mozambique', 'MZ', 'MOZ', '258', 0),
(161, 'Namibia', 'Namibia', 'Namibie', 'NA', 'NAM', '264', 0),
(162, 'Nauru', 'Nauru', 'Nauru', 'NR', 'NRU', '674', 0),
(163, 'Nepal', 'Nepal', 'Népal', 'NP', 'NPL', '977', 0),
(164, 'Nicaragua', 'Nicaragua', 'Nicaragua', 'NI', 'NIC', '505', 0),
(165, 'Niger', 'Niger', 'Niger', 'NE', 'NER', '227', 0),
(166, 'Nigeria', 'Nigeria', 'Nigeria', 'NG', 'NGA', '234', 0),
(167, 'Niue', 'Niue', 'Niou', 'NU', 'NIU', '683', 0),
(168, 'Noruega', 'Norway', 'Norvège', 'NO', 'NOR', '47', 0),
(169, 'Nueva Caledonia', 'New Caledonia', 'Nouvelle-Calédonie', 'NC', 'NCL', '687', 0),
(170, 'Nueva Zelanda', 'New Zealand', 'Nouvelle-Zélande', 'NZ', 'NZL', '64', 0),
(171, 'Omán', 'Oman', 'Oman', 'OM', 'OMN', '968', 0),
(172, 'Países Bajos', 'Netherlands', 'Pays-Bas', 'NL', 'NLD', '31', 0),
(173, 'Pakistán', 'Pakistan', 'Pakistan', 'PK', 'PAK', '92', 0),
(174, 'Palau', 'Palau', 'Palau', 'PW', 'PLW', '680', 0),
(175, 'Palestina', 'Palestine', 'La Palestine', 'PS', 'PSE', '', 0),
(176, 'Panamá', 'Panama', 'Panama', 'PA', 'PAN', '507', 0),
(177, 'Papúa Nueva Guinea', 'Papua New Guinea', 'Papouasie-Nouvelle-Guinée', 'PG', 'PNG', '675', 0),
(178, 'Paraguay', 'Paraguay', 'Paraguay', 'PY', 'PRY', '595', 0),
(179, 'Perú', 'Peru', 'Pérou', 'PE', 'PER', '51', 0),
(180, 'Polinesia Francesa', 'French Polynesia', 'Polynésie française', 'PF', 'PYF', '689', 0),
(181, 'Polonia', 'Poland', 'Pologne', 'PL', 'POL', '48', 0),
(182, 'Portugal', 'Portugal', 'Portugal', 'PT', 'PRT', '351', 0),
(183, 'Puerto Rico', 'Puerto Rico', 'Porto Rico', 'PR', 'PRI', '1', 0),
(184, 'Qatar', 'Qatar', 'Qatar', 'QA', 'QAT', '974', 0),
(185, 'Reino Unido', 'United Kingdom', 'Royaume-Uni', 'GB', 'GBR', '44', 0),
(186, 'República Centroafricana', 'Central African Republic', 'République Centrafricaine', 'CF', 'CAF', '236', 0),
(187, 'República Checa', 'Czech Republic', 'République Tchèque', 'CZ', 'CZE', '420', 0),
(188, 'República Dominicana', 'Dominican Republic', 'République Dominicaine', 'DO', 'DOM', '1 809', 0),
(189, 'Reunión', 'Réunion', 'Réunion', 'RE', 'REU', '', 0),
(190, 'Ruanda', 'Rwanda', 'Rwanda', 'RW', 'RWA', '250', 0),
(191, 'Rumanía', 'Romania', 'Roumanie', 'RO', 'ROU', '40', 0),
(192, 'Rusia', 'Russia', 'La Russie', 'RU', 'RUS', '7', 0),
(193, 'Sahara Occidental', 'Western Sahara', 'Sahara Occidental', 'EH', 'ESH', '', 0),
(194, 'Samoa', 'Samoa', 'Samoa', 'WS', 'WSM', '685', 0),
(195, 'Samoa Americana', 'American Samoa', 'Les Samoa américaines', 'AS', 'ASM', '1 684', 0),
(196, 'San Bartolomé', 'Saint Barthélemy', 'Saint-Barthélemy', 'BL', 'BLM', '590', 0),
(197, 'San Cristóbal y Nieves', 'Saint Kitts and Nevis', 'Saint Kitts et Nevis', 'KN', 'KNA', '1 869', 0),
(198, 'San Marino', 'San Marino', 'San Marino', 'SM', 'SMR', '378', 0),
(199, 'San Martín (Francia)', 'Saint Martin (French part)', 'Saint-Martin (partie française)', 'MF', 'MAF', '1 599', 0),
(200, 'San Pedro y Miquelón', 'Saint Pierre and Miquelon', 'Saint-Pierre-et-Miquelon', 'PM', 'SPM', '508', 0),
(201, 'San Vicente y las Granadinas', 'Saint Vincent and the Grenadines', 'Saint-Vincent et Grenadines', 'VC', 'VCT', '1 784', 0),
(202, 'Santa Elena', 'Ascensión y Tristán de Acuña', 'Ascensión y Tristan de Acuña', 'SH', 'SHN', '290', 0),
(203, 'Santa Lucía', 'Saint Lucia', 'Sainte-Lucie', 'LC', 'LCA', '1 758', 0),
(204, 'Santo Tomé y Príncipe', 'Sao Tome and Principe', 'Sao Tomé et Principe', 'ST', 'STP', '239', 0),
(205, 'Senegal', 'Senegal', 'Sénégal', 'SN', 'SEN', '221', 0),
(206, 'Serbia', 'Serbia', 'Serbie', 'RS', 'SRB', '381', 0),
(207, 'Seychelles', 'Seychelles', 'Les Seychelles', 'SC', 'SYC', '248', 0),
(208, 'Sierra Leona', 'Sierra Leone', 'Sierra Leone', 'SL', 'SLE', '232', 0),
(209, 'Singapur', 'Singapore', 'Singapour', 'SG', 'SGP', '65', 0),
(210, 'Siria', 'Syria', 'Syrie', 'SY', 'SYR', '963', 0),
(211, 'Somalia', 'Somalia', 'Somalie', 'SO', 'SOM', '252', 0),
(212, 'Sri lanka', 'Sri Lanka', 'Sri Lanka', 'LK', 'LKA', '94', 0),
(213, 'Sudáfrica', 'South Africa', 'Afrique du Sud', 'ZA', 'ZAF', '27', 0),
(214, 'Sudán', 'Sudan', 'Soudan', 'SD', 'SDN', '249', 0),
(215, 'Suecia', 'Sweden', 'Suède', 'SE', 'SWE', '46', 0),
(216, 'Suiza', 'Switzerland', 'Suisse', 'CH', 'CHE', '41', 0),
(217, 'Surinám', 'Suriname', 'Surinam', 'SR', 'SUR', '597', 0),
(218, 'Svalbard y Jan Mayen', 'Svalbard and Jan Mayen', 'Svalbard et Jan Mayen', 'SJ', 'SJM', '', 0),
(219, 'Swazilandia', 'Swaziland', 'Swaziland', 'SZ', 'SWZ', '268', 0),
(220, 'Tadjikistán', 'Tajikistan', 'Le Tadjikistan', 'TJ', 'TJK', '992', 0),
(221, 'Tailandia', 'Thailand', 'Thaïlande', 'TH', 'THA', '66', 0),
(222, 'Taiwán', 'Taiwan', 'Taiwan', 'TW', 'TWN', '886', 0),
(223, 'Tanzania', 'Tanzania', 'Tanzanie', 'TZ', 'TZA', '255', 0),
(224, 'Territorio Británico del Océano Índico', 'British Indian Ocean Territory', 'Territoire britannique de l''océan Indien', 'IO', 'IOT', '', 0),
(225, 'Territorios Australes y Antárticas Franceses', 'French Southern Territories', 'Terres australes françaises', 'TF', 'ATF', '', 0),
(226, 'Timor Oriental', 'East Timor', 'Timor-Oriental', 'TL', 'TLS', '670', 0),
(227, 'Togo', 'Togo', 'Togo', 'TG', 'TGO', '228', 0),
(228, 'Tokelau', 'Tokelau', 'Tokélaou', 'TK', 'TKL', '690', 0),
(229, 'Tonga', 'Tonga', 'Tonga', 'TO', 'TON', '676', 0),
(230, 'Trinidad y Tobago', 'Trinidad and Tobago', 'Trinidad et Tobago', 'TT', 'TTO', '1 868', 0),
(231, 'Tunez', 'Tunisia', 'Tunisie', 'TN', 'TUN', '216', 0),
(232, 'Turkmenistán', 'Turkmenistan', 'Le Turkménistan', 'TM', 'TKM', '993', 0),
(233, 'Turquía', 'Turkey', 'Turquie', 'TR', 'TUR', '90', 0),
(234, 'Tuvalu', 'Tuvalu', 'Tuvalu', 'TV', 'TUV', '688', 0),
(235, 'Ucrania', 'Ukraine', 'L''Ukraine', 'UA', 'UKR', '380', 0),
(236, 'Uganda', 'Uganda', 'Ouganda', 'UG', 'UGA', '256', 0),
(237, 'Uruguay', 'Uruguay', 'Uruguay', 'UY', 'URY', '598', 0),
(238, 'Uzbekistán', 'Uzbekistan', 'L''Ouzbékistan', 'UZ', 'UZB', '998', 0),
(239, 'Vanuatu', 'Vanuatu', 'Vanuatu', 'VU', 'VUT', '678', 0),
(240, 'Venezuela', 'Venezuela', 'Venezuela', 'VE', 'VEN', '58', 0),
(241, 'Vietnam', 'Vietnam', 'Vietnam', 'VN', 'VNM', '84', 0),
(242, 'Wallis y Futuna', 'Wallis and Futuna', 'Wallis et Futuna', 'WF', 'WLF', '681', 0),
(243, 'Yemen', 'Yemen', 'Yémen', 'YE', 'YEM', '967', 0),
(244, 'Yibuti', 'Djibouti', 'Djibouti', 'DJ', 'DJI', '253', 0),
(245, 'Zambia', 'Zambia', 'Zambie', 'ZM', 'ZMB', '260', 0),
(246, 'Zimbabue', 'Zimbabwe', 'Zimbabwe', 'ZW', 'ZWE', '263', 0);

-- --------------------------------------------------------

--
-- Estructura de tabla para la tabla `plantillas_documentacion`
--

DROP TABLE IF EXISTS `plantillas_documentacion`;
CREATE TABLE IF NOT EXISTS `plantillas_documentacion` (
  `id` int(11) unsigned NOT NULL AUTO_INCREMENT,
  `nombre` varchar(100) NOT NULL,
  `tipo_plantilla_id` int(11) unsigned NOT NULL,
  `html` text NOT NULL,
  `descripcion` varchar(255) DEFAULT NULL,
  PRIMARY KEY (`id`),
  KEY `FK_plantillas_documentacion_tipo_plantilla_id` (`tipo_plantilla_id`)
) ENGINE=InnoDB  DEFAULT CHARSET=utf8 AUTO_INCREMENT=9 ;

--
-- Volcado de datos para la tabla `plantillas_documentacion`
--

INSERT INTO `plantillas_documentacion` (`id`, `nombre`, `tipo_plantilla_id`, `html`, `descripcion`) VALUES
(2, 'Test de Cartel', 3, '<p>\r\n	<small class="col-sm-4"><strong>Datos General:</strong> </small></p>\r\n<ul>\r\n	<li>\r\n		<small class="col-sm-4">%general.f_actual_numero%: Fecha actual en formato num&eacute;rico</small></li>\r\n	<li>\r\n		<small class="col-sm-4">%general.f_actual_texto%: Fecha actual en formato texto</small></li>\r\n</ul>\r\n<div>\r\n	<small class="col-sm-4"><strong><small class="col-sm-4"><strong>Datos Inmuebles:</strong> </small></strong></small>\r\n	<ul>\r\n		<li>\r\n			<small class="col-sm-4">%inmuebles.referencia%: Referencia del inmueble</small></li>\r\n		<li>\r\n			<small class="col-sm-4">%inmuebles.fecha_alta%: Fecha de alta del inmueble</small></li>\r\n		<li>\r\n			<small class="col-sm-4">%inmuebles.nombre_tipo%: Tipo del inmueble</small></li>\r\n		<li>\r\n			<small class="col-sm-4">%inmuebles.nombre_provincia%: Nombre de la provincia</small></li>\r\n		<li>\r\n			<small class="col-sm-4">%inmuebles.nombre_poblacion%: Nombre del municipio</small></li>\r\n		<li>\r\n			<small class="col-sm-4">%inmuebles.nombre_zona%: Nombre de la zona del municipio</small></li>\r\n		<li>\r\n			<small class="col-sm-4">%inmuebles.direccion%: Direcci&oacute;n real del inmueble</small></li>\r\n		<li>\r\n			<small class="col-sm-4">%inmuebles.metros%: Metros totales</small></li>\r\n		<li>\r\n			<small class="col-sm-4">%inmuebles.metros_utiles%: Metros &uacute;tiles</small></li>\r\n		<li>\r\n			<small class="col-sm-4">%inmuebles.habitaciones%: N&uacute;mero de habitaciones</small></li>\r\n		<li>\r\n			<small class="col-sm-4">%inmuebles.banios%: N&uacute;mero de ba&ntilde;os</small></li>\r\n		<li>\r\n			<small class="col-sm-4">%inmuebles.precio_compra%: Precio de compra</small></li>\r\n		<li>\r\n			<small class="col-sm-4">%inmuebles.precio_compra_anterior%: Precio de compra anterior</small></li>\r\n		<li>\r\n			<small class="col-sm-4">%inmuebles.precio_alquiler%: Precio alquiler</small></li>\r\n		<li>\r\n			<small class="col-sm-4">%inmuebles.precio_alquiler_anterior%: Precio alquiler anterior</small></li>\r\n		<li>\r\n			<small class="col-sm-4">%inmuebles.nombre_certificacion_energetica%: Certificaci&oacute;n energ&eacute;tica</small></li>\r\n		<li>\r\n			<small class="col-sm-4">%inmuebles.direccion_publica%: Direcci&oacute;n mostrada en la zona p&uacute;blica</small></li>\r\n		<li>\r\n			<small class="col-sm-4">%inmuebles.titulo_publico%: T&iacute;tulo mostrado en la zona p&uacute;blica</small></li>\r\n		<li>\r\n			<small class="col-sm-4">%inmuebles.descripcion_publica%: Descripci&oacute;n extendida mostrada en la zona p&uacute;blica</small></li>\r\n		<li>\r\n			<small class="col-sm-4">%inmuebles.url_seo%: URL SEO</small></li>\r\n		<li>\r\n			<small class="col-sm-4">%inmuebles.descripcion_seo%: Descripci&oacute;n SEO</small></li>\r\n		<li>\r\n			<small class="col-sm-4">%inmuebles.keywords_seo%: Palabras clave para el SEO</small></li>\r\n		<li>\r\n			<small class="col-sm-4">%inmuebles.nombre_estado%: Estado</small></li>\r\n		<li>\r\n			<small class="col-sm-4">%inmuebles.nombre_captador%: Nombre completo del captador</small></li>\r\n		<li>\r\n			<small class="col-sm-4">%inmuebles.observaciones%: Observaciones</small></li>\r\n		<li>\r\n			<small class="col-sm-4">%inmuebles.imagen_portada%: Imagen de la portada p&uacute;blica</small></li>\r\n		<li>\r\n			<small class="col-sm-4">%inmuebles.codigo_qr%: C&oacute;digo QR del URL SEO de la zona p&uacute;blica</small></li>\r\n	</ul>\r\n</div>\r\n<div>\r\n	<small class="col-sm-4"><strong>Datos Agentes Inmobiliarios:</strong> </small>\r\n	<ul>\r\n		<li>\r\n			<small class="col-sm-4">%agentes.nombre%: Nombre del agente</small></li>\r\n		<li>\r\n			<small class="col-sm-4">%agentes.apellidos%: Apellidos del agente</small></li>\r\n	</ul>\r\n</div>\r\n<div>\r\n	&nbsp;</div>\r\n', 'Ejemplo con todos los campos posibles a aplicar en un cartel'),
(3, 'Ficha visita', 4, '<p>\n	<strong>Illoooooooooooooooo&iexcl;&iexcl;</strong></p>\n', 'asdasdasd'),
(4, 'Test de ficha del cliente', 2, '<p>\r\n	<small class="col-sm-4"><strong>Datos General:</strong> </small></p>\r\n<ul>\r\n	<li>\r\n		<small class="col-sm-4">%general.f_actual_numero%: Fecha actual en formato num&eacute;rico</small></li>\r\n	<li>\r\n		<small class="col-sm-4">%general.f_actual_texto%: Fecha actual en formato texto</small></li>\r\n</ul>\r\n<p>\r\n	<small class="col-sm-4"><strong>Datos Clientes:</strong> </small></p>\r\n<ul>\r\n	<li>\r\n		<small class="col-sm-4">%clientes.nif%: NIF/NIE/CIF del cliente</small></li>\r\n	<li>\r\n		<small class="col-sm-4">%clientes.nombre%: Nombre del cliente</small></li>\r\n	<li>\r\n		<small class="col-sm-4">%clientes.apellidos%: Apellidos del cliente</small></li>\r\n	<li>\r\n		<small class="col-sm-4">%clientes.fecha_nac%: Fecha de nacimiento</small></li>\r\n	<li>\r\n		<small class="col-sm-4">%clientes.nombre_pais%: Nombre del pa&iacute;s donde reside</small></li>\r\n	<li>\r\n		<small class="col-sm-4">%clientes.nombre_provincia%: Nombre de la provincia</small></li>\r\n	<li>\r\n		<small class="col-sm-4">%clientes.nombre_poblacion%: Nombre del municipio</small></li>\r\n	<li>\r\n		<small class="col-sm-4">%clientes.direccion%: Domicilio donde reside el cliente</small></li>\r\n	<li>\r\n		<small class="col-sm-4">%clientes.correo%: Correo electr&oacute;nico</small></li>\r\n	<li>\r\n		<small class="col-sm-4">%clientes.telefonos%: Tel&eacute;fonos de contacto</small></li>\r\n	<li>\r\n		<small class="col-sm-4">%clientes.nombre_estado%: Estado</small></li>\r\n	<li>\r\n		<small class="col-sm-4">%clientes.nombre_agente_asignado%: Nombre del agente asignado</small></li>\r\n	<li>\r\n		<small class="col-sm-4">%clientes.observaciones%: Observaciones</small></li>\r\n</ul>\r\n<p>\r\n	<small class="col-sm-4"><strong>Datos Agentes Inmobiliarios:</strong> </small></p>\r\n<ul>\r\n	<li>\r\n		<small class="col-sm-4">%agentes.nombre%: Nombre del agente</small></li>\r\n	<li>\r\n		<small class="col-sm-4">%agentes.apellidos%: Apellidos del agente</small></li>\r\n</ul>\r\n', 'Ejemplo con todos los campos posibles a aplicar en una ficha de un cliente'),
(6, 'Cartel Ejemplo', 3, '<p>\r\n	<span style="float: left;">%carteles.codigo_qr%</span><img alt="" src="%base_url%uploads/logo.jpg" style="width: 200px; height: 60px; float: right;" /></p>\r\n<p style="text-align: center;">\r\n	&nbsp;</p>\r\n<p style="text-align: center;">\r\n	&nbsp;</p>\r\n<p style="text-align: center;">\r\n	<strong><span style="font-size:20px;"><span style="font-family: lucida sans unicode,lucida grande,sans-serif;">%inmuebles.titulo_publico%</span></span></strong></p>\r\n<div>\r\n	<p style="text-align: center;">\r\n		<span style="font-size:16px;">%inmuebles.habitaciones% habitaciones, %inmuebles.banios% ba&ntilde;os, %inmuebles.precio_compra% &euro;</span></p>\r\n	<p style="text-align: center;">\r\n		%inmuebles.imagen_portada%</p>\r\n	<p style="text-align: justify;">\r\n		<span style="font-size:16px;">%inmuebles.descripcion_publica%</span></p>\r\n</div>\r\n<div>\r\n	&nbsp;</div>\r\n', 'Cartel con portada y pocos datos'),
(7, 'Test de ficha de inmueble', 1, '<p>\r\n	<small class="col-sm-4"><strong>Datos General:</strong> </small></p>\r\n<ul>\r\n	<li>\r\n		<small class="col-sm-4">%general.f_actual_numero%: Fecha actual en formato num&eacute;rico</small></li>\r\n	<li>\r\n		<small class="col-sm-4">%general.f_actual_texto%: Fecha actual en formato texto</small></li>\r\n</ul>\r\n<div>\r\n	<small class="col-sm-4"><small class="col-sm-4"><strong>Datos Inmuebles:</strong> </small></small>\r\n	<ul>\r\n		<li>\r\n			<small class="col-sm-4">%inmuebles.referencia%: Referencia del inmueble</small></li>\r\n		<li>\r\n			<small class="col-sm-4">%inmuebles.fecha_alta%: Fecha de alta del inmueble</small></li>\r\n		<li>\r\n			<small class="col-sm-4">%inmuebles.nombre_tipo%: Tipo del inmueble</small></li>\r\n		<li>\r\n			<small class="col-sm-4">%inmuebles.nombre_provincia%: Nombre de la provincia</small></li>\r\n		<li>\r\n			<small class="col-sm-4">%inmuebles.nombre_poblacion%: Nombre del municipio</small></li>\r\n		<li>\r\n			<small class="col-sm-4">%inmuebles.nombre_zona%: Nombre de la zona del municipio</small></li>\r\n		<li>\r\n			<small class="col-sm-4">%inmuebles.direccion%: Direcci&oacute;n real del inmueble</small></li>\r\n		<li>\r\n			<small class="col-sm-4">%inmuebles.metros%: Metros totales</small></li>\r\n		<li>\r\n			<small class="col-sm-4">%inmuebles.metros_utiles%: Metros &uacute;tiles</small></li>\r\n		<li>\r\n			<small class="col-sm-4">%inmuebles.habitaciones%: N&uacute;mero de habitaciones</small></li>\r\n		<li>\r\n			<small class="col-sm-4">%inmuebles.banios%: N&uacute;mero de ba&ntilde;os</small></li>\r\n		<li>\r\n			<small class="col-sm-4">%inmuebles.precio_compra%: Precio de compra</small></li>\r\n		<li>\r\n			<small class="col-sm-4">%inmuebles.precio_compra_anterior%: Precio de compra anterior</small></li>\r\n		<li>\r\n			<small class="col-sm-4">%inmuebles.precio_alquiler%: Precio alquiler</small></li>\r\n		<li>\r\n			<small class="col-sm-4">%inmuebles.precio_alquiler_anterior%: Precio alquiler anterior</small></li>\r\n		<li>\r\n			<small class="col-sm-4">%inmuebles.nombre_certificacion_energetica%: Certificaci&oacute;n energ&eacute;tica</small></li>\r\n		<li>\r\n			<small class="col-sm-4">%inmuebles.direccion_publica%: Direcci&oacute;n mostrada en la zona p&uacute;blica</small></li>\r\n		<li>\r\n			<small class="col-sm-4">%inmuebles.titulo_publico%: T&iacute;tulo mostrado en la zona p&uacute;blica</small></li>\r\n		<li>\r\n			<small class="col-sm-4">%inmuebles.descripcion_publica%: Descripci&oacute;n extendida mostrada en la zona p&uacute;blica</small></li>\r\n		<li>\r\n			<small class="col-sm-4">%inmuebles.url_seo%: URL SEO</small></li>\r\n		<li>\r\n			<small class="col-sm-4">%inmuebles.descripcion_seo%: Descripci&oacute;n SEO</small></li>\r\n		<li>\r\n			<small class="col-sm-4">%inmuebles.keywords_seo%: Palabras clave para el SEO</small></li>\r\n		<li>\r\n			<small class="col-sm-4">%inmuebles.nombre_estado%: Estado</small></li>\r\n		<li>\r\n			<small class="col-sm-4">%inmuebles.nombre_captador%: Nombre completo del captador</small></li>\r\n		<li>\r\n			<small class="col-sm-4">%inmuebles.observaciones%: Observaciones</small></li>\r\n	</ul>\r\n	<div>\r\n		<small class="col-sm-4">%inmuebles.imagen_portada%</small></div>\r\n	<div>\r\n		&nbsp;</div>\r\n</div>\r\n<div>\r\n	<small class="col-sm-4"><strong>Datos Agentes Inmobiliarios:</strong> </small>\r\n	<ul>\r\n		<li>\r\n			<small class="col-sm-4">%agentes.nombre%: Nombre del agente</small></li>\r\n		<li>\r\n			<small class="col-sm-4">%agentes.apellidos%: Apellidos del agente</small></li>\r\n	</ul>\r\n</div>\r\n<div>\r\n	&nbsp;</div>\r\n', 'Ejemplo con todos los campos posibles a aplicar en una ficha de un inmueble'),
(8, 'Test de ficha de demanda', 5, '<p>\r\n	<small class="col-sm-4"><strong>Datos General:</strong> </small></p>\r\n<ul>\r\n	<li>\r\n		<small class="col-sm-4">%general.f_actual_numero%: Fecha actual en formato num&eacute;rico</small></li>\r\n	<li>\r\n		<small class="col-sm-4">%general.f_actual_texto%: Fecha actual en formato texto</small></li>\r\n</ul>\r\n<p>\r\n	<small class="col-sm-4"><strong>Datos Agentes Inmobiliarios:</strong> </small></p>\r\n<ul>\r\n	<li>\r\n		<small class="col-sm-4">%agentes.nombre%: Nombre del agente</small></li>\r\n	<li>\r\n		<small class="col-sm-4">%agentes.apellidos%: Apellidos del agente</small></li>\r\n</ul>\r\n<p>\r\n	<small class="col-sm-4"><strong>Datos Demandas:</strong> </small></p>\r\n<ul>\r\n	<li>\r\n		<small class="col-sm-4">%demandas.referencia%: Referencia de la demanda</small></li>\r\n	<li>\r\n		<small class="col-sm-4">%demandas.fecha_alta%: Fecha de alta de la demanda</small></li>\r\n	<li>\r\n		<small class="col-sm-4">%demandas.oferta%: Oferta demandada</small></li>\r\n	<li>\r\n		<small class="col-sm-4">%demandas.tipo%: Tipo de demanda</small></li>\r\n	<li>\r\n		<small class="col-sm-4">%demandas.nombre_cliente%: Nombre completo del cliente demandante</small></li>\r\n	<li>\r\n		<small class="col-sm-4">%demandas.tipos_inmuebles%: Listado de tipos de inmuebles separados por comas</small></li>\r\n	<li>\r\n		<small class="col-sm-4">%demandas.nombre_provincia%: Nombre de la provincia</small></li>\r\n	<li>\r\n		<small class="col-sm-4">%demandas.nombre_poblacion%: Nombre del municipio</small></li>\r\n	<li>\r\n		<small class="col-sm-4">%demandas.zonas%: Listado de zonas separados por comas</small></li>\r\n	<li>\r\n		<small class="col-sm-4">%demandas.metros_desde%: Metros totales (desde)</small></li>\r\n	<li>\r\n		<small class="col-sm-4">%demandas.metros_hasta%: Metros totales (hasta)</small></li>\r\n	<li>\r\n		<small class="col-sm-4">%demandas.habitaciones_desde%: N&uacute;mero de habitaciones (desde)</small></li>\r\n	<li>\r\n		<small class="col-sm-4">%demandas.habitaciones_hasta%: N&uacute;mero de habitaciones (hasta)</small></li>\r\n	<li>\r\n		<small class="col-sm-4">%demandas.banios_desde%: N&uacute;mero de ba&ntilde;os (desde)</small></li>\r\n	<li>\r\n		<small class="col-sm-4">%demandas.banios_hasta%: N&uacute;mero de ba&ntilde;os (hasta)</small></li>\r\n	<li>\r\n		<small class="col-sm-4">%demandas.precio_desde%: Precio (desde)</small></li>\r\n	<li>\r\n		<small class="col-sm-4">%demandas.precio_hasta%: Precio (hasta)</small></li>\r\n	<li>\r\n		<small class="col-sm-4">%demandas.anio_construccion_desde%: A&ntilde;o construcci&oacute;n (desde)</small></li>\r\n	<li>\r\n		<small class="col-sm-4">%demandas.anio_construccion_hasta%: A&ntilde;o construcci&oacute;n (hasta)</small></li>\r\n	<li>\r\n		<small class="col-sm-4">%demandas.nombre_certificacion_energetica%: Certificaci&oacute;n energ&eacute;tica m&iacute;nima</small></li>\r\n	<li>\r\n		<small class="col-sm-4">%demandas.nombre_estado%: Estado</small></li>\r\n	<li>\r\n		<small class="col-sm-4">%demandas.nombre_agente_asignado%: Nombre completo del agente asignado</small></li>\r\n	<li>\r\n		<small class="col-sm-4">%demandas.observaciones%: Observaciones</small></li>\r\n</ul>\r\n', 'Ejemplo con todos los campos posibles a aplicar en una ficha de demanda');

-- --------------------------------------------------------

--
-- Estructura de tabla para la tabla `poblaciones`
--

DROP TABLE IF EXISTS `poblaciones`;
CREATE TABLE IF NOT EXISTS `poblaciones` (
  `id` int(11) unsigned NOT NULL AUTO_INCREMENT,
  `codigo` varchar(3) DEFAULT NULL,
  `cp` varchar(5) DEFAULT NULL,
  `poblacion` varchar(100) NOT NULL,
  `provincia_id` int(11) unsigned NOT NULL,
  `activa` int(1) NOT NULL DEFAULT '0',
  `defecto` int(1) NOT NULL DEFAULT '0',
  PRIMARY KEY (`id`),
  KEY `FK_poblaciones_provincia_id` (`provincia_id`)
) ENGINE=InnoDB  DEFAULT CHARSET=utf8 AUTO_INCREMENT=8125 ;

--
-- Volcado de datos para la tabla `poblaciones`
--

INSERT INTO `poblaciones` (`id`, `codigo`, `cp`, `poblacion`, `provincia_id`, `activa`, `defecto`) VALUES
(1, '51', '3', 'Agurain/Salvatierra', 1, 0, 0),
(2, '1', '4', 'Alegría-Dulantzi', 1, 0, 0),
(3, '2', '9', 'Amurrio', 1, 0, 0),
(4, '49', '3', 'Añana', 1, 0, 0),
(5, '3', '5', 'Aramaio', 1, 0, 0),
(6, '6', '6', 'Armiñón', 1, 0, 0),
(7, '37', '6', 'Arraia-Maeztu', 1, 0, 0),
(8, '8', '8', 'Arratzua-Ubarrundia', 1, 0, 0),
(9, '4', '0', 'Artziniega', 1, 0, 0),
(10, '9', '1', 'Asparrena', 1, 0, 0),
(11, '10', '5', 'Ayala/Aiara', 1, 0, 0),
(12, '11', '2', 'Baños de Ebro/Mañueta', 1, 0, 0),
(13, '13', '3', 'Barrundia', 1, 0, 0),
(14, '14', '8', 'Berantevilla', 1, 0, 0),
(15, '16', '4', 'Bernedo', 1, 0, 0),
(16, '17', '0', 'Campezo/Kanpezu', 1, 0, 0),
(17, '21', '0', 'Elburgo/Burgelu', 1, 0, 0),
(18, '22', '5', 'Elciego', 1, 0, 0),
(19, '23', '1', 'Elvillar/Bilar', 1, 0, 0),
(20, '46', '8', 'Erriberagoitia/Ribera Alta', 1, 0, 0),
(21, '56', '5', 'Harana/Valle de Arana', 1, 0, 0),
(22, '901', '5', 'Iruña Oka/Iruña de Oca', 1, 0, 0),
(23, '27', '8', 'Iruraiz-Gauna', 1, 0, 0),
(24, '19', '9', 'Kripan', 1, 0, 0),
(25, '20', '3', 'Kuartango', 1, 0, 0),
(26, '28', '4', 'Labastida/Bastida', 1, 0, 0),
(27, '30', '1', 'Lagrán', 1, 0, 0),
(28, '31', '8', 'Laguardia', 1, 0, 0),
(29, '32', '3', 'Lanciego/Lantziego', 1, 0, 0),
(30, '902', '0', 'Lantarón', 1, 0, 0),
(31, '33', '9', 'Lapuebla de Labarca', 1, 0, 0),
(32, '36', '0', 'Laudio/Llodio', 1, 0, 0),
(33, '58', '7', 'Legutio', 1, 0, 0),
(34, '34', '4', 'Leza', 1, 0, 0),
(35, '39', '5', 'Moreda de Álava/Moreda Araba', 1, 0, 0),
(36, '41', '6', 'Navaridas', 1, 0, 0),
(37, '42', '1', 'Okondo', 1, 0, 0),
(38, '43', '7', 'Oyón-Oion', 1, 0, 0),
(39, '44', '2', 'Peñacerrada-Urizaharra', 1, 0, 0),
(40, '47', '4', 'Ribera Baja/Erribera Beitia', 1, 0, 0),
(41, '52', '8', 'Samaniego', 1, 0, 0),
(42, '53', '4', 'San Millán/Donemiliaga', 1, 0, 0),
(43, '54', '9', 'Urkabustaiz', 1, 0, 0),
(44, '55', '2', 'Valdegovía/Gaubea', 1, 0, 0),
(45, '57', '1', 'Villabuena de Álava/Eskuernaga', 1, 0, 0),
(46, '59', '0', 'Vitoria-Gasteiz', 1, 0, 0),
(47, '60', '4', 'Yécora/Iekora', 1, 0, 0),
(48, '61', '1', 'Zalduondo', 1, 0, 0),
(49, '62', '6', 'Zambrana', 1, 0, 0),
(50, '18', '6', 'Zigoitia', 1, 0, 0),
(51, '63', '2', 'Zuia', 1, 0, 0),
(52, '1', '9', 'Abengibre', 2, 0, 0),
(53, '2', '4', 'Alatoz', 2, 0, 0),
(54, '3', '0', 'Albacete', 2, 0, 0),
(55, '4', '5', 'Albatana', 2, 0, 0),
(56, '5', '8', 'Alborea', 2, 0, 0),
(57, '6', '1', 'Alcadozo', 2, 0, 0),
(58, '7', '7', 'Alcalá del Júcar', 2, 0, 0),
(59, '8', '3', 'Alcaraz', 2, 0, 0),
(60, '9', '6', 'Almansa', 2, 0, 0),
(61, '10', '0', 'Alpera', 2, 0, 0),
(62, '11', '7', 'Ayna', 2, 0, 0),
(63, '12', '2', 'Balazote', 2, 0, 0),
(64, '14', '3', 'Ballestero, El', 2, 0, 0),
(65, '13', '8', 'Balsa de Ves', 2, 0, 0),
(66, '15', '6', 'Barrax', 2, 0, 0),
(67, '16', '9', 'Bienservida', 2, 0, 0),
(68, '17', '5', 'Bogarra', 2, 0, 0),
(69, '18', '1', 'Bonete', 2, 0, 0),
(70, '19', '4', 'Bonillo, El', 2, 0, 0),
(71, '20', '8', 'Carcelén', 2, 0, 0),
(72, '21', '5', 'Casas de Juan Núñez', 2, 0, 0),
(73, '22', '0', 'Casas de Lázaro', 2, 0, 0),
(74, '23', '6', 'Casas de Ves', 2, 0, 0),
(75, '24', '1', 'Casas-Ibáñez', 2, 0, 0),
(76, '25', '4', 'Caudete', 2, 0, 0),
(77, '26', '7', 'Cenizate', 2, 0, 0),
(78, '29', '2', 'Chinchilla de Monte-Aragón', 2, 0, 0),
(79, '27', '3', 'Corral-Rubio', 2, 0, 0),
(80, '28', '9', 'Cotillas', 2, 0, 0),
(81, '30', '6', 'Elche de la Sierra', 2, 0, 0),
(82, '31', '3', 'Férez', 2, 0, 0),
(83, '32', '8', 'Fuensanta', 2, 0, 0),
(84, '33', '4', 'Fuente-Álamo', 2, 0, 0),
(85, '34', '9', 'Fuentealbilla', 2, 0, 0),
(86, '35', '2', 'Gineta, La', 2, 0, 0),
(87, '36', '5', 'Golosalvo', 2, 0, 0),
(88, '37', '1', 'Hellín', 2, 0, 0),
(89, '38', '7', 'Herrera, La', 2, 0, 0),
(90, '39', '0', 'Higueruela', 2, 0, 0),
(91, '40', '4', 'Hoya-Gonzalo', 2, 0, 0),
(92, '41', '1', 'Jorquera', 2, 0, 0),
(93, '42', '6', 'Letur', 2, 0, 0),
(94, '43', '2', 'Lezuza', 2, 0, 0),
(95, '44', '7', 'Liétor', 2, 0, 0),
(96, '45', '0', 'Madrigueras', 2, 0, 0),
(97, '46', '3', 'Mahora', 2, 0, 0),
(98, '47', '9', 'Masegoso', 2, 0, 0),
(99, '48', '5', 'Minaya', 2, 0, 0),
(100, '49', '8', 'Molinicos', 2, 0, 0),
(101, '50', '1', 'Montalvos', 2, 0, 0),
(102, '51', '8', 'Montealegre del Castillo', 2, 0, 0),
(103, '52', '3', 'Motilleja', 2, 0, 0),
(104, '53', '9', 'Munera', 2, 0, 0),
(105, '54', '4', 'Navas de Jorquera', 2, 0, 0),
(106, '55', '7', 'Nerpio', 2, 0, 0),
(107, '56', '0', 'Ontur', 2, 0, 0),
(108, '57', '6', 'Ossa de Montiel', 2, 0, 0),
(109, '58', '2', 'Paterna del Madera', 2, 0, 0),
(110, '60', '9', 'Peñas de San Pedro', 2, 0, 0),
(111, '59', '5', 'Peñascosa', 2, 0, 0),
(112, '61', '6', 'Pétrola', 2, 0, 0),
(113, '62', '1', 'Povedilla', 2, 0, 0),
(114, '901', '0', 'Pozo Cañada', 2, 0, 0),
(115, '63', '7', 'Pozohondo', 2, 0, 0),
(116, '64', '2', 'Pozo-Lorente', 2, 0, 0),
(117, '65', '5', 'Pozuelo', 2, 0, 0),
(118, '66', '8', 'Recueja, La', 2, 0, 0),
(119, '67', '4', 'Riópar', 2, 0, 0),
(120, '68', '0', 'Robledo', 2, 0, 0),
(121, '69', '3', 'Roda, La', 2, 0, 0),
(122, '70', '7', 'Salobre', 2, 0, 0),
(123, '71', '4', 'San Pedro', 2, 0, 0),
(124, '72', '9', 'Socovos', 2, 0, 0),
(125, '73', '5', 'Tarazona de la Mancha', 2, 0, 0),
(126, '74', '0', 'Tobarra', 2, 0, 0),
(127, '75', '3', 'Valdeganga', 2, 0, 0),
(128, '76', '6', 'Vianos', 2, 0, 0),
(129, '77', '2', 'Villa de Ves', 2, 0, 0),
(130, '78', '8', 'Villalgordo del Júcar', 2, 0, 0),
(131, '79', '1', 'Villamalea', 2, 0, 0),
(132, '80', '5', 'Villapalacios', 2, 0, 0),
(133, '81', '2', 'Villarrobledo', 2, 0, 0),
(134, '82', '7', 'Villatoya', 2, 0, 0),
(135, '83', '3', 'Villavaliente', 2, 0, 0),
(136, '84', '8', 'Villaverde de Guadalimar', 2, 0, 0),
(137, '85', '1', 'Viveros', 2, 0, 0),
(138, '86', '4', 'Yeste', 2, 0, 0),
(139, '2', '0', 'Agost', 3, 0, 0),
(140, '3', '6', 'Agres', 3, 0, 0),
(141, '4', '1', 'Aigües', 3, 0, 0),
(142, '5', '4', 'Albatera', 3, 0, 0),
(143, '6', '7', 'Alcalalí', 3, 0, 0),
(144, '7', '3', 'Alcocer de Planes', 3, 0, 0),
(145, '8', '9', 'Alcoleja', 3, 0, 0),
(146, '9', '2', 'Alcoy/Alcoi', 3, 0, 0),
(147, '10', '6', 'Alfafara', 3, 0, 0),
(148, '11', '3', 'Alfàs del Pi, l''', 3, 0, 0),
(149, '12', '8', 'Algorfa', 3, 0, 0),
(150, '13', '4', 'Algueña', 3, 0, 0),
(151, '14', '9', 'Alicante/Alacant', 3, 0, 0),
(152, '15', '2', 'Almoradí', 3, 0, 0),
(153, '16', '5', 'Almudaina', 3, 0, 0),
(154, '17', '1', 'Alqueria d''Asnar, l''', 3, 0, 0),
(155, '18', '7', 'Altea', 3, 0, 0),
(156, '19', '0', 'Aspe', 3, 0, 0),
(157, '1', '5', 'Atzúbia, l''', 3, 0, 0),
(158, '20', '4', 'Balones', 3, 0, 0),
(159, '21', '1', 'Banyeres de Mariola', 3, 0, 0),
(160, '22', '6', 'Benasau', 3, 0, 0),
(161, '23', '2', 'Beneixama', 3, 0, 0),
(162, '24', '7', 'Benejúzar', 3, 0, 0),
(163, '25', '0', 'Benferri', 3, 0, 0),
(164, '26', '3', 'Beniarbeig', 3, 0, 0),
(165, '27', '9', 'Beniardá', 3, 0, 0),
(166, '28', '5', 'Beniarrés', 3, 0, 0),
(167, '30', '2', 'Benidoleig', 3, 0, 0),
(168, '31', '9', 'Benidorm', 3, 0, 0),
(169, '32', '4', 'Benifallim', 3, 0, 0),
(170, '33', '0', 'Benifato', 3, 0, 0),
(171, '29', '8', 'Benigembla', 3, 0, 0),
(172, '34', '5', 'Benijófar', 3, 0, 0),
(173, '35', '8', 'Benilloba', 3, 0, 0),
(174, '36', '1', 'Benillup', 3, 0, 0),
(175, '37', '7', 'Benimantell', 3, 0, 0),
(176, '38', '3', 'Benimarfull', 3, 0, 0),
(177, '39', '6', 'Benimassot', 3, 0, 0),
(178, '40', '0', 'Benimeli', 3, 0, 0),
(179, '41', '7', 'Benissa', 3, 0, 0),
(180, '42', '2', 'Benitachell/Poble Nou de Benitatxell, el', 3, 0, 0),
(181, '43', '8', 'Biar', 3, 0, 0),
(182, '44', '3', 'Bigastro', 3, 0, 0),
(183, '45', '6', 'Bolulla', 3, 0, 0),
(184, '46', '9', 'Busot', 3, 0, 0),
(185, '49', '4', 'Callosa de Segura', 3, 0, 0),
(186, '48', '1', 'Callosa d''en Sarrià', 3, 0, 0),
(187, '47', '5', 'Calp', 3, 0, 0),
(188, '50', '7', 'Campello, el', 3, 0, 0),
(189, '51', '4', 'Campo de Mirra/Camp de Mirra, el', 3, 0, 0),
(190, '52', '9', 'Cañada', 3, 0, 0),
(191, '53', '5', 'Castalla', 3, 0, 0),
(192, '54', '0', 'Castell de Castells', 3, 0, 0),
(193, '75', '9', 'Castell de Guadalest, el', 3, 0, 0),
(194, '55', '3', 'Catral', 3, 0, 0),
(195, '56', '6', 'Cocentaina', 3, 0, 0),
(196, '57', '2', 'Confrides', 3, 0, 0),
(197, '58', '8', 'Cox', 3, 0, 0),
(198, '59', '1', 'Crevillent', 3, 0, 0),
(199, '61', '2', 'Daya Nueva', 3, 0, 0),
(200, '62', '7', 'Daya Vieja', 3, 0, 0),
(201, '63', '3', 'Dénia', 3, 0, 0),
(202, '64', '8', 'Dolores', 3, 0, 0),
(203, '65', '1', 'Elche/Elx', 3, 0, 0),
(204, '66', '4', 'Elda', 3, 0, 0),
(205, '67', '0', 'Facheca', 3, 0, 0),
(206, '68', '6', 'Famorca', 3, 0, 0),
(207, '69', '9', 'Finestrat', 3, 0, 0),
(208, '77', '8', 'Fondó de les Neus, el/Hondón de las Nieves', 3, 0, 0),
(209, '70', '3', 'Formentera del Segura', 3, 0, 0),
(210, '72', '5', 'Gaianes', 3, 0, 0),
(211, '71', '0', 'Gata de Gorgos', 3, 0, 0),
(212, '73', '1', 'Gorga', 3, 0, 0),
(213, '74', '6', 'Granja de Rocamora', 3, 0, 0),
(214, '76', '2', 'Guardamar del Segura', 3, 0, 0),
(215, '78', '4', 'Hondón de los Frailes', 3, 0, 0),
(216, '79', '7', 'Ibi', 3, 0, 0),
(217, '80', '1', 'Jacarilla', 3, 0, 0),
(218, '82', '3', 'Jávea/Xàbia', 3, 0, 0),
(219, '83', '9', 'Jijona/Xixona', 3, 0, 0),
(220, '85', '7', 'Llíber', 3, 0, 0),
(221, '84', '4', 'Lorcha/Orxa, l''', 3, 0, 0),
(222, '86', '0', 'Millena', 3, 0, 0),
(223, '88', '2', 'Monforte del Cid', 3, 0, 0),
(224, '89', '5', 'Monóvar/Monòver', 3, 0, 0),
(225, '903', '7', 'Montesinos, Los', 3, 0, 0),
(226, '91', '6', 'Murla', 3, 0, 0),
(227, '92', '1', 'Muro de Alcoy', 3, 0, 0),
(228, '90', '9', 'Mutxamel', 3, 0, 0),
(229, '93', '7', 'Novelda', 3, 0, 0),
(230, '94', '2', 'Nucia, la', 3, 0, 0),
(231, '95', '5', 'Ondara', 3, 0, 0),
(232, '96', '8', 'Onil', 3, 0, 0),
(233, '97', '4', 'Orba', 3, 0, 0),
(234, '99', '3', 'Orihuela', 3, 0, 0),
(235, '98', '0', 'Orxeta', 3, 0, 0),
(236, '100', '7', 'Parcent', 3, 0, 0),
(237, '101', '4', 'Pedreguer', 3, 0, 0),
(238, '102', '9', 'Pego', 3, 0, 0),
(239, '103', '5', 'Penàguila', 3, 0, 0),
(240, '104', '0', 'Petrer', 3, 0, 0),
(241, '902', '1', 'Pilar de la Horadada', 3, 0, 0),
(242, '105', '3', 'Pinós, el/Pinoso', 3, 0, 0),
(243, '106', '6', 'Planes', 3, 0, 0),
(244, '901', '6', 'Poblets, els', 3, 0, 0),
(245, '107', '2', 'Polop', 3, 0, 0),
(246, '60', '5', 'Quatretondeta', 3, 0, 0),
(247, '109', '1', 'Rafal', 3, 0, 0),
(248, '110', '5', 'Ràfol d''Almúnia, el', 3, 0, 0),
(249, '111', '2', 'Redován', 3, 0, 0),
(250, '112', '7', 'Relleu', 3, 0, 0),
(251, '113', '3', 'Rojales', 3, 0, 0),
(252, '114', '8', 'Romana, la', 3, 0, 0),
(253, '115', '1', 'Sagra', 3, 0, 0),
(254, '116', '4', 'Salinas', 3, 0, 0),
(255, '118', '6', 'San Fulgencio', 3, 0, 0),
(256, '904', '2', 'San Isidro', 3, 0, 0),
(257, '120', '3', 'San Miguel de Salinas', 3, 0, 0),
(258, '122', '5', 'San Vicente del Raspeig/Sant Vicent del Raspeig', 3, 0, 0),
(259, '117', '0', 'Sanet y Negrals', 3, 0, 0),
(260, '119', '9', 'Sant Joan d''Alacant', 3, 0, 0),
(261, '121', '0', 'Santa Pola', 3, 0, 0),
(262, '123', '1', 'Sax', 3, 0, 0),
(263, '124', '6', 'Sella', 3, 0, 0),
(264, '125', '9', 'Senija', 3, 0, 0),
(265, '127', '8', 'Tàrbena', 3, 0, 0),
(266, '128', '4', 'Teulada', 3, 0, 0),
(267, '129', '7', 'Tibi', 3, 0, 0),
(268, '130', '1', 'Tollos', 3, 0, 0),
(269, '131', '8', 'Tormos', 3, 0, 0),
(270, '132', '3', 'Torremanzanas/Torre de les Maçanes, la', 3, 0, 0),
(271, '133', '9', 'Torrevieja', 3, 0, 0),
(272, '134', '4', 'Vall d''Alcalà, la', 3, 0, 0),
(273, '136', '0', 'Vall de Gallinera', 3, 0, 0),
(274, '137', '6', 'Vall de Laguar, la', 3, 0, 0),
(275, '135', '7', 'Vall d''Ebo, la', 3, 0, 0),
(276, '138', '2', 'Verger, el', 3, 0, 0),
(277, '139', '5', 'Villajoyosa/Vila Joiosa, la', 3, 0, 0),
(278, '140', '9', 'Villena', 3, 0, 0),
(279, '81', '8', 'Xaló', 3, 0, 0),
(280, '1', '0', 'Abla', 4, 1, 0),
(281, '2', '5', 'Abrucena', 4, 1, 0),
(282, '3', '1', 'Adra', 4, 1, 0),
(283, '4', '6', 'Albánchez', 4, 1, 0),
(284, '5', '9', 'Alboloduy', 4, 1, 0),
(285, '6', '2', 'Albox', 4, 1, 0),
(286, '7', '8', 'Alcolea', 4, 1, 0),
(287, '8', '4', 'Alcóntar', 4, 1, 0),
(288, '9', '7', 'Alcudia de Monteagud', 4, 1, 0),
(289, '10', '1', 'Alhabia', 4, 1, 0),
(290, '11', '8', 'Alhama de Almería', 4, 1, 0),
(291, '12', '3', 'Alicún', 4, 1, 0),
(292, '13', '9', 'Almería', 4, 1, 1),
(293, '14', '4', 'Almócita', 4, 1, 0),
(294, '15', '7', 'Alsodux', 4, 1, 0),
(295, '16', '0', 'Antas', 4, 1, 0),
(296, '17', '6', 'Arboleas', 4, 1, 0),
(297, '18', '2', 'Armuña de Almanzora', 4, 1, 0),
(298, '19', '5', 'Bacares', 4, 1, 0),
(299, '904', '7', 'Balanegra', 4, 1, 0),
(300, '20', '9', 'Bayárcal', 4, 1, 0),
(301, '21', '6', 'Bayarque', 4, 1, 0),
(302, '22', '1', 'Bédar', 4, 1, 0),
(303, '23', '7', 'Beires', 4, 1, 0),
(304, '24', '2', 'Benahadux', 4, 1, 0),
(305, '26', '8', 'Benitagla', 4, 1, 0),
(306, '27', '4', 'Benizalón', 4, 1, 0),
(307, '28', '0', 'Bentarique', 4, 1, 0),
(308, '29', '3', 'Berja', 4, 1, 0),
(309, '30', '7', 'Canjáyar', 4, 1, 0),
(310, '31', '4', 'Cantoria', 4, 1, 0),
(311, '32', '9', 'Carboneras', 4, 1, 0),
(312, '33', '5', 'Castro de Filabres', 4, 1, 0),
(313, '36', '6', 'Chercos', 4, 1, 0),
(314, '37', '2', 'Chirivel', 4, 1, 0),
(315, '34', '0', 'Cóbdar', 4, 1, 0),
(316, '35', '3', 'Cuevas del Almanzora', 4, 1, 0),
(317, '38', '8', 'Dalías', 4, 1, 0),
(318, '902', '6', 'Ejido, El', 4, 1, 0),
(319, '41', '2', 'Enix', 4, 1, 0),
(320, '43', '3', 'Felix', 4, 1, 0),
(321, '44', '8', 'Fines', 4, 1, 0),
(322, '45', '1', 'Fiñana', 4, 1, 0),
(323, '46', '4', 'Fondón', 4, 1, 0),
(324, '47', '0', 'Gádor', 4, 1, 0),
(325, '48', '6', 'Gallardos, Los', 4, 1, 0),
(326, '49', '9', 'Garrucha', 4, 1, 0),
(327, '50', '2', 'Gérgal', 4, 1, 0),
(328, '51', '9', 'Huécija', 4, 1, 0),
(329, '52', '4', 'Huércal de Almería', 4, 1, 0),
(330, '53', '0', 'Huércal-Overa', 4, 1, 0),
(331, '54', '5', 'Íllar', 4, 1, 0),
(332, '55', '8', 'Instinción', 4, 1, 0),
(333, '56', '1', 'Laroya', 4, 1, 0),
(334, '57', '7', 'Láujar de Andarax', 4, 1, 0),
(335, '58', '3', 'Líjar', 4, 1, 0),
(336, '59', '6', 'Lubrín', 4, 1, 0),
(337, '60', '0', 'Lucainena de las Torres', 4, 1, 0),
(338, '61', '7', 'Lúcar', 4, 1, 0),
(339, '62', '2', 'Macael', 4, 1, 0),
(340, '63', '8', 'María', 4, 1, 0),
(341, '64', '3', 'Mojácar', 4, 1, 0),
(342, '903', '2', 'Mojonera, La', 4, 1, 0),
(343, '65', '6', 'Nacimiento', 4, 1, 0),
(344, '66', '9', 'Níjar', 4, 1, 0),
(345, '67', '5', 'Ohanes', 4, 1, 0),
(346, '68', '1', 'Olula de Castro', 4, 1, 0),
(347, '69', '4', 'Olula del Río', 4, 1, 0),
(348, '70', '8', 'Oria', 4, 1, 0),
(349, '71', '5', 'Padules', 4, 1, 0),
(350, '72', '0', 'Partaloa', 4, 1, 0),
(351, '73', '6', 'Paterna del Río', 4, 1, 0),
(352, '74', '1', 'Pechina', 4, 1, 0),
(353, '75', '4', 'Pulpí', 4, 1, 0),
(354, '76', '7', 'Purchena', 4, 1, 0),
(355, '77', '3', 'Rágol', 4, 1, 0),
(356, '78', '9', 'Rioja', 4, 1, 0),
(357, '79', '2', 'Roquetas de Mar', 4, 1, 0),
(358, '80', '6', 'Santa Cruz de Marchena', 4, 1, 0),
(359, '81', '3', 'Santa Fe de Mondújar', 4, 1, 0),
(360, '82', '8', 'Senés', 4, 1, 0),
(361, '83', '4', 'Serón', 4, 1, 0),
(362, '84', '9', 'Sierro', 4, 1, 0),
(363, '85', '2', 'Somontín', 4, 1, 0),
(364, '86', '5', 'Sorbas', 4, 1, 0),
(365, '87', '1', 'Suflí', 4, 1, 0),
(366, '88', '7', 'Tabernas', 4, 1, 0),
(367, '89', '0', 'Taberno', 4, 1, 0),
(368, '90', '4', 'Tahal', 4, 1, 0),
(369, '91', '1', 'Terque', 4, 1, 0),
(370, '92', '6', 'Tíjola', 4, 1, 0),
(371, '901', '1', 'Tres Villas, Las', 4, 1, 0),
(372, '93', '2', 'Turre', 4, 1, 0),
(373, '94', '7', 'Turrillas', 4, 1, 0),
(374, '95', '0', 'Uleila del Campo', 4, 1, 0),
(375, '96', '3', 'Urrácal', 4, 1, 0),
(376, '97', '9', 'Velefique', 4, 1, 0),
(377, '98', '5', 'Vélez-Blanco', 4, 1, 0),
(378, '99', '8', 'Vélez-Rubio', 4, 1, 0),
(379, '100', '2', 'Vera', 4, 1, 0),
(380, '101', '9', 'Viator', 4, 1, 0),
(381, '102', '4', 'Vícar', 4, 1, 0),
(382, '103', '0', 'Zurgena', 4, 1, 0),
(383, '1', '3', 'Adanero', 5, 0, 0),
(384, '2', '8', 'Adrada, La', 5, 0, 0),
(385, '5', '2', 'Albornos', 5, 0, 0),
(386, '7', '1', 'Aldeanueva de Santa Cruz', 5, 0, 0),
(387, '8', '7', 'Aldeaseca', 5, 0, 0),
(388, '10', '4', 'Aldehuela, La', 5, 0, 0),
(389, '12', '6', 'Amavida', 5, 0, 0),
(390, '13', '2', 'Arenal, El', 5, 0, 0),
(391, '14', '7', 'Arenas de San Pedro', 5, 0, 0),
(392, '15', '0', 'Arevalillo', 5, 0, 0),
(393, '16', '3', 'Arévalo', 5, 0, 0),
(394, '17', '9', 'Aveinte', 5, 0, 0),
(395, '18', '5', 'Avellaneda', 5, 0, 0),
(396, '19', '8', 'Ávila', 5, 0, 0),
(397, '21', '9', 'Barco de Ávila, El', 5, 0, 0),
(398, '22', '4', 'Barraco, El', 5, 0, 0),
(399, '23', '0', 'Barromán', 5, 0, 0),
(400, '24', '5', 'Becedas', 5, 0, 0),
(401, '25', '8', 'Becedillas', 5, 0, 0),
(402, '26', '1', 'Bercial de Zapardiel', 5, 0, 0),
(403, '27', '7', 'Berlanas, Las', 5, 0, 0),
(404, '29', '6', 'Bernuy-Zapardiel', 5, 0, 0),
(405, '30', '0', 'Berrocalejo de Aragona', 5, 0, 0),
(406, '33', '8', 'Blascomillán', 5, 0, 0),
(407, '34', '3', 'Blasconuño de Matacabras', 5, 0, 0),
(408, '35', '6', 'Blascosancho', 5, 0, 0),
(409, '36', '9', 'Bohodón, El', 5, 0, 0),
(410, '37', '5', 'Bohoyo', 5, 0, 0),
(411, '38', '1', 'Bonilla de la Sierra', 5, 0, 0),
(412, '39', '4', 'Brabos', 5, 0, 0),
(413, '40', '8', 'Bularros', 5, 0, 0),
(414, '41', '5', 'Burgohondo', 5, 0, 0),
(415, '42', '0', 'Cabezas de Alambre', 5, 0, 0),
(416, '43', '6', 'Cabezas del Pozo', 5, 0, 0),
(417, '44', '1', 'Cabezas del Villar', 5, 0, 0),
(418, '45', '4', 'Cabizuela', 5, 0, 0),
(419, '46', '7', 'Canales', 5, 0, 0),
(420, '47', '3', 'Candeleda', 5, 0, 0),
(421, '48', '9', 'Cantiveros', 5, 0, 0),
(422, '49', '2', 'Cardeñosa', 5, 0, 0),
(423, '51', '2', 'Carrera, La', 5, 0, 0),
(424, '52', '7', 'Casas del Puerto', 5, 0, 0),
(425, '53', '3', 'Casasola', 5, 0, 0),
(426, '54', '8', 'Casavieja', 5, 0, 0),
(427, '55', '1', 'Casillas', 5, 0, 0),
(428, '56', '4', 'Castellanos de Zapardiel', 5, 0, 0),
(429, '57', '0', 'Cebreros', 5, 0, 0),
(430, '58', '6', 'Cepeda la Mora', 5, 0, 0),
(431, '67', '8', 'Chamartín', 5, 0, 0),
(432, '59', '9', 'Cillán', 5, 0, 0),
(433, '60', '3', 'Cisla', 5, 0, 0),
(434, '61', '0', 'Colilla, La', 5, 0, 0),
(435, '62', '5', 'Collado de Contreras', 5, 0, 0),
(436, '63', '1', 'Collado del Mirón', 5, 0, 0),
(437, '64', '6', 'Constanzana', 5, 0, 0),
(438, '65', '9', 'Crespos', 5, 0, 0),
(439, '66', '2', 'Cuevas del Valle', 5, 0, 0),
(440, '903', '5', 'Diego del Carpio', 5, 0, 0),
(441, '69', '7', 'Donjimeno', 5, 0, 0),
(442, '70', '1', 'Donvidas', 5, 0, 0),
(443, '72', '3', 'Espinosa de los Caballeros', 5, 0, 0),
(444, '73', '9', 'Flores de Ávila', 5, 0, 0),
(445, '74', '4', 'Fontiveros', 5, 0, 0),
(446, '75', '7', 'Fresnedilla', 5, 0, 0),
(447, '76', '0', 'Fresno, El', 5, 0, 0),
(448, '77', '6', 'Fuente el Saúz', 5, 0, 0),
(449, '78', '2', 'Fuentes de Año', 5, 0, 0),
(450, '79', '5', 'Gallegos de Altamiros', 5, 0, 0),
(451, '80', '9', 'Gallegos de Sobrinos', 5, 0, 0),
(452, '81', '6', 'Garganta del Villar', 5, 0, 0),
(453, '82', '1', 'Gavilanes', 5, 0, 0),
(454, '83', '7', 'Gemuño', 5, 0, 0),
(455, '85', '5', 'Gil García', 5, 0, 0),
(456, '84', '2', 'Gilbuena', 5, 0, 0),
(457, '86', '8', 'Gimialcón', 5, 0, 0),
(458, '87', '4', 'Gotarrendura', 5, 0, 0),
(459, '88', '0', 'Grandes y San Martín', 5, 0, 0),
(460, '89', '3', 'Guisando', 5, 0, 0),
(461, '90', '7', 'Gutierre-Muñoz', 5, 0, 0),
(462, '92', '9', 'Hernansancho', 5, 0, 0),
(463, '93', '5', 'Herradón de Pinares', 5, 0, 0),
(464, '94', '0', 'Herreros de Suso', 5, 0, 0),
(465, '95', '3', 'Higuera de las Dueñas', 5, 0, 0),
(466, '96', '6', 'Hija de Dios, La', 5, 0, 0),
(467, '97', '2', 'Horcajada, La', 5, 0, 0),
(468, '99', '1', 'Horcajo de las Torres', 5, 0, 0),
(469, '100', '5', 'Hornillo, El', 5, 0, 0),
(470, '102', '7', 'Hoyo de Pinares, El', 5, 0, 0),
(471, '101', '2', 'Hoyocasero', 5, 0, 0),
(472, '103', '3', 'Hoyorredondo', 5, 0, 0),
(473, '106', '4', 'Hoyos de Miguel Muñoz', 5, 0, 0),
(474, '104', '8', 'Hoyos del Collado', 5, 0, 0),
(475, '105', '1', 'Hoyos del Espino', 5, 0, 0),
(476, '107', '0', 'Hurtumpascual', 5, 0, 0),
(477, '108', '6', 'Junciana', 5, 0, 0),
(478, '109', '9', 'Langa', 5, 0, 0),
(479, '110', '3', 'Lanzahíta', 5, 0, 0),
(480, '113', '1', 'Llanos de Tormes, Los', 5, 0, 0),
(481, '112', '5', 'Losar del Barco, El', 5, 0, 0),
(482, '114', '6', 'Madrigal de las Altas Torres', 5, 0, 0),
(483, '115', '9', 'Maello', 5, 0, 0),
(484, '116', '2', 'Malpartida de Corneja', 5, 0, 0),
(485, '117', '8', 'Mamblas', 5, 0, 0),
(486, '118', '4', 'Mancera de Arriba', 5, 0, 0),
(487, '119', '7', 'Manjabálago y Ortigosa de Rioalmar', 5, 0, 0),
(488, '120', '1', 'Marlín', 5, 0, 0),
(489, '121', '8', 'Martiherrero', 5, 0, 0),
(490, '122', '3', 'Martínez', 5, 0, 0),
(491, '123', '9', 'Mediana de Voltoya', 5, 0, 0),
(492, '124', '4', 'Medinilla', 5, 0, 0),
(493, '125', '7', 'Mengamuñoz', 5, 0, 0),
(494, '126', '0', 'Mesegar de Corneja', 5, 0, 0),
(495, '127', '6', 'Mijares', 5, 0, 0),
(496, '128', '2', 'Mingorría', 5, 0, 0),
(497, '129', '5', 'Mirón, El', 5, 0, 0),
(498, '130', '9', 'Mironcillo', 5, 0, 0),
(499, '131', '6', 'Mirueña de los Infanzones', 5, 0, 0),
(500, '132', '1', 'Mombeltrán', 5, 0, 0),
(501, '133', '7', 'Monsalupe', 5, 0, 0),
(502, '134', '2', 'Moraleja de Matacabras', 5, 0, 0),
(503, '135', '5', 'Muñana', 5, 0, 0),
(504, '136', '8', 'Muñico', 5, 0, 0),
(505, '138', '0', 'Muñogalindo', 5, 0, 0),
(506, '139', '3', 'Muñogrande', 5, 0, 0),
(507, '140', '7', 'Muñomer del Peco', 5, 0, 0),
(508, '141', '4', 'Muñopepe', 5, 0, 0),
(509, '142', '9', 'Muñosancho', 5, 0, 0),
(510, '143', '5', 'Muñotello', 5, 0, 0),
(511, '144', '0', 'Narrillos del Álamo', 5, 0, 0),
(512, '145', '3', 'Narrillos del Rebollar', 5, 0, 0),
(513, '149', '1', 'Narros de Saldueña', 5, 0, 0),
(514, '147', '2', 'Narros del Castillo', 5, 0, 0),
(515, '148', '8', 'Narros del Puerto', 5, 0, 0),
(516, '152', '6', 'Nava de Arévalo', 5, 0, 0),
(517, '153', '2', 'Nava del Barco', 5, 0, 0),
(518, '151', '1', 'Navacepedilla de Corneja', 5, 0, 0),
(519, '154', '7', 'Navadijos', 5, 0, 0),
(520, '155', '0', 'Navaescurial', 5, 0, 0),
(521, '156', '3', 'Navahondilla', 5, 0, 0),
(522, '157', '9', 'Navalacruz', 5, 0, 0),
(523, '158', '5', 'Navalmoral', 5, 0, 0),
(524, '159', '8', 'Navalonguilla', 5, 0, 0),
(525, '160', '2', 'Navalosa', 5, 0, 0),
(526, '161', '9', 'Navalperal de Pinares', 5, 0, 0),
(527, '162', '4', 'Navalperal de Tormes', 5, 0, 0),
(528, '163', '0', 'Navaluenga', 5, 0, 0),
(529, '164', '5', 'Navaquesera', 5, 0, 0),
(530, '165', '8', 'Navarredonda de Gredos', 5, 0, 0),
(531, '166', '1', 'Navarredondilla', 5, 0, 0),
(532, '167', '7', 'Navarrevisca', 5, 0, 0),
(533, '168', '3', 'Navas del Marqués, Las', 5, 0, 0),
(534, '169', '6', 'Navatalgordo', 5, 0, 0),
(535, '170', '0', 'Navatejares', 5, 0, 0),
(536, '171', '7', 'Neila de San Miguel', 5, 0, 0),
(537, '172', '2', 'Niharra', 5, 0, 0),
(538, '173', '8', 'Ojos-Albos', 5, 0, 0),
(539, '174', '3', 'Orbita', 5, 0, 0),
(540, '175', '6', 'Oso, El', 5, 0, 0),
(541, '176', '9', 'Padiernos', 5, 0, 0),
(542, '177', '5', 'Pajares de Adaja', 5, 0, 0),
(543, '178', '1', 'Palacios de Goda', 5, 0, 0),
(544, '179', '4', 'Papatrigo', 5, 0, 0),
(545, '180', '8', 'Parral, El', 5, 0, 0),
(546, '181', '5', 'Pascualcobo', 5, 0, 0),
(547, '182', '0', 'Pedro Bernardo', 5, 0, 0),
(548, '183', '6', 'Pedro-Rodríguez', 5, 0, 0),
(549, '184', '1', 'Peguerinos', 5, 0, 0),
(550, '185', '4', 'Peñalba de Ávila', 5, 0, 0),
(551, '186', '7', 'Piedrahíta', 5, 0, 0),
(552, '187', '3', 'Piedralaves', 5, 0, 0),
(553, '188', '9', 'Poveda', 5, 0, 0),
(554, '189', '2', 'Poyales del Hoyo', 5, 0, 0),
(555, '190', '6', 'Pozanco', 5, 0, 0),
(556, '191', '3', 'Pradosegar', 5, 0, 0),
(557, '192', '8', 'Puerto Castilla', 5, 0, 0),
(558, '193', '4', 'Rasueros', 5, 0, 0),
(559, '194', '9', 'Riocabado', 5, 0, 0),
(560, '195', '2', 'Riofrío', 5, 0, 0),
(561, '196', '5', 'Rivilla de Barajas', 5, 0, 0),
(562, '197', '1', 'Salobral', 5, 0, 0),
(563, '198', '7', 'Salvadiós', 5, 0, 0),
(564, '199', '0', 'San Bartolomé de Béjar', 5, 0, 0),
(565, '200', '4', 'San Bartolomé de Corneja', 5, 0, 0),
(566, '201', '1', 'San Bartolomé de Pinares', 5, 0, 0),
(567, '206', '3', 'San Esteban de los Patos', 5, 0, 0),
(568, '208', '5', 'San Esteban de Zapardiel', 5, 0, 0),
(569, '207', '9', 'San Esteban del Valle', 5, 0, 0),
(570, '209', '8', 'San García de Ingelmos', 5, 0, 0),
(571, '901', '4', 'San Juan de Gredos', 5, 0, 0),
(572, '210', '2', 'San Juan de la Encinilla', 5, 0, 0),
(573, '211', '9', 'San Juan de la Nava', 5, 0, 0),
(574, '212', '4', 'San Juan del Molinillo', 5, 0, 0),
(575, '213', '0', 'San Juan del Olmo', 5, 0, 0),
(576, '214', '5', 'San Lorenzo de Tormes', 5, 0, 0),
(577, '215', '8', 'San Martín de la Vega del Alberche', 5, 0, 0),
(578, '216', '1', 'San Martín del Pimpollar', 5, 0, 0),
(579, '217', '7', 'San Miguel de Corneja', 5, 0, 0),
(580, '218', '3', 'San Miguel de Serrezuela', 5, 0, 0),
(581, '219', '6', 'San Pascual', 5, 0, 0),
(582, '220', '0', 'San Pedro del Arroyo', 5, 0, 0),
(583, '231', '5', 'San Vicente de Arévalo', 5, 0, 0),
(584, '204', '7', 'Sanchidrián', 5, 0, 0),
(585, '205', '0', 'Sanchorreja', 5, 0, 0),
(586, '222', '2', 'Santa Cruz de Pinares', 5, 0, 0),
(587, '221', '7', 'Santa Cruz del Valle', 5, 0, 0),
(588, '226', '9', 'Santa María de los Caballeros', 5, 0, 0),
(589, '224', '3', 'Santa María del Arroyo', 5, 0, 0),
(590, '225', '6', 'Santa María del Berrocal', 5, 0, 0),
(591, '902', '9', 'Santa María del Cubillo', 5, 0, 0),
(592, '227', '5', 'Santa María del Tiétar', 5, 0, 0),
(593, '228', '1', 'Santiago del Collado', 5, 0, 0),
(594, '904', '0', 'Santiago del Tormes', 5, 0, 0),
(595, '229', '4', 'Santo Domingo de las Posadas', 5, 0, 0),
(596, '230', '8', 'Santo Tomé de Zabarcos', 5, 0, 0),
(597, '232', '0', 'Serrada, La', 5, 0, 0),
(598, '233', '6', 'Serranillos', 5, 0, 0),
(599, '234', '1', 'Sigeres', 5, 0, 0),
(600, '235', '4', 'Sinlabajos', 5, 0, 0),
(601, '236', '7', 'Solana de Ávila', 5, 0, 0),
(602, '237', '3', 'Solana de Rioalmar', 5, 0, 0),
(603, '238', '9', 'Solosancho', 5, 0, 0),
(604, '239', '2', 'Sotalbo', 5, 0, 0),
(605, '240', '6', 'Sotillo de la Adrada', 5, 0, 0),
(606, '241', '3', 'Tiemblo, El', 5, 0, 0),
(607, '242', '8', 'Tiñosillos', 5, 0, 0),
(608, '243', '4', 'Tolbaños', 5, 0, 0),
(609, '244', '9', 'Tormellas', 5, 0, 0),
(610, '245', '2', 'Tornadizos de Ávila', 5, 0, 0),
(611, '247', '1', 'Torre, La', 5, 0, 0),
(612, '246', '5', 'Tórtoles', 5, 0, 0),
(613, '249', '0', 'Umbrías', 5, 0, 0),
(614, '251', '0', 'Vadillo de la Sierra', 5, 0, 0),
(615, '252', '5', 'Valdecasa', 5, 0, 0),
(616, '253', '1', 'Vega de Santa María', 5, 0, 0),
(617, '254', '6', 'Velayos', 5, 0, 0),
(618, '256', '2', 'Villaflor', 5, 0, 0),
(619, '257', '8', 'Villafranca de la Sierra', 5, 0, 0),
(620, '905', '3', 'Villanueva de Ávila', 5, 0, 0),
(621, '258', '4', 'Villanueva de Gómez', 5, 0, 0),
(622, '259', '7', 'Villanueva del Aceral', 5, 0, 0),
(623, '260', '1', 'Villanueva del Campillo', 5, 0, 0),
(624, '261', '8', 'Villar de Corneja', 5, 0, 0),
(625, '262', '3', 'Villarejo del Valle', 5, 0, 0),
(626, '263', '9', 'Villatoro', 5, 0, 0),
(627, '264', '4', 'Viñegra de Moraña', 5, 0, 0),
(628, '265', '7', 'Vita', 5, 0, 0),
(629, '266', '0', 'Zapardiel de la Cañada', 5, 0, 0),
(630, '267', '6', 'Zapardiel de la Ribera', 5, 0, 0),
(631, '1', '6', 'Acedera', 6, 0, 0),
(632, '2', '1', 'Aceuchal', 6, 0, 0),
(633, '3', '7', 'Ahillones', 6, 0, 0),
(634, '4', '2', 'Alange', 6, 0, 0),
(635, '5', '5', 'Albuera, La', 6, 0, 0),
(636, '6', '8', 'Alburquerque', 6, 0, 0),
(637, '7', '4', 'Alconchel', 6, 0, 0),
(638, '8', '0', 'Alconera', 6, 0, 0),
(639, '9', '3', 'Aljucén', 6, 0, 0),
(640, '10', '7', 'Almendral', 6, 0, 0),
(641, '11', '4', 'Almendralejo', 6, 0, 0),
(642, '12', '9', 'Arroyo de San Serván', 6, 0, 0),
(643, '13', '5', 'Atalaya', 6, 0, 0),
(644, '14', '0', 'Azuaga', 6, 0, 0),
(645, '15', '3', 'Badajoz', 6, 0, 0),
(646, '16', '6', 'Barcarrota', 6, 0, 0),
(647, '17', '2', 'Baterno', 6, 0, 0),
(648, '18', '8', 'Benquerencia de la Serena', 6, 0, 0),
(649, '19', '1', 'Berlanga', 6, 0, 0),
(650, '20', '5', 'Bienvenida', 6, 0, 0),
(651, '21', '2', 'Bodonal de la Sierra', 6, 0, 0),
(652, '22', '7', 'Burguillos del Cerro', 6, 0, 0),
(653, '23', '3', 'Cabeza del Buey', 6, 0, 0),
(654, '24', '8', 'Cabeza la Vaca', 6, 0, 0),
(655, '25', '1', 'Calamonte', 6, 0, 0),
(656, '26', '4', 'Calera de León', 6, 0, 0),
(657, '27', '0', 'Calzadilla de los Barros', 6, 0, 0),
(658, '28', '6', 'Campanario', 6, 0, 0),
(659, '29', '9', 'Campillo de Llerena', 6, 0, 0),
(660, '30', '3', 'Capilla', 6, 0, 0),
(661, '31', '0', 'Carmonita', 6, 0, 0),
(662, '32', '5', 'Carrascalejo, El', 6, 0, 0),
(663, '33', '1', 'Casas de Don Pedro', 6, 0, 0),
(664, '34', '6', 'Casas de Reina', 6, 0, 0),
(665, '35', '9', 'Castilblanco', 6, 0, 0),
(666, '36', '2', 'Castuera', 6, 0, 0),
(667, '42', '3', 'Cheles', 6, 0, 0),
(668, '37', '8', 'Codosera, La', 6, 0, 0),
(669, '38', '4', 'Cordobilla de Lácara', 6, 0, 0),
(670, '39', '7', 'Coronada, La', 6, 0, 0),
(671, '40', '1', 'Corte de Peleas', 6, 0, 0),
(672, '41', '8', 'Cristina', 6, 0, 0),
(673, '43', '9', 'Don Álvaro', 6, 0, 0),
(674, '44', '4', 'Don Benito', 6, 0, 0),
(675, '45', '7', 'Entrín Bajo', 6, 0, 0),
(676, '46', '0', 'Esparragalejo', 6, 0, 0),
(677, '47', '6', 'Esparragosa de la Serena', 6, 0, 0),
(678, '48', '2', 'Esparragosa de Lares', 6, 0, 0),
(679, '49', '5', 'Feria', 6, 0, 0),
(680, '50', '8', 'Fregenal de la Sierra', 6, 0, 0),
(681, '51', '5', 'Fuenlabrada de los Montes', 6, 0, 0),
(682, '52', '0', 'Fuente de Cantos', 6, 0, 0),
(683, '53', '6', 'Fuente del Arco', 6, 0, 0),
(684, '54', '1', 'Fuente del Maestre', 6, 0, 0),
(685, '55', '4', 'Fuentes de León', 6, 0, 0),
(686, '56', '7', 'Garbayuela', 6, 0, 0),
(687, '57', '3', 'Garlitos', 6, 0, 0),
(688, '58', '9', 'Garrovilla, La', 6, 0, 0),
(689, '59', '2', 'Granja de Torrehermosa', 6, 0, 0),
(690, '903', '8', 'Guadiana del Caudillo', 6, 0, 0),
(691, '60', '6', 'Guareña', 6, 0, 0),
(692, '61', '3', 'Haba, La', 6, 0, 0),
(693, '62', '8', 'Helechosa de los Montes', 6, 0, 0),
(694, '63', '4', 'Herrera del Duque', 6, 0, 0),
(695, '64', '9', 'Higuera de la Serena', 6, 0, 0),
(696, '65', '2', 'Higuera de Llerena', 6, 0, 0),
(697, '66', '5', 'Higuera de Vargas', 6, 0, 0),
(698, '67', '1', 'Higuera la Real', 6, 0, 0),
(699, '68', '7', 'Hinojosa del Valle', 6, 0, 0),
(700, '69', '0', 'Hornachos', 6, 0, 0),
(701, '70', '4', 'Jerez de los Caballeros', 6, 0, 0),
(702, '71', '1', 'Lapa, La', 6, 0, 0),
(703, '73', '2', 'Llera', 6, 0, 0),
(704, '74', '7', 'Llerena', 6, 0, 0),
(705, '72', '6', 'Lobón', 6, 0, 0),
(706, '75', '0', 'Magacela', 6, 0, 0),
(707, '76', '3', 'Maguilla', 6, 0, 0),
(708, '77', '9', 'Malcocinado', 6, 0, 0),
(709, '78', '5', 'Malpartida de la Serena', 6, 0, 0),
(710, '79', '8', 'Manchita', 6, 0, 0),
(711, '80', '2', 'Medellín', 6, 0, 0),
(712, '81', '9', 'Medina de las Torres', 6, 0, 0),
(713, '82', '4', 'Mengabril', 6, 0, 0),
(714, '83', '0', 'Mérida', 6, 0, 0),
(715, '84', '5', 'Mirandilla', 6, 0, 0),
(716, '85', '8', 'Monesterio', 6, 0, 0),
(717, '86', '1', 'Montemolín', 6, 0, 0),
(718, '87', '7', 'Monterrubio de la Serena', 6, 0, 0),
(719, '88', '3', 'Montijo', 6, 0, 0),
(720, '89', '6', 'Morera, La', 6, 0, 0),
(721, '90', '0', 'Nava de Santiago, La', 6, 0, 0),
(722, '91', '7', 'Navalvillar de Pela', 6, 0, 0),
(723, '92', '2', 'Nogales', 6, 0, 0),
(724, '93', '8', 'Oliva de la Frontera', 6, 0, 0),
(725, '94', '3', 'Oliva de Mérida', 6, 0, 0),
(726, '95', '6', 'Olivenza', 6, 0, 0),
(727, '96', '9', 'Orellana de la Sierra', 6, 0, 0),
(728, '97', '5', 'Orellana la Vieja', 6, 0, 0),
(729, '98', '1', 'Palomas', 6, 0, 0),
(730, '99', '4', 'Parra, La', 6, 0, 0),
(731, '100', '8', 'Peñalsordo', 6, 0, 0),
(732, '101', '5', 'Peraleda del Zaucejo', 6, 0, 0),
(733, '102', '0', 'Puebla de Alcocer', 6, 0, 0),
(734, '103', '6', 'Puebla de la Calzada', 6, 0, 0),
(735, '104', '1', 'Puebla de la Reina', 6, 0, 0),
(736, '107', '3', 'Puebla de Obando', 6, 0, 0),
(737, '108', '9', 'Puebla de Sancho Pérez', 6, 0, 0),
(738, '105', '4', 'Puebla del Maestre', 6, 0, 0),
(739, '106', '7', 'Puebla del Prior', 6, 0, 0),
(740, '902', '2', 'Pueblonuevo del Guadiana', 6, 0, 0),
(741, '109', '2', 'Quintana de la Serena', 6, 0, 0),
(742, '110', '6', 'Reina', 6, 0, 0),
(743, '111', '3', 'Rena', 6, 0, 0),
(744, '112', '8', 'Retamal de Llerena', 6, 0, 0),
(745, '113', '4', 'Ribera del Fresno', 6, 0, 0),
(746, '114', '9', 'Risco', 6, 0, 0),
(747, '115', '2', 'Roca de la Sierra, La', 6, 0, 0),
(748, '116', '5', 'Salvaleón', 6, 0, 0),
(749, '117', '1', 'Salvatierra de los Barros', 6, 0, 0),
(750, '119', '0', 'San Pedro de Mérida', 6, 0, 0),
(751, '123', '2', 'San Vicente de Alcántara', 6, 0, 0),
(752, '118', '7', 'Sancti-Spíritus', 6, 0, 0),
(753, '120', '4', 'Santa Amalia', 6, 0, 0),
(754, '121', '1', 'Santa Marta', 6, 0, 0),
(755, '122', '6', 'Santos de Maimona, Los', 6, 0, 0),
(756, '124', '7', 'Segura de León', 6, 0, 0),
(757, '125', '0', 'Siruela', 6, 0, 0),
(758, '126', '3', 'Solana de los Barros', 6, 0, 0),
(759, '127', '9', 'Talarrubias', 6, 0, 0),
(760, '128', '5', 'Talavera la Real', 6, 0, 0),
(761, '129', '8', 'Táliga', 6, 0, 0),
(762, '130', '2', 'Tamurejo', 6, 0, 0),
(763, '131', '9', 'Torre de Miguel Sesmero', 6, 0, 0),
(764, '132', '4', 'Torremayor', 6, 0, 0),
(765, '133', '0', 'Torremejía', 6, 0, 0),
(766, '134', '5', 'Trasierra', 6, 0, 0),
(767, '135', '8', 'Trujillanos', 6, 0, 0),
(768, '136', '1', 'Usagre', 6, 0, 0),
(769, '137', '7', 'Valdecaballeros', 6, 0, 0),
(770, '901', '7', 'Valdelacalzada', 6, 0, 0),
(771, '138', '3', 'Valdetorres', 6, 0, 0),
(772, '139', '6', 'Valencia de las Torres', 6, 0, 0),
(773, '140', '0', 'Valencia del Mombuey', 6, 0, 0),
(774, '141', '7', 'Valencia del Ventoso', 6, 0, 0),
(775, '146', '9', 'Valle de la Serena', 6, 0, 0),
(776, '147', '5', 'Valle de Matamoros', 6, 0, 0),
(777, '148', '1', 'Valle de Santa Ana', 6, 0, 0),
(778, '142', '2', 'Valverde de Burguillos', 6, 0, 0),
(779, '143', '8', 'Valverde de Leganés', 6, 0, 0),
(780, '144', '3', 'Valverde de Llerena', 6, 0, 0),
(781, '145', '6', 'Valverde de Mérida', 6, 0, 0),
(782, '149', '4', 'Villafranca de los Barros', 6, 0, 0),
(783, '150', '7', 'Villagarcía de la Torre', 6, 0, 0),
(784, '151', '4', 'Villagonzalo', 6, 0, 0),
(785, '152', '9', 'Villalba de los Barros', 6, 0, 0),
(786, '153', '5', 'Villanueva de la Serena', 6, 0, 0),
(787, '154', '0', 'Villanueva del Fresno', 6, 0, 0),
(788, '156', '6', 'Villar de Rena', 6, 0, 0),
(789, '155', '3', 'Villar del Rey', 6, 0, 0),
(790, '157', '2', 'Villarta de los Montes', 6, 0, 0),
(791, '158', '8', 'Zafra', 6, 0, 0),
(792, '159', '1', 'Zahínos', 6, 0, 0),
(793, '160', '5', 'Zalamea de la Serena', 6, 0, 0),
(794, '162', '7', 'Zarza, La', 6, 0, 0),
(795, '161', '2', 'Zarza-Capilla', 6, 0, 0),
(796, '2', '7', 'Alaior', 7, 0, 0),
(797, '1', '2', 'Alaró', 7, 0, 0),
(798, '3', '3', 'Alcúdia', 7, 0, 0),
(799, '4', '8', 'Algaida', 7, 0, 0),
(800, '5', '1', 'Andratx', 7, 0, 0),
(801, '901', '3', 'Ariany', 7, 0, 0),
(802, '6', '4', 'Artà', 7, 0, 0),
(803, '7', '0', 'Banyalbufar', 7, 0, 0),
(804, '8', '6', 'Binissalem', 7, 0, 0),
(805, '9', '9', 'Búger', 7, 0, 0),
(806, '10', '3', 'Bunyola', 7, 0, 0),
(807, '11', '0', 'Calvià', 7, 0, 0),
(808, '12', '5', 'Campanet', 7, 0, 0),
(809, '13', '1', 'Campos', 7, 0, 0),
(810, '14', '6', 'Capdepera', 7, 0, 0),
(811, '64', '5', 'Castell, Es', 7, 0, 0),
(812, '15', '9', 'Ciutadella de Menorca', 7, 0, 0),
(813, '16', '2', 'Consell', 7, 0, 0),
(814, '17', '8', 'Costitx', 7, 0, 0),
(815, '18', '4', 'Deià', 7, 0, 0),
(816, '26', '0', 'Eivissa', 7, 0, 0),
(817, '19', '7', 'Escorca', 7, 0, 0),
(818, '20', '1', 'Esporles', 7, 0, 0),
(819, '21', '8', 'Estellencs', 7, 0, 0),
(820, '22', '3', 'Felanitx', 7, 0, 0),
(821, '23', '9', 'Ferreries', 7, 0, 0),
(822, '24', '4', 'Formentera', 7, 0, 0),
(823, '25', '7', 'Fornalutx', 7, 0, 0),
(824, '27', '6', 'Inca', 7, 0, 0),
(825, '28', '2', 'Lloret de Vistalegre', 7, 0, 0),
(826, '29', '5', 'Lloseta', 7, 0, 0),
(827, '30', '9', 'Llubí', 7, 0, 0),
(828, '31', '6', 'Llucmajor', 7, 0, 0),
(829, '33', '7', 'Manacor', 7, 0, 0),
(830, '34', '2', 'Mancor de la Vall', 7, 0, 0),
(831, '32', '1', 'Maó-Mahón', 7, 0, 0),
(832, '35', '5', 'Maria de la Salut', 7, 0, 0),
(833, '36', '8', 'Marratxí', 7, 0, 0),
(834, '37', '4', 'Mercadal, Es', 7, 0, 0),
(835, '902', '8', 'Migjorn Gran, Es', 7, 0, 0),
(836, '38', '0', 'Montuïri', 7, 0, 0),
(837, '39', '3', 'Muro', 7, 0, 0),
(838, '40', '7', 'Palma de Mallorca', 7, 0, 0),
(839, '41', '4', 'Petra', 7, 0, 0),
(840, '44', '0', 'Pobla, Sa', 7, 0, 0),
(841, '42', '9', 'Pollença', 7, 0, 0),
(842, '43', '5', 'Porreres', 7, 0, 0),
(843, '45', '3', 'Puigpunyent', 7, 0, 0),
(844, '59', '8', 'Salines, Ses', 7, 0, 0),
(845, '46', '6', 'Sant Antoni de Portmany', 7, 0, 0),
(846, '49', '1', 'Sant Joan', 7, 0, 0),
(847, '50', '4', 'Sant Joan de Labritja', 7, 0, 0),
(848, '48', '8', 'Sant Josep de sa Talaia', 7, 0, 0),
(849, '51', '1', 'Sant Llorenç des Cardassar', 7, 0, 0),
(850, '52', '6', 'Sant Lluís', 7, 0, 0),
(851, '53', '2', 'Santa Eugènia', 7, 0, 0),
(852, '54', '7', 'Santa Eulària des Riu', 7, 0, 0),
(853, '55', '0', 'Santa Margalida', 7, 0, 0),
(854, '56', '3', 'Santa María del Camí', 7, 0, 0),
(855, '57', '9', 'Santanyí', 7, 0, 0),
(856, '58', '5', 'Selva', 7, 0, 0),
(857, '47', '2', 'Sencelles', 7, 0, 0),
(858, '60', '2', 'Sineu', 7, 0, 0),
(859, '61', '9', 'Sóller', 7, 0, 0),
(860, '62', '4', 'Son Servera', 7, 0, 0),
(861, '63', '0', 'Valldemossa', 7, 0, 0),
(862, '65', '8', 'Vilafranca de Bonany', 7, 0, 0),
(863, '1', '8', 'Abrera', 8, 0, 0),
(864, '2', '3', 'Aguilar de Segarra', 8, 0, 0),
(865, '14', '2', 'Aiguafreda', 8, 0, 0),
(866, '3', '9', 'Alella', 8, 0, 0),
(867, '4', '4', 'Alpens', 8, 0, 0),
(868, '5', '7', 'Ametlla del Vallès, L''', 8, 0, 0),
(869, '6', '0', 'Arenys de Mar', 8, 0, 0),
(870, '7', '6', 'Arenys de Munt', 8, 0, 0),
(871, '8', '2', 'Argençola', 8, 0, 0),
(872, '9', '5', 'Argentona', 8, 0, 0),
(873, '10', '9', 'Artés', 8, 0, 0),
(874, '11', '6', 'Avià', 8, 0, 0),
(875, '12', '1', 'Avinyó', 8, 0, 0),
(876, '13', '7', 'Avinyonet del Penedès', 8, 0, 0),
(877, '15', '5', 'Badalona', 8, 0, 0),
(878, '904', '5', 'Badia del Vallès', 8, 0, 0),
(879, '16', '8', 'Bagà', 8, 0, 0),
(880, '17', '4', 'Balenyà', 8, 0, 0),
(881, '18', '0', 'Balsareny', 8, 0, 0),
(882, '252', '0', 'Barberà del Vallès', 8, 0, 0),
(883, '19', '3', 'Barcelona', 8, 0, 0),
(884, '20', '7', 'Begues', 8, 0, 0),
(885, '21', '4', 'Bellprat', 8, 0, 0),
(886, '22', '9', 'Berga', 8, 0, 0),
(887, '23', '5', 'Bigues i Riells', 8, 0, 0),
(888, '24', '0', 'Borredà', 8, 0, 0),
(889, '25', '3', 'Bruc, El', 8, 0, 0),
(890, '26', '6', 'Brull, El', 8, 0, 0),
(891, '27', '2', 'Cabanyes, Les', 8, 0, 0),
(892, '28', '8', 'Cabrera d''Anoia', 8, 0, 0),
(893, '29', '1', 'Cabrera de Mar', 8, 0, 0),
(894, '30', '5', 'Cabrils', 8, 0, 0),
(895, '31', '2', 'Calaf', 8, 0, 0),
(896, '34', '8', 'Calders', 8, 0, 0),
(897, '33', '3', 'Caldes de Montbui', 8, 0, 0),
(898, '32', '7', 'Caldes d''Estrac', 8, 0, 0),
(899, '35', '1', 'Calella', 8, 0, 0),
(900, '37', '0', 'Calldetenes', 8, 0, 0),
(901, '38', '6', 'Callús', 8, 0, 0),
(902, '36', '4', 'Calonge de Segarra', 8, 0, 0),
(903, '39', '9', 'Campins', 8, 0, 0),
(904, '40', '3', 'Canet de Mar', 8, 0, 0),
(905, '41', '0', 'Canovelles', 8, 0, 0),
(906, '42', '5', 'Cànoves i Samalús', 8, 0, 0),
(907, '43', '1', 'Canyelles', 8, 0, 0),
(908, '44', '6', 'Capellades', 8, 0, 0),
(909, '45', '9', 'Capolat', 8, 0, 0),
(910, '46', '2', 'Cardedeu', 8, 0, 0),
(911, '47', '8', 'Cardona', 8, 0, 0),
(912, '48', '4', 'Carme', 8, 0, 0),
(913, '49', '7', 'Casserres', 8, 0, 0),
(914, '57', '5', 'Castell de l''Areny', 8, 0, 0),
(915, '52', '2', 'Castellar de n''Hug', 8, 0, 0),
(916, '50', '0', 'Castellar del Riu', 8, 0, 0),
(917, '51', '7', 'Castellar del Vallès', 8, 0, 0),
(918, '53', '8', 'Castellbell i el Vilar', 8, 0, 0),
(919, '54', '3', 'Castellbisbal', 8, 0, 0),
(920, '55', '6', 'Castellcir', 8, 0, 0),
(921, '56', '9', 'Castelldefels', 8, 0, 0),
(922, '58', '1', 'Castellet i la Gornal', 8, 0, 0),
(923, '60', '8', 'Castellfollit de Riubregós', 8, 0, 0),
(924, '59', '4', 'Castellfollit del Boix', 8, 0, 0),
(925, '61', '5', 'Castellgalí', 8, 0, 0),
(926, '62', '0', 'Castellnou de Bages', 8, 0, 0),
(927, '63', '6', 'Castellolí', 8, 0, 0),
(928, '64', '1', 'Castellterçol', 8, 0, 0),
(929, '65', '4', 'Castellví de la Marca', 8, 0, 0),
(930, '66', '7', 'Castellví de Rosanes', 8, 0, 0),
(931, '67', '3', 'Centelles', 8, 0, 0),
(932, '268', '7', 'Cercs', 8, 0, 0),
(933, '266', '5', 'Cerdanyola del Vallès', 8, 0, 0),
(934, '68', '9', 'Cervelló', 8, 0, 0),
(935, '69', '2', 'Collbató', 8, 0, 0),
(936, '70', '6', 'Collsuspina', 8, 0, 0),
(937, '71', '3', 'Copons', 8, 0, 0),
(938, '72', '8', 'Corbera de Llobregat', 8, 0, 0),
(939, '73', '4', 'Cornellà de Llobregat', 8, 0, 0),
(940, '74', '9', 'Cubelles', 8, 0, 0),
(941, '75', '2', 'Dosrius', 8, 0, 0),
(942, '76', '5', 'Esparreguera', 8, 0, 0),
(943, '77', '1', 'Esplugues de Llobregat', 8, 0, 0),
(944, '78', '7', 'Espunyola, L''', 8, 0, 0),
(945, '254', '1', 'Esquirol, L''', 8, 0, 0),
(946, '79', '0', 'Estany, L''', 8, 0, 0),
(947, '134', '7', 'Figaró-Montmany', 8, 0, 0),
(948, '80', '4', 'Fígols', 8, 0, 0),
(949, '82', '6', 'Fogars de la Selva', 8, 0, 0),
(950, '81', '1', 'Fogars de Montclús', 8, 0, 0),
(951, '83', '2', 'Folgueroles', 8, 0, 0),
(952, '84', '7', 'Fonollosa', 8, 0, 0),
(953, '85', '0', 'Font-rubí', 8, 0, 0),
(954, '86', '3', 'Franqueses del Vallès, Les', 8, 0, 0),
(955, '90', '2', 'Gaià', 8, 0, 0),
(956, '87', '9', 'Gallifa', 8, 0, 0),
(957, '88', '5', 'Garriga, La', 8, 0, 0),
(958, '89', '8', 'Gavà', 8, 0, 0),
(959, '91', '9', 'Gelida', 8, 0, 0),
(960, '92', '4', 'Gironella', 8, 0, 0),
(961, '93', '0', 'Gisclareny', 8, 0, 0),
(962, '94', '5', 'Granada, La', 8, 0, 0),
(963, '95', '8', 'Granera', 8, 0, 0),
(964, '96', '1', 'Granollers', 8, 0, 0),
(965, '97', '7', 'Gualba', 8, 0, 0),
(966, '99', '6', 'Guardiola de Berguedà', 8, 0, 0),
(967, '100', '0', 'Gurb', 8, 0, 0),
(968, '101', '7', 'Hospitalet de Llobregat, L''', 8, 0, 0),
(969, '162', '9', 'Hostalets de Pierola, Els', 8, 0, 0),
(970, '102', '2', 'Igualada', 8, 0, 0),
(971, '103', '8', 'Jorba', 8, 0, 0),
(972, '104', '3', 'Llacuna, La', 8, 0, 0),
(973, '105', '6', 'Llagosta, La', 8, 0, 0),
(974, '107', '5', 'Lliçà d''Amunt', 8, 0, 0),
(975, '108', '1', 'Lliçà de Vall', 8, 0, 0),
(976, '106', '9', 'Llinars del Vallès', 8, 0, 0),
(977, '109', '4', 'Lluçà', 8, 0, 0),
(978, '110', '8', 'Malgrat de Mar', 8, 0, 0),
(979, '111', '5', 'Malla', 8, 0, 0),
(980, '112', '0', 'Manlleu', 8, 0, 0),
(981, '113', '6', 'Manresa', 8, 0, 0),
(982, '242', '3', 'Marganell', 8, 0, 0),
(983, '114', '1', 'Martorell', 8, 0, 0),
(984, '115', '4', 'Martorelles', 8, 0, 0),
(985, '116', '7', 'Masies de Roda, Les', 8, 0, 0),
(986, '117', '3', 'Masies de Voltregà, Les', 8, 0, 0),
(987, '118', '9', 'Masnou, El', 8, 0, 0),
(988, '119', '2', 'Masquefa', 8, 0, 0),
(989, '120', '6', 'Matadepera', 8, 0, 0),
(990, '121', '3', 'Mataró', 8, 0, 0),
(991, '122', '8', 'Mediona', 8, 0, 0),
(992, '138', '5', 'Moià', 8, 0, 0),
(993, '123', '4', 'Molins de Rei', 8, 0, 0),
(994, '124', '9', 'Mollet del Vallès', 8, 0, 0),
(995, '128', '7', 'Monistrol de Calders', 8, 0, 0),
(996, '127', '1', 'Monistrol de Montserrat', 8, 0, 0),
(997, '125', '2', 'Montcada i Reixac', 8, 0, 0),
(998, '130', '4', 'Montclar', 8, 0, 0),
(999, '131', '1', 'Montesquiu', 8, 0, 0),
(1000, '126', '5', 'Montgat', 8, 0, 0),
(1001, '132', '6', 'Montmajor', 8, 0, 0),
(1002, '133', '2', 'Montmaneu', 8, 0, 0),
(1003, '135', '0', 'Montmeló', 8, 0, 0),
(1004, '136', '3', 'Montornès del Vallès', 8, 0, 0),
(1005, '137', '9', 'Montseny', 8, 0, 0),
(1006, '129', '0', 'Muntanyola', 8, 0, 0),
(1007, '139', '8', 'Mura', 8, 0, 0),
(1008, '140', '2', 'Navarcles', 8, 0, 0),
(1009, '141', '9', 'Navàs', 8, 0, 0),
(1010, '142', '4', 'Nou de Berguedà, La', 8, 0, 0),
(1011, '143', '0', 'Òdena', 8, 0, 0),
(1012, '145', '8', 'Olèrdola', 8, 0, 0),
(1013, '146', '1', 'Olesa de Bonesvalls', 8, 0, 0),
(1014, '147', '7', 'Olesa de Montserrat', 8, 0, 0),
(1015, '148', '3', 'Olivella', 8, 0, 0),
(1016, '149', '6', 'Olost', 8, 0, 0),
(1017, '144', '5', 'Olvan', 8, 0, 0),
(1018, '150', '9', 'Orís', 8, 0, 0),
(1019, '151', '6', 'Oristà', 8, 0, 0),
(1020, '152', '1', 'Orpí', 8, 0, 0),
(1021, '153', '7', 'Òrrius', 8, 0, 0),
(1022, '154', '2', 'Pacs del Penedès', 8, 0, 0),
(1023, '155', '5', 'Palafolls', 8, 0, 0),
(1024, '156', '8', 'Palau-solità i Plegamans', 8, 0, 0),
(1025, '157', '4', 'Pallejà', 8, 0, 0),
(1026, '905', '8', 'Palma de Cervelló, La', 8, 0, 0),
(1027, '158', '0', 'Papiol, El', 8, 0, 0),
(1028, '159', '3', 'Parets del Vallès', 8, 0, 0),
(1029, '160', '7', 'Perafita', 8, 0, 0),
(1030, '161', '4', 'Piera', 8, 0, 0),
(1031, '163', '5', 'Pineda de Mar', 8, 0, 0),
(1032, '164', '0', 'Pla del Penedès, El', 8, 0, 0),
(1033, '165', '3', 'Pobla de Claramunt, La', 8, 0, 0),
(1034, '166', '6', 'Pobla de Lillet, La', 8, 0, 0),
(1035, '167', '2', 'Polinyà', 8, 0, 0),
(1036, '182', '5', 'Pont de Vilomara i Rocafort, El', 8, 0, 0),
(1037, '168', '8', 'Pontons', 8, 0, 0),
(1038, '169', '1', 'Prat de Llobregat, El', 8, 0, 0),
(1039, '171', '2', 'Prats de Lluçanès', 8, 0, 0),
(1040, '170', '5', 'Prats de Rei, Els', 8, 0, 0),
(1041, '230', '3', 'Premià de Dalt', 8, 0, 0),
(1042, '172', '7', 'Premià de Mar', 8, 0, 0),
(1043, '174', '8', 'Puigdàlber', 8, 0, 0),
(1044, '175', '1', 'Puig-reig', 8, 0, 0),
(1045, '176', '4', 'Pujalt', 8, 0, 0),
(1046, '177', '0', 'Quar, La', 8, 0, 0),
(1047, '178', '6', 'Rajadell', 8, 0, 0),
(1048, '179', '9', 'Rellinars', 8, 0, 0),
(1049, '180', '3', 'Ripollet', 8, 0, 0),
(1050, '181', '0', 'Roca del Vallès, La', 8, 0, 0),
(1051, '183', '1', 'Roda de Ter', 8, 0, 0),
(1052, '184', '6', 'Rubí', 8, 0, 0),
(1053, '185', '9', 'Rubió', 8, 0, 0),
(1054, '901', '9', 'Rupit i Pruit', 8, 0, 0),
(1055, '187', '8', 'Sabadell', 8, 0, 0),
(1056, '188', '4', 'Sagàs', 8, 0, 0),
(1057, '190', '1', 'Saldes', 8, 0, 0),
(1058, '191', '8', 'Sallent', 8, 0, 0),
(1059, '194', '4', 'Sant Adrià de Besòs', 8, 0, 0),
(1060, '195', '7', 'Sant Agustí de Lluçanès', 8, 0, 0),
(1061, '196', '0', 'Sant Andreu de la Barca', 8, 0, 0),
(1062, '197', '6', 'Sant Andreu de Llavaneres', 8, 0, 0),
(1063, '198', '2', 'Sant Antoni de Vilamajor', 8, 0, 0),
(1064, '199', '5', 'Sant Bartomeu del Grau', 8, 0, 0),
(1065, '200', '9', 'Sant Boi de Llobregat', 8, 0, 0),
(1066, '201', '6', 'Sant Boi de Lluçanès', 8, 0, 0),
(1067, '203', '7', 'Sant Cebrià de Vallalta', 8, 0, 0),
(1068, '202', '1', 'Sant Celoni', 8, 0, 0),
(1069, '204', '2', 'Sant Climent de Llobregat', 8, 0, 0),
(1070, '205', '5', 'Sant Cugat del Vallès', 8, 0, 0),
(1071, '206', '8', 'Sant Cugat Sesgarrigues', 8, 0, 0),
(1072, '207', '4', 'Sant Esteve de Palautordera', 8, 0, 0),
(1073, '208', '0', 'Sant Esteve Sesrovires', 8, 0, 0),
(1074, '210', '7', 'Sant Feliu de Codines', 8, 0, 0),
(1075, '211', '4', 'Sant Feliu de Llobregat', 8, 0, 0),
(1076, '212', '9', 'Sant Feliu Sasserra', 8, 0, 0),
(1077, '209', '3', 'Sant Fost de Campsentelles', 8, 0, 0),
(1078, '213', '5', 'Sant Fruitós de Bages', 8, 0, 0),
(1079, '215', '3', 'Sant Hipòlit de Voltregà', 8, 0, 0),
(1080, '193', '9', 'Sant Iscle de Vallalta', 8, 0, 0),
(1081, '216', '6', 'Sant Jaume de Frontanyà', 8, 0, 0),
(1082, '218', '8', 'Sant Joan de Vilatorrada', 8, 0, 0),
(1083, '217', '2', 'Sant Joan Despí', 8, 0, 0),
(1084, '903', '0', 'Sant Julià de Cerdanyola', 8, 0, 0),
(1085, '220', '5', 'Sant Julià de Vilatorta', 8, 0, 0),
(1086, '221', '2', 'Sant Just Desvern', 8, 0, 0),
(1087, '222', '7', 'Sant Llorenç d''Hortons', 8, 0, 0),
(1088, '223', '3', 'Sant Llorenç Savall', 8, 0, 0),
(1089, '225', '1', 'Sant Martí d''Albars', 8, 0, 0),
(1090, '224', '8', 'Sant Martí de Centelles', 8, 0, 0),
(1091, '226', '4', 'Sant Martí de Tous', 8, 0, 0),
(1092, '227', '0', 'Sant Martí Sarroca', 8, 0, 0),
(1093, '228', '6', 'Sant Martí Sesgueioles', 8, 0, 0),
(1094, '229', '9', 'Sant Mateu de Bages', 8, 0, 0),
(1095, '231', '0', 'Sant Pere de Ribes', 8, 0, 0),
(1096, '232', '5', 'Sant Pere de Riudebitlles', 8, 0, 0),
(1097, '233', '1', 'Sant Pere de Torelló', 8, 0, 0),
(1098, '234', '6', 'Sant Pere de Vilamajor', 8, 0, 0),
(1099, '189', '7', 'Sant Pere Sallavinera', 8, 0, 0),
(1100, '235', '9', 'Sant Pol de Mar', 8, 0, 0),
(1101, '236', '2', 'Sant Quintí de Mediona', 8, 0, 0),
(1102, '237', '8', 'Sant Quirze de Besora', 8, 0, 0),
(1103, '238', '4', 'Sant Quirze del Vallès', 8, 0, 0),
(1104, '239', '7', 'Sant Quirze Safaja', 8, 0, 0),
(1105, '240', '1', 'Sant Sadurní d''Anoia', 8, 0, 0),
(1106, '241', '8', 'Sant Sadurní d''Osormort', 8, 0, 0),
(1107, '98', '3', 'Sant Salvador de Guardiola', 8, 0, 0),
(1108, '262', '8', 'Sant Vicenç de Castellet', 8, 0, 0),
(1109, '264', '9', 'Sant Vicenç de Montalt', 8, 0, 0),
(1110, '265', '2', 'Sant Vicenç de Torelló', 8, 0, 0),
(1111, '263', '4', 'Sant Vicenç dels Horts', 8, 0, 0),
(1112, '243', '9', 'Santa Cecília de Voltregà', 8, 0, 0),
(1113, '244', '4', 'Santa Coloma de Cervelló', 8, 0, 0),
(1114, '245', '7', 'Santa Coloma de Gramenet', 8, 0, 0),
(1115, '246', '0', 'Santa Eugènia de Berga', 8, 0, 0),
(1116, '247', '6', 'Santa Eulàlia de Riuprimer', 8, 0, 0),
(1117, '248', '2', 'Santa Eulàlia de Ronçana', 8, 0, 0),
(1118, '249', '5', 'Santa Fe del Penedès', 8, 0, 0),
(1119, '250', '8', 'Santa Margarida de Montbui', 8, 0, 0),
(1120, '251', '5', 'Santa Margarida i els Monjos', 8, 0, 0),
(1121, '253', '6', 'Santa Maria de Besora', 8, 0, 0),
(1122, '256', '7', 'Santa Maria de Martorelles', 8, 0, 0),
(1123, '255', '4', 'Santa Maria de Merlès', 8, 0, 0),
(1124, '257', '3', 'Santa Maria de Miralles', 8, 0, 0),
(1125, '259', '2', 'Santa Maria de Palautordera', 8, 0, 0),
(1126, '258', '9', 'Santa Maria d''Oló', 8, 0, 0),
(1127, '260', '6', 'Santa Perpètua de Mogoda', 8, 0, 0),
(1128, '261', '3', 'Santa Susanna', 8, 0, 0),
(1129, '192', '3', 'Santpedor', 8, 0, 0),
(1130, '267', '1', 'Sentmenat', 8, 0, 0),
(1131, '269', '0', 'Seva', 8, 0, 0),
(1132, '270', '4', 'Sitges', 8, 0, 0),
(1133, '271', '1', 'Sobremunt', 8, 0, 0),
(1134, '272', '6', 'Sora', 8, 0, 0),
(1135, '273', '2', 'Subirats', 8, 0, 0),
(1136, '274', '7', 'Súria', 8, 0, 0),
(1137, '276', '3', 'Tagamanent', 8, 0, 0),
(1138, '277', '9', 'Talamanca', 8, 0, 0),
(1139, '278', '5', 'Taradell', 8, 0, 0),
(1140, '275', '0', 'Tavèrnoles', 8, 0, 0),
(1141, '280', '2', 'Tavertet', 8, 0, 0),
(1142, '281', '9', 'Teià', 8, 0, 0),
(1143, '279', '8', 'Terrassa', 8, 0, 0),
(1144, '282', '4', 'Tiana', 8, 0, 0),
(1145, '283', '0', 'Tona', 8, 0, 0),
(1146, '284', '5', 'Tordera', 8, 0, 0),
(1147, '285', '8', 'Torelló', 8, 0, 0),
(1148, '286', '1', 'Torre de Claramunt, La', 8, 0, 0),
(1149, '287', '7', 'Torrelavit', 8, 0, 0),
(1150, '288', '3', 'Torrelles de Foix', 8, 0, 0),
(1151, '289', '6', 'Torrelles de Llobregat', 8, 0, 0),
(1152, '290', '0', 'Ullastrell', 8, 0, 0),
(1153, '291', '7', 'Vacarisses', 8, 0, 0),
(1154, '292', '2', 'Vallbona d''Anoia', 8, 0, 0),
(1155, '293', '8', 'Vallcebre', 8, 0, 0),
(1156, '294', '3', 'Vallgorguina', 8, 0, 0),
(1157, '295', '6', 'Vallirana', 8, 0, 0),
(1158, '296', '9', 'Vallromanes', 8, 0, 0),
(1159, '297', '5', 'Veciana', 8, 0, 0),
(1160, '298', '1', 'Vic', 8, 0, 0),
(1161, '299', '4', 'Vilada', 8, 0, 0),
(1162, '301', '5', 'Viladecans', 8, 0, 0),
(1163, '300', '8', 'Viladecavalls', 8, 0, 0),
(1164, '305', '4', 'Vilafranca del Penedès', 8, 0, 0),
(1165, '306', '7', 'Vilalba Sasserra', 8, 0, 0),
(1166, '303', '6', 'Vilanova de Sau', 8, 0, 0),
(1167, '302', '0', 'Vilanova del Camí', 8, 0, 0),
(1168, '902', '4', 'Vilanova del Vallès', 8, 0, 0),
(1169, '307', '3', 'Vilanova i la Geltrú', 8, 0, 0),
(1170, '214', '0', 'Vilassar de Dalt', 8, 0, 0),
(1171, '219', '1', 'Vilassar de Mar', 8, 0, 0),
(1172, '304', '1', 'Vilobí del Penedès', 8, 0, 0),
(1173, '308', '9', 'Viver i Serrateix', 8, 0, 0),
(1174, '1', '1', 'Abajas', 9, 0, 0),
(1175, '3', '2', 'Adrada de Haza', 9, 0, 0),
(1176, '6', '3', 'Aguas Cándidas', 9, 0, 0),
(1177, '7', '9', 'Aguilar de Bureba', 9, 0, 0),
(1178, '9', '8', 'Albillos', 9, 0, 0);
INSERT INTO `poblaciones` (`id`, `codigo`, `cp`, `poblacion`, `provincia_id`, `activa`, `defecto`) VALUES
(1179, '10', '2', 'Alcocero de Mola', 9, 0, 0),
(1180, '11', '9', 'Alfoz de Bricia', 9, 0, 0),
(1181, '907', '0', 'Alfoz de Quintanadueñas', 9, 0, 0),
(1182, '12', '4', 'Alfoz de Santa Gadea', 9, 0, 0),
(1183, '13', '0', 'Altable', 9, 0, 0),
(1184, '14', '5', 'Altos, Los', 9, 0, 0),
(1185, '16', '1', 'Ameyugo', 9, 0, 0),
(1186, '17', '7', 'Anguix', 9, 0, 0),
(1187, '18', '3', 'Aranda de Duero', 9, 0, 0),
(1188, '19', '6', 'Arandilla', 9, 0, 0),
(1189, '20', '0', 'Arauzo de Miel', 9, 0, 0),
(1190, '21', '7', 'Arauzo de Salce', 9, 0, 0),
(1191, '22', '2', 'Arauzo de Torre', 9, 0, 0),
(1192, '23', '8', 'Arcos', 9, 0, 0),
(1193, '24', '3', 'Arenillas de Riopisuerga', 9, 0, 0),
(1194, '25', '6', 'Arija', 9, 0, 0),
(1195, '26', '9', 'Arlanzón', 9, 0, 0),
(1196, '27', '5', 'Arraya de Oca', 9, 0, 0),
(1197, '29', '4', 'Atapuerca', 9, 0, 0),
(1198, '30', '8', 'Ausines, Los', 9, 0, 0),
(1199, '32', '0', 'Avellanosa de Muñó', 9, 0, 0),
(1200, '33', '6', 'Bahabón de Esgueva', 9, 0, 0),
(1201, '34', '1', 'Balbases, Los', 9, 0, 0),
(1202, '35', '4', 'Baños de Valdearados', 9, 0, 0),
(1203, '36', '7', 'Bañuelos de Bureba', 9, 0, 0),
(1204, '37', '3', 'Barbadillo de Herreros', 9, 0, 0),
(1205, '38', '9', 'Barbadillo del Mercado', 9, 0, 0),
(1206, '39', '2', 'Barbadillo del Pez', 9, 0, 0),
(1207, '41', '3', 'Barrio de Muñó', 9, 0, 0),
(1208, '43', '4', 'Barrios de Bureba, Los', 9, 0, 0),
(1209, '44', '9', 'Barrios de Colina', 9, 0, 0),
(1210, '45', '2', 'Basconcillos del Tozo', 9, 0, 0),
(1211, '46', '5', 'Bascuñana', 9, 0, 0),
(1212, '47', '1', 'Belbimbre', 9, 0, 0),
(1213, '48', '7', 'Belorado', 9, 0, 0),
(1214, '50', '3', 'Berberana', 9, 0, 0),
(1215, '51', '0', 'Berlangas de Roa', 9, 0, 0),
(1216, '52', '5', 'Berzosa de Bureba', 9, 0, 0),
(1217, '54', '6', 'Bozoó', 9, 0, 0),
(1218, '55', '9', 'Brazacorta', 9, 0, 0),
(1219, '56', '2', 'Briviesca', 9, 0, 0),
(1220, '57', '8', 'Bugedo', 9, 0, 0),
(1221, '58', '4', 'Buniel', 9, 0, 0),
(1222, '59', '7', 'Burgos', 9, 0, 0),
(1223, '60', '1', 'Busto de Bureba', 9, 0, 0),
(1224, '61', '8', 'Cabañes de Esgueva', 9, 0, 0),
(1225, '62', '3', 'Cabezón de la Sierra', 9, 0, 0),
(1226, '64', '4', 'Caleruega', 9, 0, 0),
(1227, '65', '7', 'Campillo de Aranda', 9, 0, 0),
(1228, '66', '0', 'Campolara', 9, 0, 0),
(1229, '67', '6', 'Canicosa de la Sierra', 9, 0, 0),
(1230, '68', '2', 'Cantabrana', 9, 0, 0),
(1231, '70', '9', 'Carazo', 9, 0, 0),
(1232, '71', '6', 'Carcedo de Bureba', 9, 0, 0),
(1233, '72', '1', 'Carcedo de Burgos', 9, 0, 0),
(1234, '73', '7', 'Cardeñadijo', 9, 0, 0),
(1235, '74', '2', 'Cardeñajimeno', 9, 0, 0),
(1236, '75', '5', 'Cardeñuela Riopico', 9, 0, 0),
(1237, '76', '8', 'Carrias', 9, 0, 0),
(1238, '77', '4', 'Cascajares de Bureba', 9, 0, 0),
(1239, '78', '0', 'Cascajares de la Sierra', 9, 0, 0),
(1240, '79', '3', 'Castellanos de Castro', 9, 0, 0),
(1241, '83', '5', 'Castil de Peones', 9, 0, 0),
(1242, '82', '9', 'Castildelgado', 9, 0, 0),
(1243, '84', '0', 'Castrillo de la Reina', 9, 0, 0),
(1244, '85', '3', 'Castrillo de la Vega', 9, 0, 0),
(1245, '88', '8', 'Castrillo de Riopisuerga', 9, 0, 0),
(1246, '86', '6', 'Castrillo del Val', 9, 0, 0),
(1247, '90', '5', 'Castrillo Mota de Judíos', 9, 0, 0),
(1248, '91', '2', 'Castrojeriz', 9, 0, 0),
(1249, '63', '9', 'Cavia', 9, 0, 0),
(1250, '93', '3', 'Cayuela', 9, 0, 0),
(1251, '94', '8', 'Cebrecos', 9, 0, 0),
(1252, '95', '1', 'Celada del Camino', 9, 0, 0),
(1253, '98', '6', 'Cerezo de Río Tirón', 9, 0, 0),
(1254, '100', '3', 'Cerratón de Juarros', 9, 0, 0),
(1255, '101', '0', 'Ciadoncha', 9, 0, 0),
(1256, '102', '5', 'Cillaperlata', 9, 0, 0),
(1257, '103', '1', 'Cilleruelo de Abajo', 9, 0, 0),
(1258, '104', '6', 'Cilleruelo de Arriba', 9, 0, 0),
(1259, '105', '9', 'Ciruelos de Cervera', 9, 0, 0),
(1260, '108', '4', 'Cogollos', 9, 0, 0),
(1261, '109', '7', 'Condado de Treviño', 9, 0, 0),
(1262, '110', '1', 'Contreras', 9, 0, 0),
(1263, '112', '3', 'Coruña del Conde', 9, 0, 0),
(1264, '113', '9', 'Covarrubias', 9, 0, 0),
(1265, '114', '4', 'Cubillo del Campo', 9, 0, 0),
(1266, '115', '7', 'Cubo de Bureba', 9, 0, 0),
(1267, '117', '6', 'Cueva de Roa, La', 9, 0, 0),
(1268, '119', '5', 'Cuevas de San Clemente', 9, 0, 0),
(1269, '120', '9', 'Encío', 9, 0, 0),
(1270, '122', '1', 'Espinosa de Cervera', 9, 0, 0),
(1271, '124', '2', 'Espinosa de los Monteros', 9, 0, 0),
(1272, '123', '7', 'Espinosa del Camino', 9, 0, 0),
(1273, '125', '5', 'Estépar', 9, 0, 0),
(1274, '127', '4', 'Fontioso', 9, 0, 0),
(1275, '128', '0', 'Frandovínez', 9, 0, 0),
(1276, '129', '3', 'Fresneda de la Sierra Tirón', 9, 0, 0),
(1277, '130', '7', 'Fresneña', 9, 0, 0),
(1278, '131', '4', 'Fresnillo de las Dueñas', 9, 0, 0),
(1279, '132', '9', 'Fresno de Río Tirón', 9, 0, 0),
(1280, '133', '5', 'Fresno de Rodilla', 9, 0, 0),
(1281, '134', '0', 'Frías', 9, 0, 0),
(1282, '135', '3', 'Fuentebureba', 9, 0, 0),
(1283, '136', '6', 'Fuentecén', 9, 0, 0),
(1284, '137', '2', 'Fuentelcésped', 9, 0, 0),
(1285, '138', '8', 'Fuentelisendo', 9, 0, 0),
(1286, '139', '1', 'Fuentemolinos', 9, 0, 0),
(1287, '140', '5', 'Fuentenebro', 9, 0, 0),
(1288, '141', '2', 'Fuentespina', 9, 0, 0),
(1289, '143', '3', 'Galbarros', 9, 0, 0),
(1290, '144', '8', 'Gallega, La', 9, 0, 0),
(1291, '148', '6', 'Grijalba', 9, 0, 0),
(1292, '149', '9', 'Grisaleña', 9, 0, 0),
(1293, '151', '9', 'Gumiel de Izán', 9, 0, 0),
(1294, '152', '4', 'Gumiel de Mercado', 9, 0, 0),
(1295, '154', '5', 'Hacinas', 9, 0, 0),
(1296, '155', '8', 'Haza', 9, 0, 0),
(1297, '159', '6', 'Hontanas', 9, 0, 0),
(1298, '160', '0', 'Hontangas', 9, 0, 0),
(1299, '162', '2', 'Hontoria de la Cantera', 9, 0, 0),
(1300, '164', '3', 'Hontoria de Valdearados', 9, 0, 0),
(1301, '163', '8', 'Hontoria del Pinar', 9, 0, 0),
(1302, '166', '9', 'Hormazas, Las', 9, 0, 0),
(1303, '167', '5', 'Hornillos del Camino', 9, 0, 0),
(1304, '168', '1', 'Horra, La', 9, 0, 0),
(1305, '169', '4', 'Hortigüela', 9, 0, 0),
(1306, '170', '8', 'Hoyales de Roa', 9, 0, 0),
(1307, '172', '0', 'Huérmeces', 9, 0, 0),
(1308, '173', '6', 'Huerta de Arriba', 9, 0, 0),
(1309, '174', '1', 'Huerta de Rey', 9, 0, 0),
(1310, '175', '4', 'Humada', 9, 0, 0),
(1311, '176', '7', 'Hurones', 9, 0, 0),
(1312, '177', '3', 'Ibeas de Juarros', 9, 0, 0),
(1313, '178', '9', 'Ibrillos', 9, 0, 0),
(1314, '179', '2', 'Iglesiarrubia', 9, 0, 0),
(1315, '180', '6', 'Iglesias', 9, 0, 0),
(1316, '181', '3', 'Isar', 9, 0, 0),
(1317, '182', '8', 'Itero del Castillo', 9, 0, 0),
(1318, '183', '4', 'Jaramillo de la Fuente', 9, 0, 0),
(1319, '184', '9', 'Jaramillo Quemado', 9, 0, 0),
(1320, '189', '0', 'Junta de Traslaloma', 9, 0, 0),
(1321, '190', '4', 'Junta de Villalba de Losa', 9, 0, 0),
(1322, '191', '1', 'Jurisdicción de Lara', 9, 0, 0),
(1323, '192', '6', 'Jurisdicción de San Zadornil', 9, 0, 0),
(1324, '194', '7', 'Lerma', 9, 0, 0),
(1325, '195', '0', 'Llano de Bureba', 9, 0, 0),
(1326, '196', '3', 'Madrigal del Monte', 9, 0, 0),
(1327, '197', '9', 'Madrigalejo del Monte', 9, 0, 0),
(1328, '198', '5', 'Mahamud', 9, 0, 0),
(1329, '199', '8', 'Mambrilla de Castrejón', 9, 0, 0),
(1330, '200', '2', 'Mambrillas de Lara', 9, 0, 0),
(1331, '201', '9', 'Mamolar', 9, 0, 0),
(1332, '202', '4', 'Manciles', 9, 0, 0),
(1333, '206', '1', 'Mazuela', 9, 0, 0),
(1334, '208', '3', 'Mecerreyes', 9, 0, 0),
(1335, '209', '6', 'Medina de Pomar', 9, 0, 0),
(1336, '211', '7', 'Melgar de Fernamental', 9, 0, 0),
(1337, '213', '8', 'Merindad de Cuesta-Urria', 9, 0, 0),
(1338, '214', '3', 'Merindad de Montija', 9, 0, 0),
(1339, '906', '4', 'Merindad de Río Ubierna', 9, 0, 0),
(1340, '215', '6', 'Merindad de Sotoscueva', 9, 0, 0),
(1341, '216', '9', 'Merindad de Valdeporres', 9, 0, 0),
(1342, '217', '5', 'Merindad de Valdivielso', 9, 0, 0),
(1343, '218', '1', 'Milagros', 9, 0, 0),
(1344, '219', '4', 'Miranda de Ebro', 9, 0, 0),
(1345, '220', '8', 'Miraveche', 9, 0, 0),
(1346, '221', '5', 'Modúbar de la Emparedada', 9, 0, 0),
(1347, '223', '6', 'Monasterio de la Sierra', 9, 0, 0),
(1348, '224', '1', 'Monasterio de Rodilla', 9, 0, 0),
(1349, '225', '4', 'Moncalvillo', 9, 0, 0),
(1350, '226', '7', 'Monterrubio de la Demanda', 9, 0, 0),
(1351, '227', '3', 'Montorio', 9, 0, 0),
(1352, '228', '9', 'Moradillo de Roa', 9, 0, 0),
(1353, '229', '2', 'Nava de Roa', 9, 0, 0),
(1354, '230', '6', 'Navas de Bureba', 9, 0, 0),
(1355, '231', '3', 'Nebreda', 9, 0, 0),
(1356, '232', '8', 'Neila', 9, 0, 0),
(1357, '235', '2', 'Olmedillo de Roa', 9, 0, 0),
(1358, '236', '5', 'Olmillos de Muñó', 9, 0, 0),
(1359, '238', '7', 'Oña', 9, 0, 0),
(1360, '239', '0', 'Oquillas', 9, 0, 0),
(1361, '241', '1', 'Orbaneja Riopico', 9, 0, 0),
(1362, '242', '6', 'Padilla de Abajo', 9, 0, 0),
(1363, '243', '2', 'Padilla de Arriba', 9, 0, 0),
(1364, '244', '7', 'Padrones de Bureba', 9, 0, 0),
(1365, '246', '3', 'Palacios de la Sierra', 9, 0, 0),
(1366, '247', '9', 'Palacios de Riopisuerga', 9, 0, 0),
(1367, '248', '5', 'Palazuelos de la Sierra', 9, 0, 0),
(1368, '249', '8', 'Palazuelos de Muñó', 9, 0, 0),
(1369, '250', '1', 'Pampliega', 9, 0, 0),
(1370, '251', '8', 'Pancorbo', 9, 0, 0),
(1371, '253', '9', 'Pardilla', 9, 0, 0),
(1372, '255', '7', 'Partido de la Sierra en Tobalina', 9, 0, 0),
(1373, '256', '0', 'Pedrosa de Duero', 9, 0, 0),
(1374, '259', '5', 'Pedrosa de Río Úrbel', 9, 0, 0),
(1375, '257', '6', 'Pedrosa del Páramo', 9, 0, 0),
(1376, '258', '2', 'Pedrosa del Príncipe', 9, 0, 0),
(1377, '261', '6', 'Peñaranda de Duero', 9, 0, 0),
(1378, '262', '1', 'Peral de Arlanza', 9, 0, 0),
(1379, '265', '5', 'Piérnigas', 9, 0, 0),
(1380, '266', '8', 'Pineda de la Sierra', 9, 0, 0),
(1381, '267', '4', 'Pineda Trasmonte', 9, 0, 0),
(1382, '268', '0', 'Pinilla de los Barruecos', 9, 0, 0),
(1383, '269', '3', 'Pinilla de los Moros', 9, 0, 0),
(1384, '270', '7', 'Pinilla Trasmonte', 9, 0, 0),
(1385, '272', '9', 'Poza de la Sal', 9, 0, 0),
(1386, '273', '5', 'Prádanos de Bureba', 9, 0, 0),
(1387, '274', '0', 'Pradoluengo', 9, 0, 0),
(1388, '275', '3', 'Presencio', 9, 0, 0),
(1389, '276', '6', 'Puebla de Arganzón, La', 9, 0, 0),
(1390, '277', '2', 'Puentedura', 9, 0, 0),
(1391, '279', '1', 'Quemada', 9, 0, 0),
(1392, '281', '2', 'Quintana del Pidio', 9, 0, 0),
(1393, '280', '5', 'Quintanabureba', 9, 0, 0),
(1394, '283', '3', 'Quintanaélez', 9, 0, 0),
(1395, '287', '0', 'Quintanaortuño', 9, 0, 0),
(1396, '288', '6', 'Quintanapalla', 9, 0, 0),
(1397, '289', '9', 'Quintanar de la Sierra', 9, 0, 0),
(1398, '292', '5', 'Quintanavides', 9, 0, 0),
(1399, '294', '6', 'Quintanilla de la Mata', 9, 0, 0),
(1400, '901', '2', 'Quintanilla del Agua y Tordueles', 9, 0, 0),
(1401, '295', '9', 'Quintanilla del Coco', 9, 0, 0),
(1402, '298', '4', 'Quintanilla San García', 9, 0, 0),
(1403, '301', '8', 'Quintanilla Vivar', 9, 0, 0),
(1404, '297', '8', 'Quintanillas, Las', 9, 0, 0),
(1405, '302', '3', 'Rabanera del Pinar', 9, 0, 0),
(1406, '303', '9', 'Rábanos', 9, 0, 0),
(1407, '304', '4', 'Rabé de las Calzadas', 9, 0, 0),
(1408, '306', '0', 'Rebolledo de la Torre', 9, 0, 0),
(1409, '307', '6', 'Redecilla del Camino', 9, 0, 0),
(1410, '308', '2', 'Redecilla del Campo', 9, 0, 0),
(1411, '309', '5', 'Regumiel de la Sierra', 9, 0, 0),
(1412, '310', '9', 'Reinoso', 9, 0, 0),
(1413, '311', '6', 'Retuerta', 9, 0, 0),
(1414, '314', '2', 'Revilla del Campo', 9, 0, 0),
(1415, '316', '8', 'Revilla Vallejera', 9, 0, 0),
(1416, '312', '1', 'Revilla y Ahedo, La', 9, 0, 0),
(1417, '315', '5', 'Revillarruz', 9, 0, 0),
(1418, '317', '4', 'Rezmondo', 9, 0, 0),
(1419, '318', '0', 'Riocavado de la Sierra', 9, 0, 0),
(1420, '321', '4', 'Roa', 9, 0, 0),
(1421, '323', '5', 'Rojas', 9, 0, 0),
(1422, '325', '3', 'Royuela de Río Franco', 9, 0, 0),
(1423, '326', '6', 'Rubena', 9, 0, 0),
(1424, '327', '2', 'Rublacedo de Abajo', 9, 0, 0),
(1425, '328', '8', 'Rucandio', 9, 0, 0),
(1426, '329', '1', 'Salas de Bureba', 9, 0, 0),
(1427, '330', '5', 'Salas de los Infantes', 9, 0, 0),
(1428, '332', '7', 'Saldaña de Burgos', 9, 0, 0),
(1429, '334', '8', 'Salinillas de Bureba', 9, 0, 0),
(1430, '335', '1', 'San Adrián de Juarros', 9, 0, 0),
(1431, '337', '0', 'San Juan del Monte', 9, 0, 0),
(1432, '338', '6', 'San Mamés de Burgos', 9, 0, 0),
(1433, '339', '9', 'San Martín de Rubiales', 9, 0, 0),
(1434, '340', '3', 'San Millán de Lara', 9, 0, 0),
(1435, '360', '8', 'San Vicente del Valle', 9, 0, 0),
(1436, '343', '1', 'Santa Cecilia', 9, 0, 0),
(1437, '345', '9', 'Santa Cruz de la Salceda', 9, 0, 0),
(1438, '346', '2', 'Santa Cruz del Valle Urbión', 9, 0, 0),
(1439, '347', '8', 'Santa Gadea del Cid', 9, 0, 0),
(1440, '348', '4', 'Santa Inés', 9, 0, 0),
(1441, '350', '0', 'Santa María del Campo', 9, 0, 0),
(1442, '351', '7', 'Santa María del Invierno', 9, 0, 0),
(1443, '352', '2', 'Santa María del Mercadillo', 9, 0, 0),
(1444, '353', '8', 'Santa María Rivarredonda', 9, 0, 0),
(1445, '354', '3', 'Santa Olalla de Bureba', 9, 0, 0),
(1446, '355', '6', 'Santibáñez de Esgueva', 9, 0, 0),
(1447, '356', '9', 'Santibáñez del Val', 9, 0, 0),
(1448, '358', '1', 'Santo Domingo de Silos', 9, 0, 0),
(1449, '361', '5', 'Sargentes de la Lora', 9, 0, 0),
(1450, '362', '0', 'Sarracín', 9, 0, 0),
(1451, '363', '6', 'Sasamón', 9, 0, 0),
(1452, '365', '4', 'Sequera de Haza, La', 9, 0, 0),
(1453, '366', '7', 'Solarana', 9, 0, 0),
(1454, '368', '9', 'Sordillos', 9, 0, 0),
(1455, '369', '2', 'Sotillo de la Ribera', 9, 0, 0),
(1456, '372', '8', 'Sotragero', 9, 0, 0),
(1457, '373', '4', 'Sotresgudo', 9, 0, 0),
(1458, '374', '9', 'Susinos del Páramo', 9, 0, 0),
(1459, '375', '2', 'Tamarón', 9, 0, 0),
(1460, '377', '1', 'Tardajos', 9, 0, 0),
(1461, '378', '7', 'Tejada', 9, 0, 0),
(1462, '380', '4', 'Terradillos de Esgueva', 9, 0, 0),
(1463, '381', '1', 'Tinieblas de la Sierra', 9, 0, 0),
(1464, '382', '6', 'Tobar', 9, 0, 0),
(1465, '384', '7', 'Tordómar', 9, 0, 0),
(1466, '386', '3', 'Torrecilla del Monte', 9, 0, 0),
(1467, '387', '9', 'Torregalindo', 9, 0, 0),
(1468, '388', '5', 'Torrelara', 9, 0, 0),
(1469, '389', '8', 'Torrepadre', 9, 0, 0),
(1470, '390', '2', 'Torresandino', 9, 0, 0),
(1471, '391', '9', 'Tórtoles de Esgueva', 9, 0, 0),
(1472, '392', '4', 'Tosantos', 9, 0, 0),
(1473, '394', '5', 'Trespaderne', 9, 0, 0),
(1474, '395', '8', 'Tubilla del Agua', 9, 0, 0),
(1475, '396', '1', 'Tubilla del Lago', 9, 0, 0),
(1476, '398', '3', 'Úrbel del Castillo', 9, 0, 0),
(1477, '400', '0', 'Vadocondes', 9, 0, 0),
(1478, '403', '8', 'Valdeande', 9, 0, 0),
(1479, '405', '6', 'Valdezate', 9, 0, 0),
(1480, '406', '9', 'Valdorros', 9, 0, 0),
(1481, '408', '1', 'Vallarta de Bureba', 9, 0, 0),
(1482, '904', '8', 'Valle de las Navas', 9, 0, 0),
(1483, '908', '6', 'Valle de Losa', 9, 0, 0),
(1484, '409', '4', 'Valle de Manzanedo', 9, 0, 0),
(1485, '410', '8', 'Valle de Mena', 9, 0, 0),
(1486, '411', '5', 'Valle de Oca', 9, 0, 0),
(1487, '902', '7', 'Valle de Santibáñez', 9, 0, 0),
(1488, '905', '1', 'Valle de Sedano', 9, 0, 0),
(1489, '412', '0', 'Valle de Tobalina', 9, 0, 0),
(1490, '413', '6', 'Valle de Valdebezana', 9, 0, 0),
(1491, '414', '1', 'Valle de Valdelaguna', 9, 0, 0),
(1492, '415', '4', 'Valle de Valdelucio', 9, 0, 0),
(1493, '416', '7', 'Valle de Zamanzas', 9, 0, 0),
(1494, '417', '3', 'Vallejera', 9, 0, 0),
(1495, '418', '9', 'Valles de Palenzuela', 9, 0, 0),
(1496, '419', '2', 'Valluércanes', 9, 0, 0),
(1497, '407', '5', 'Valmala', 9, 0, 0),
(1498, '422', '8', 'Vid de Bureba, La', 9, 0, 0),
(1499, '421', '3', 'Vid y Barrios, La', 9, 0, 0),
(1500, '423', '4', 'Vileña', 9, 0, 0),
(1501, '427', '1', 'Villadiego', 9, 0, 0),
(1502, '428', '7', 'Villaescusa de Roa', 9, 0, 0),
(1503, '429', '0', 'Villaescusa la Sombría', 9, 0, 0),
(1504, '430', '4', 'Villaespasa', 9, 0, 0),
(1505, '431', '1', 'Villafranca Montes de Oca', 9, 0, 0),
(1506, '432', '6', 'Villafruela', 9, 0, 0),
(1507, '433', '2', 'Villagalijo', 9, 0, 0),
(1508, '434', '7', 'Villagonzalo Pedernales', 9, 0, 0),
(1509, '437', '9', 'Villahoz', 9, 0, 0),
(1510, '438', '5', 'Villalba de Duero', 9, 0, 0),
(1511, '439', '8', 'Villalbilla de Burgos', 9, 0, 0),
(1512, '440', '2', 'Villalbilla de Gumiel', 9, 0, 0),
(1513, '441', '9', 'Villaldemiro', 9, 0, 0),
(1514, '442', '4', 'Villalmanzo', 9, 0, 0),
(1515, '443', '0', 'Villamayor de los Montes', 9, 0, 0),
(1516, '444', '5', 'Villamayor de Treviño', 9, 0, 0),
(1517, '445', '8', 'Villambistia', 9, 0, 0),
(1518, '446', '1', 'Villamedianilla', 9, 0, 0),
(1519, '447', '7', 'Villamiel de la Sierra', 9, 0, 0),
(1520, '448', '3', 'Villangómez', 9, 0, 0),
(1521, '449', '6', 'Villanueva de Argaño', 9, 0, 0),
(1522, '450', '9', 'Villanueva de Carazo', 9, 0, 0),
(1523, '451', '6', 'Villanueva de Gumiel', 9, 0, 0),
(1524, '454', '2', 'Villanueva de Teba', 9, 0, 0),
(1525, '455', '5', 'Villaquirán de la Puebla', 9, 0, 0),
(1526, '456', '8', 'Villaquirán de los Infantes', 9, 0, 0),
(1527, '903', '3', 'Villarcayo de Merindad de Castilla la Vieja', 9, 0, 0),
(1528, '458', '0', 'Villariezo', 9, 0, 0),
(1529, '460', '7', 'Villasandino', 9, 0, 0),
(1530, '463', '5', 'Villasur de Herreros', 9, 0, 0),
(1531, '464', '0', 'Villatuelda', 9, 0, 0),
(1532, '466', '6', 'Villaverde del Monte', 9, 0, 0),
(1533, '467', '2', 'Villaverde-Mogina', 9, 0, 0),
(1534, '471', '2', 'Villayerno Morquillas', 9, 0, 0),
(1535, '472', '7', 'Villazopeque', 9, 0, 0),
(1536, '473', '3', 'Villegas', 9, 0, 0),
(1537, '476', '4', 'Villoruebo', 9, 0, 0),
(1538, '424', '9', 'Viloria de Rioja', 9, 0, 0),
(1539, '425', '2', 'Vilviestre del Pinar', 9, 0, 0),
(1540, '478', '6', 'Vizcaínos', 9, 0, 0),
(1541, '480', '3', 'Zael', 9, 0, 0),
(1542, '482', '5', 'Zarzosa de Río Pisuerga', 9, 0, 0),
(1543, '483', '1', 'Zazuar', 9, 0, 0),
(1544, '485', '9', 'Zuñeda', 9, 0, 0),
(1545, '1', '5', 'Abadía', 10, 0, 0),
(1546, '2', '0', 'Abertura', 10, 0, 0),
(1547, '3', '6', 'Acebo', 10, 0, 0),
(1548, '4', '1', 'Acehúche', 10, 0, 0),
(1549, '5', '4', 'Aceituna', 10, 0, 0),
(1550, '6', '7', 'Ahigal', 10, 0, 0),
(1551, '903', '7', 'Alagón del Río', 10, 0, 0),
(1552, '7', '3', 'Albalá', 10, 0, 0),
(1553, '8', '9', 'Alcántara', 10, 0, 0),
(1554, '9', '2', 'Alcollarín', 10, 0, 0),
(1555, '10', '6', 'Alcuéscar', 10, 0, 0),
(1556, '12', '8', 'Aldea del Cano', 10, 0, 0),
(1557, '13', '4', 'Aldea del Obispo, La', 10, 0, 0),
(1558, '11', '3', 'Aldeacentenera', 10, 0, 0),
(1559, '14', '9', 'Aldeanueva de la Vera', 10, 0, 0),
(1560, '15', '2', 'Aldeanueva del Camino', 10, 0, 0),
(1561, '16', '5', 'Aldehuela de Jerte', 10, 0, 0),
(1562, '17', '1', 'Alía', 10, 0, 0),
(1563, '18', '7', 'Aliseda', 10, 0, 0),
(1564, '19', '0', 'Almaraz', 10, 0, 0),
(1565, '20', '4', 'Almoharín', 10, 0, 0),
(1566, '21', '1', 'Arroyo de la Luz', 10, 0, 0),
(1567, '23', '2', 'Arroyomolinos', 10, 0, 0),
(1568, '22', '6', 'Arroyomolinos de la Vera', 10, 0, 0),
(1569, '24', '7', 'Baños de Montemayor', 10, 0, 0),
(1570, '25', '0', 'Barrado', 10, 0, 0),
(1571, '26', '3', 'Belvís de Monroy', 10, 0, 0),
(1572, '27', '9', 'Benquerencia', 10, 0, 0),
(1573, '28', '5', 'Berrocalejo', 10, 0, 0),
(1574, '29', '8', 'Berzocana', 10, 0, 0),
(1575, '30', '2', 'Bohonal de Ibor', 10, 0, 0),
(1576, '31', '9', 'Botija', 10, 0, 0),
(1577, '32', '4', 'Brozas', 10, 0, 0),
(1578, '33', '0', 'Cabañas del Castillo', 10, 0, 0),
(1579, '34', '5', 'Cabezabellosa', 10, 0, 0),
(1580, '35', '8', 'Cabezuela del Valle', 10, 0, 0),
(1581, '36', '1', 'Cabrero', 10, 0, 0),
(1582, '37', '7', 'Cáceres', 10, 0, 0),
(1583, '38', '3', 'Cachorrilla', 10, 0, 0),
(1584, '39', '6', 'Cadalso', 10, 0, 0),
(1585, '40', '0', 'Calzadilla', 10, 0, 0),
(1586, '41', '7', 'Caminomorisco', 10, 0, 0),
(1587, '42', '2', 'Campillo de Deleitosa', 10, 0, 0),
(1588, '43', '8', 'Campo Lugar', 10, 0, 0),
(1589, '44', '3', 'Cañamero', 10, 0, 0),
(1590, '45', '6', 'Cañaveral', 10, 0, 0),
(1591, '46', '9', 'Carbajo', 10, 0, 0),
(1592, '47', '5', 'Carcaboso', 10, 0, 0),
(1593, '48', '1', 'Carrascalejo', 10, 0, 0),
(1594, '49', '4', 'Casar de Cáceres', 10, 0, 0),
(1595, '50', '7', 'Casar de Palomero', 10, 0, 0),
(1596, '51', '4', 'Casares de las Hurdes', 10, 0, 0),
(1597, '52', '9', 'Casas de Don Antonio', 10, 0, 0),
(1598, '53', '5', 'Casas de Don Gómez', 10, 0, 0),
(1599, '56', '6', 'Casas de Millán', 10, 0, 0),
(1600, '57', '2', 'Casas de Miravete', 10, 0, 0),
(1601, '54', '0', 'Casas del Castañar', 10, 0, 0),
(1602, '55', '3', 'Casas del Monte', 10, 0, 0),
(1603, '58', '8', 'Casatejada', 10, 0, 0),
(1604, '59', '1', 'Casillas de Coria', 10, 0, 0),
(1605, '60', '5', 'Castañar de Ibor', 10, 0, 0),
(1606, '61', '2', 'Ceclavín', 10, 0, 0),
(1607, '62', '7', 'Cedillo', 10, 0, 0),
(1608, '63', '3', 'Cerezo', 10, 0, 0),
(1609, '64', '8', 'Cilleros', 10, 0, 0),
(1610, '65', '1', 'Collado de la Vera', 10, 0, 0),
(1611, '66', '4', 'Conquista de la Sierra', 10, 0, 0),
(1612, '67', '0', 'Coria', 10, 0, 0),
(1613, '68', '6', 'Cuacos de Yuste', 10, 0, 0),
(1614, '69', '9', 'Cumbre, La', 10, 0, 0),
(1615, '70', '3', 'Deleitosa', 10, 0, 0),
(1616, '71', '0', 'Descargamaría', 10, 0, 0),
(1617, '72', '5', 'Eljas', 10, 0, 0),
(1618, '73', '1', 'Escurial', 10, 0, 0),
(1619, '75', '9', 'Fresnedoso de Ibor', 10, 0, 0),
(1620, '76', '2', 'Galisteo', 10, 0, 0),
(1621, '77', '8', 'Garciaz', 10, 0, 0),
(1622, '79', '7', 'Garganta la Olla', 10, 0, 0),
(1623, '78', '4', 'Garganta, La', 10, 0, 0),
(1624, '80', '1', 'Gargantilla', 10, 0, 0),
(1625, '81', '8', 'Gargüera', 10, 0, 0),
(1626, '82', '3', 'Garrovillas de Alconétar', 10, 0, 0),
(1627, '83', '9', 'Garvín', 10, 0, 0),
(1628, '84', '4', 'Gata', 10, 0, 0),
(1629, '85', '7', 'Gordo, El', 10, 0, 0),
(1630, '86', '0', 'Granja, La', 10, 0, 0),
(1631, '87', '6', 'Guadalupe', 10, 0, 0),
(1632, '88', '2', 'Guijo de Coria', 10, 0, 0),
(1633, '89', '5', 'Guijo de Galisteo', 10, 0, 0),
(1634, '90', '9', 'Guijo de Granadilla', 10, 0, 0),
(1635, '91', '6', 'Guijo de Santa Bárbara', 10, 0, 0),
(1636, '92', '1', 'Herguijuela', 10, 0, 0),
(1637, '93', '7', 'Hernán-Pérez', 10, 0, 0),
(1638, '94', '2', 'Herrera de Alcántara', 10, 0, 0),
(1639, '95', '5', 'Herreruela', 10, 0, 0),
(1640, '96', '8', 'Hervás', 10, 0, 0),
(1641, '97', '4', 'Higuera', 10, 0, 0),
(1642, '98', '0', 'Hinojal', 10, 0, 0),
(1643, '99', '3', 'Holguera', 10, 0, 0),
(1644, '100', '7', 'Hoyos', 10, 0, 0),
(1645, '101', '4', 'Huélaga', 10, 0, 0),
(1646, '102', '9', 'Ibahernando', 10, 0, 0),
(1647, '103', '5', 'Jaraicejo', 10, 0, 0),
(1648, '104', '0', 'Jaraíz de la Vera', 10, 0, 0),
(1649, '105', '3', 'Jarandilla de la Vera', 10, 0, 0),
(1650, '106', '6', 'Jarilla', 10, 0, 0),
(1651, '107', '2', 'Jerte', 10, 0, 0),
(1652, '108', '8', 'Ladrillar', 10, 0, 0),
(1653, '109', '1', 'Logrosán', 10, 0, 0),
(1654, '110', '5', 'Losar de la Vera', 10, 0, 0),
(1655, '111', '2', 'Madrigal de la Vera', 10, 0, 0),
(1656, '112', '7', 'Madrigalejo', 10, 0, 0),
(1657, '113', '3', 'Madroñera', 10, 0, 0),
(1658, '114', '8', 'Majadas', 10, 0, 0),
(1659, '115', '1', 'Malpartida de Cáceres', 10, 0, 0),
(1660, '116', '4', 'Malpartida de Plasencia', 10, 0, 0),
(1661, '117', '0', 'Marchagaz', 10, 0, 0),
(1662, '118', '6', 'Mata de Alcántara', 10, 0, 0),
(1663, '119', '9', 'Membrío', 10, 0, 0),
(1664, '120', '3', 'Mesas de Ibor', 10, 0, 0),
(1665, '121', '0', 'Miajadas', 10, 0, 0),
(1666, '122', '5', 'Millanes', 10, 0, 0),
(1667, '123', '1', 'Mirabel', 10, 0, 0),
(1668, '124', '6', 'Mohedas de Granadilla', 10, 0, 0),
(1669, '125', '9', 'Monroy', 10, 0, 0),
(1670, '126', '2', 'Montánchez', 10, 0, 0),
(1671, '127', '8', 'Montehermoso', 10, 0, 0),
(1672, '128', '4', 'Moraleja', 10, 0, 0),
(1673, '129', '7', 'Morcillo', 10, 0, 0),
(1674, '130', '1', 'Navaconcejo', 10, 0, 0),
(1675, '131', '8', 'Navalmoral de la Mata', 10, 0, 0),
(1676, '132', '3', 'Navalvillar de Ibor', 10, 0, 0),
(1677, '133', '9', 'Navas del Madroño', 10, 0, 0),
(1678, '134', '4', 'Navezuelas', 10, 0, 0),
(1679, '135', '7', 'Nuñomoral', 10, 0, 0),
(1680, '136', '0', 'Oliva de Plasencia', 10, 0, 0),
(1681, '137', '6', 'Palomero', 10, 0, 0),
(1682, '138', '2', 'Pasarón de la Vera', 10, 0, 0),
(1683, '139', '5', 'Pedroso de Acim', 10, 0, 0),
(1684, '140', '9', 'Peraleda de la Mata', 10, 0, 0),
(1685, '141', '6', 'Peraleda de San Román', 10, 0, 0),
(1686, '142', '1', 'Perales del Puerto', 10, 0, 0),
(1687, '143', '7', 'Pescueza', 10, 0, 0),
(1688, '144', '2', 'Pesga, La', 10, 0, 0),
(1689, '145', '5', 'Piedras Albas', 10, 0, 0),
(1690, '146', '8', 'Pinofranqueado', 10, 0, 0),
(1691, '147', '4', 'Piornal', 10, 0, 0),
(1692, '148', '0', 'Plasencia', 10, 0, 0),
(1693, '149', '3', 'Plasenzuela', 10, 0, 0),
(1694, '150', '6', 'Portaje', 10, 0, 0),
(1695, '151', '3', 'Portezuelo', 10, 0, 0),
(1696, '152', '8', 'Pozuelo de Zarzón', 10, 0, 0),
(1697, '905', '5', 'Pueblonuevo de Miramontes', 10, 0, 0),
(1698, '153', '4', 'Puerto de Santa Cruz', 10, 0, 0),
(1699, '154', '9', 'Rebollar', 10, 0, 0),
(1700, '155', '2', 'Riolobos', 10, 0, 0),
(1701, '156', '5', 'Robledillo de Gata', 10, 0, 0),
(1702, '157', '1', 'Robledillo de la Vera', 10, 0, 0),
(1703, '158', '7', 'Robledillo de Trujillo', 10, 0, 0),
(1704, '159', '0', 'Robledollano', 10, 0, 0),
(1705, '160', '4', 'Romangordo', 10, 0, 0),
(1706, '901', '6', 'Rosalejo', 10, 0, 0),
(1707, '161', '1', 'Ruanes', 10, 0, 0),
(1708, '162', '6', 'Salorino', 10, 0, 0),
(1709, '163', '2', 'Salvatierra de Santiago', 10, 0, 0),
(1710, '164', '7', 'San Martín de Trevejo', 10, 0, 0),
(1711, '165', '0', 'Santa Ana', 10, 0, 0),
(1712, '166', '3', 'Santa Cruz de la Sierra', 10, 0, 0),
(1713, '167', '9', 'Santa Cruz de Paniagua', 10, 0, 0),
(1714, '168', '5', 'Santa Marta de Magasca', 10, 0, 0),
(1715, '169', '8', 'Santiago de Alcántara', 10, 0, 0),
(1716, '170', '2', 'Santiago del Campo', 10, 0, 0),
(1717, '171', '9', 'Santibáñez el Alto', 10, 0, 0),
(1718, '172', '4', 'Santibáñez el Bajo', 10, 0, 0),
(1719, '173', '0', 'Saucedilla', 10, 0, 0),
(1720, '174', '5', 'Segura de Toro', 10, 0, 0),
(1721, '175', '8', 'Serradilla', 10, 0, 0),
(1722, '176', '1', 'Serrejón', 10, 0, 0),
(1723, '177', '7', 'Sierra de Fuentes', 10, 0, 0),
(1724, '178', '3', 'Talaván', 10, 0, 0),
(1725, '179', '6', 'Talaveruela de la Vera', 10, 0, 0),
(1726, '180', '0', 'Talayuela', 10, 0, 0),
(1727, '181', '7', 'Tejeda de Tiétar', 10, 0, 0),
(1728, '904', '2', 'Tiétar', 10, 0, 0),
(1729, '182', '2', 'Toril', 10, 0, 0),
(1730, '183', '8', 'Tornavacas', 10, 0, 0),
(1731, '184', '3', 'Torno, El', 10, 0, 0),
(1732, '187', '5', 'Torre de Don Miguel', 10, 0, 0),
(1733, '188', '1', 'Torre de Santa María', 10, 0, 0),
(1734, '185', '6', 'Torrecilla de los Ángeles', 10, 0, 0),
(1735, '186', '9', 'Torrecillas de la Tiesa', 10, 0, 0),
(1736, '190', '8', 'Torrejón el Rubio', 10, 0, 0),
(1737, '189', '4', 'Torrejoncillo', 10, 0, 0),
(1738, '191', '5', 'Torremenga', 10, 0, 0),
(1739, '192', '0', 'Torremocha', 10, 0, 0),
(1740, '193', '6', 'Torreorgaz', 10, 0, 0),
(1741, '194', '1', 'Torrequemada', 10, 0, 0),
(1742, '195', '4', 'Trujillo', 10, 0, 0),
(1743, '196', '7', 'Valdastillas', 10, 0, 0),
(1744, '197', '3', 'Valdecañas de Tajo', 10, 0, 0),
(1745, '198', '9', 'Valdefuentes', 10, 0, 0),
(1746, '199', '2', 'Valdehúncar', 10, 0, 0),
(1747, '200', '6', 'Valdelacasa de Tajo', 10, 0, 0),
(1748, '201', '3', 'Valdemorales', 10, 0, 0),
(1749, '202', '8', 'Valdeobispo', 10, 0, 0),
(1750, '203', '4', 'Valencia de Alcántara', 10, 0, 0),
(1751, '204', '9', 'Valverde de la Vera', 10, 0, 0),
(1752, '205', '2', 'Valverde del Fresno', 10, 0, 0),
(1753, '902', '1', 'Vegaviana', 10, 0, 0),
(1754, '206', '5', 'Viandar de la Vera', 10, 0, 0),
(1755, '207', '1', 'Villa del Campo', 10, 0, 0),
(1756, '208', '7', 'Villa del Rey', 10, 0, 0),
(1757, '209', '0', 'Villamesías', 10, 0, 0),
(1758, '210', '4', 'Villamiel', 10, 0, 0),
(1759, '211', '1', 'Villanueva de la Sierra', 10, 0, 0),
(1760, '212', '6', 'Villanueva de la Vera', 10, 0, 0),
(1761, '214', '7', 'Villar de Plasencia', 10, 0, 0),
(1762, '213', '2', 'Villar del Pedroso', 10, 0, 0),
(1763, '215', '0', 'Villasbuenas de Gata', 10, 0, 0),
(1764, '216', '3', 'Zarza de Granadilla', 10, 0, 0),
(1765, '217', '9', 'Zarza de Montánchez', 10, 0, 0),
(1766, '218', '5', 'Zarza la Mayor', 10, 0, 0),
(1767, '219', '8', 'Zorita', 10, 0, 0),
(1768, '1', '2', 'Alcalá de los Gazules', 11, 1, 0),
(1769, '2', '7', 'Alcalá del Valle', 11, 1, 0),
(1770, '3', '3', 'Algar', 11, 1, 0),
(1771, '4', '8', 'Algeciras', 11, 1, 0),
(1772, '5', '1', 'Algodonales', 11, 1, 0),
(1773, '6', '4', 'Arcos de la Frontera', 11, 1, 0),
(1774, '7', '0', 'Barbate', 11, 1, 0),
(1775, '8', '6', 'Barrios, Los', 11, 1, 0),
(1776, '901', '3', 'Benalup-Casas Viejas', 11, 1, 0),
(1777, '9', '9', 'Benaocaz', 11, 1, 0),
(1778, '10', '3', 'Bornos', 11, 1, 0),
(1779, '11', '0', 'Bosque, El', 11, 1, 0),
(1780, '12', '5', 'Cádiz', 11, 1, 0),
(1781, '13', '1', 'Castellar de la Frontera', 11, 1, 0),
(1782, '15', '9', 'Chiclana de la Frontera', 11, 1, 0),
(1783, '16', '2', 'Chipiona', 11, 1, 0),
(1784, '14', '6', 'Conil de la Frontera', 11, 1, 0),
(1785, '17', '8', 'Espera', 11, 1, 0),
(1786, '18', '4', 'Gastor, El', 11, 1, 0),
(1787, '19', '7', 'Grazalema', 11, 1, 0),
(1788, '20', '1', 'Jerez de la Frontera', 11, 1, 0),
(1789, '21', '8', 'Jimena de la Frontera', 11, 1, 0),
(1790, '22', '3', 'Línea de la Concepción, La', 11, 1, 0),
(1791, '23', '9', 'Medina-Sidonia', 11, 1, 0),
(1792, '24', '4', 'Olvera', 11, 1, 0),
(1793, '25', '7', 'Paterna de Rivera', 11, 1, 0),
(1794, '26', '0', 'Prado del Rey', 11, 1, 0),
(1795, '27', '6', 'Puerto de Santa María, El', 11, 1, 0),
(1796, '28', '2', 'Puerto Real', 11, 1, 0),
(1797, '29', '5', 'Puerto Serrano', 11, 1, 0),
(1798, '30', '9', 'Rota', 11, 1, 0),
(1799, '31', '6', 'San Fernando', 11, 1, 0),
(1800, '902', '8', 'San José del Valle', 11, 1, 0),
(1801, '33', '7', 'San Roque', 11, 1, 0),
(1802, '32', '1', 'Sanlúcar de Barrameda', 11, 1, 0),
(1803, '34', '2', 'Setenil de las Bodegas', 11, 1, 0),
(1804, '35', '5', 'Tarifa', 11, 1, 0),
(1805, '36', '8', 'Torre Alháquime', 11, 1, 0),
(1806, '37', '4', 'Trebujena', 11, 1, 0),
(1807, '38', '0', 'Ubrique', 11, 1, 0),
(1808, '39', '3', 'Vejer de la Frontera', 11, 1, 0),
(1809, '40', '7', 'Villaluenga del Rosario', 11, 1, 0),
(1810, '41', '4', 'Villamartín', 11, 1, 0),
(1811, '42', '9', 'Zahara', 11, 1, 0),
(1812, '2', '2', 'Aín', 12, 0, 0),
(1813, '3', '8', 'Albocàsser', 12, 0, 0),
(1814, '4', '3', 'Alcalà de Xivert', 12, 0, 0),
(1815, '5', '6', 'Alcora, l''', 12, 0, 0),
(1816, '6', '9', 'Alcudia de Veo', 12, 0, 0),
(1817, '7', '5', 'Alfondeguilla', 12, 0, 0),
(1818, '8', '1', 'Algimia de Almonacid', 12, 0, 0),
(1819, '9', '4', 'Almazora/Almassora', 12, 0, 0),
(1820, '10', '8', 'Almedíjar', 12, 0, 0),
(1821, '11', '5', 'Almenara', 12, 0, 0),
(1822, '901', '8', 'Alqueries, les/Alquerías del Niño Perdido', 12, 0, 0),
(1823, '12', '0', 'Altura', 12, 0, 0),
(1824, '13', '6', 'Arañuel', 12, 0, 0),
(1825, '14', '1', 'Ares del Maestrat', 12, 0, 0),
(1826, '15', '4', 'Argelita', 12, 0, 0),
(1827, '16', '7', 'Artana', 12, 0, 0),
(1828, '1', '7', 'Atzeneta del Maestrat', 12, 0, 0),
(1829, '17', '3', 'Ayódar', 12, 0, 0),
(1830, '18', '9', 'Azuébar', 12, 0, 0),
(1831, '20', '6', 'Barracas', 12, 0, 0),
(1832, '22', '8', 'Bejís', 12, 0, 0),
(1833, '24', '9', 'Benafer', 12, 0, 0),
(1834, '25', '2', 'Benafigos', 12, 0, 0),
(1835, '26', '5', 'Benassal', 12, 0, 0),
(1836, '27', '1', 'Benicarló', 12, 0, 0),
(1837, '28', '7', 'Benicasim/Benicàssim', 12, 0, 0),
(1838, '29', '0', 'Benlloch', 12, 0, 0),
(1839, '21', '3', 'Betxí', 12, 0, 0),
(1840, '32', '6', 'Borriana/Burriana', 12, 0, 0),
(1841, '31', '1', 'Borriol', 12, 0, 0),
(1842, '33', '2', 'Cabanes', 12, 0, 0),
(1843, '34', '7', 'Càlig', 12, 0, 0),
(1844, '36', '3', 'Canet lo Roig', 12, 0, 0),
(1845, '37', '9', 'Castell de Cabres', 12, 0, 0),
(1846, '38', '5', 'Castellfort', 12, 0, 0),
(1847, '39', '8', 'Castellnovo', 12, 0, 0),
(1848, '40', '2', 'Castellón de la Plana/Castelló de la Plana', 12, 0, 0),
(1849, '41', '9', 'Castillo de Villamalefa', 12, 0, 0),
(1850, '42', '4', 'Catí', 12, 0, 0),
(1851, '43', '0', 'Caudiel', 12, 0, 0),
(1852, '44', '5', 'Cervera del Maestre', 12, 0, 0),
(1853, '53', '7', 'Chilches/Xilxes', 12, 0, 0),
(1854, '55', '5', 'Chodos/Xodos', 12, 0, 0),
(1855, '56', '8', 'Chóvar', 12, 0, 0),
(1856, '45', '8', 'Cinctorres', 12, 0, 0),
(1857, '46', '1', 'Cirat', 12, 0, 0),
(1858, '48', '3', 'Cortes de Arenoso', 12, 0, 0),
(1859, '49', '6', 'Costur', 12, 0, 0),
(1860, '50', '9', 'Coves de Vinromà, les', 12, 0, 0),
(1861, '51', '6', 'Culla', 12, 0, 0),
(1862, '57', '4', 'Eslida', 12, 0, 0),
(1863, '58', '0', 'Espadilla', 12, 0, 0),
(1864, '59', '3', 'Fanzara', 12, 0, 0),
(1865, '60', '7', 'Figueroles', 12, 0, 0),
(1866, '61', '4', 'Forcall', 12, 0, 0),
(1867, '63', '5', 'Fuente la Reina', 12, 0, 0),
(1868, '64', '0', 'Fuentes de Ayódar', 12, 0, 0),
(1869, '65', '3', 'Gaibiel', 12, 0, 0),
(1870, '67', '2', 'Geldo', 12, 0, 0),
(1871, '68', '8', 'Herbés', 12, 0, 0),
(1872, '69', '1', 'Higueras', 12, 0, 0),
(1873, '70', '5', 'Jana, la', 12, 0, 0),
(1874, '71', '2', 'Jérica', 12, 0, 0),
(1875, '74', '8', 'Llosa, la', 12, 0, 0),
(1876, '72', '7', 'Llucena/Lucena del Cid', 12, 0, 0),
(1877, '73', '3', 'Ludiente', 12, 0, 0),
(1878, '75', '1', 'Mata de Morella, la', 12, 0, 0),
(1879, '76', '4', 'Matet', 12, 0, 0),
(1880, '77', '0', 'Moncofa', 12, 0, 0),
(1881, '78', '6', 'Montán', 12, 0, 0),
(1882, '79', '9', 'Montanejos', 12, 0, 0),
(1883, '80', '3', 'Morella', 12, 0, 0),
(1884, '81', '0', 'Navajas', 12, 0, 0),
(1885, '82', '5', 'Nules', 12, 0, 0),
(1886, '83', '1', 'Olocau del Rey', 12, 0, 0),
(1887, '84', '6', 'Onda', 12, 0, 0),
(1888, '85', '9', 'Oropesa del Mar/Orpesa', 12, 0, 0),
(1889, '87', '8', 'Palanques', 12, 0, 0),
(1890, '88', '4', 'Pavías', 12, 0, 0),
(1891, '89', '7', 'Peníscola/Peñíscola', 12, 0, 0),
(1892, '90', '1', 'Pina de Montalgrao', 12, 0, 0),
(1893, '93', '9', 'Pobla de Benifassà, la', 12, 0, 0),
(1894, '94', '4', 'Pobla Tornesa, la', 12, 0, 0),
(1895, '91', '8', 'Portell de Morella', 12, 0, 0),
(1896, '92', '3', 'Puebla de Arenoso', 12, 0, 0),
(1897, '95', '7', 'Ribesalbes', 12, 0, 0),
(1898, '96', '0', 'Rossell', 12, 0, 0),
(1899, '97', '6', 'Sacañet', 12, 0, 0),
(1900, '98', '2', 'Salzadella, la', 12, 0, 0),
(1901, '101', '6', 'San Rafael del Río', 12, 0, 0),
(1902, '902', '3', 'Sant Joan de Moró', 12, 0, 0),
(1903, '99', '5', 'Sant Jordi/San Jorge', 12, 0, 0),
(1904, '100', '9', 'Sant Mateu', 12, 0, 0),
(1905, '102', '1', 'Santa Magdalena de Pulpis', 12, 0, 0),
(1906, '104', '2', 'Segorbe', 12, 0, 0),
(1907, '103', '7', 'Serratella, la', 12, 0, 0),
(1908, '105', '5', 'Sierra Engarcerán', 12, 0, 0),
(1909, '106', '8', 'Soneja', 12, 0, 0),
(1910, '107', '4', 'Sot de Ferrer', 12, 0, 0),
(1911, '108', '0', 'Sueras/Suera', 12, 0, 0),
(1912, '109', '3', 'Tales', 12, 0, 0),
(1913, '110', '7', 'Teresa', 12, 0, 0),
(1914, '111', '4', 'Tírig', 12, 0, 0),
(1915, '112', '9', 'Todolella', 12, 0, 0),
(1916, '113', '5', 'Toga', 12, 0, 0),
(1917, '114', '0', 'Torás', 12, 0, 0),
(1918, '115', '3', 'Toro, El', 12, 0, 0),
(1919, '116', '6', 'Torralba del Pinar', 12, 0, 0),
(1920, '119', '1', 'Torre d''En Besora, la', 12, 0, 0),
(1921, '120', '5', 'Torre d''en Doménec, la', 12, 0, 0),
(1922, '117', '2', 'Torreblanca', 12, 0, 0),
(1923, '118', '8', 'Torrechiva', 12, 0, 0),
(1924, '121', '2', 'Traiguera', 12, 0, 0),
(1925, '122', '7', 'Useras/Useres, les', 12, 0, 0),
(1926, '124', '8', 'Vall d''Alba', 12, 0, 0),
(1927, '125', '1', 'Vall de Almonacid', 12, 0, 0),
(1928, '126', '4', 'Vall d''Uixó, la', 12, 0, 0),
(1929, '123', '3', 'Vallat', 12, 0, 0),
(1930, '127', '0', 'Vallibona', 12, 0, 0),
(1931, '128', '6', 'Vilafamés', 12, 0, 0),
(1932, '132', '5', 'Vilanova d''Alcolea', 12, 0, 0),
(1933, '134', '6', 'Vilar de Canes', 12, 0, 0),
(1934, '135', '9', 'Vila-real', 12, 0, 0),
(1935, '136', '2', 'Vilavella, la', 12, 0, 0),
(1936, '129', '9', 'Villafranca del Cid/Vilafranca', 12, 0, 0),
(1937, '130', '3', 'Villahermosa del Río', 12, 0, 0),
(1938, '131', '0', 'Villamalur', 12, 0, 0),
(1939, '133', '1', 'Villanueva de Viver', 12, 0, 0),
(1940, '137', '8', 'Villores', 12, 0, 0),
(1941, '138', '4', 'Vinaròs', 12, 0, 0),
(1942, '139', '7', 'Vistabella del Maestrat', 12, 0, 0),
(1943, '140', '1', 'Viver', 12, 0, 0),
(1944, '52', '1', 'Xert', 12, 0, 0),
(1945, '141', '8', 'Zorita del Maestrazgo', 12, 0, 0),
(1946, '142', '3', 'Zucaina', 12, 0, 0),
(1947, '1', '3', 'Abenójar', 13, 0, 0),
(1948, '2', '8', 'Agudo', 13, 0, 0),
(1949, '3', '4', 'Alamillo', 13, 0, 0),
(1950, '4', '9', 'Albaladejo', 13, 0, 0),
(1951, '5', '2', 'Alcázar de San Juan', 13, 0, 0),
(1952, '6', '5', 'Alcoba', 13, 0, 0),
(1953, '7', '1', 'Alcolea de Calatrava', 13, 0, 0),
(1954, '8', '7', 'Alcubillas', 13, 0, 0),
(1955, '9', '0', 'Aldea del Rey', 13, 0, 0),
(1956, '10', '4', 'Alhambra', 13, 0, 0),
(1957, '11', '1', 'Almadén', 13, 0, 0),
(1958, '12', '6', 'Almadenejos', 13, 0, 0),
(1959, '13', '2', 'Almagro', 13, 0, 0),
(1960, '14', '7', 'Almedina', 13, 0, 0),
(1961, '15', '0', 'Almodóvar del Campo', 13, 0, 0),
(1962, '16', '3', 'Almuradiel', 13, 0, 0),
(1963, '17', '9', 'Anchuras', 13, 0, 0),
(1964, '903', '5', 'Arenales de San Gregorio', 13, 0, 0),
(1965, '18', '5', 'Arenas de San Juan', 13, 0, 0),
(1966, '19', '8', 'Argamasilla de Alba', 13, 0, 0),
(1967, '20', '2', 'Argamasilla de Calatrava', 13, 0, 0),
(1968, '21', '9', 'Arroba de los Montes', 13, 0, 0),
(1969, '22', '4', 'Ballesteros de Calatrava', 13, 0, 0),
(1970, '23', '0', 'Bolaños de Calatrava', 13, 0, 0),
(1971, '24', '5', 'Brazatortas', 13, 0, 0),
(1972, '25', '8', 'Cabezarados', 13, 0, 0),
(1973, '26', '1', 'Cabezarrubias del Puerto', 13, 0, 0),
(1974, '27', '7', 'Calzada de Calatrava', 13, 0, 0),
(1975, '28', '3', 'Campo de Criptana', 13, 0, 0),
(1976, '29', '6', 'Cañada de Calatrava', 13, 0, 0),
(1977, '30', '0', 'Caracuel de Calatrava', 13, 0, 0),
(1978, '31', '7', 'Carrión de Calatrava', 13, 0, 0),
(1979, '32', '2', 'Carrizosa', 13, 0, 0),
(1980, '33', '8', 'Castellar de Santiago', 13, 0, 0),
(1981, '38', '1', 'Chillón', 13, 0, 0),
(1982, '34', '3', 'Ciudad Real', 13, 0, 0),
(1983, '35', '6', 'Corral de Calatrava', 13, 0, 0),
(1984, '36', '9', 'Cortijos, Los', 13, 0, 0),
(1985, '37', '5', 'Cózar', 13, 0, 0),
(1986, '39', '4', 'Daimiel', 13, 0, 0),
(1987, '40', '8', 'Fernán Caballero', 13, 0, 0),
(1988, '41', '5', 'Fontanarejo', 13, 0, 0),
(1989, '42', '0', 'Fuencaliente', 13, 0, 0),
(1990, '43', '6', 'Fuenllana', 13, 0, 0),
(1991, '44', '1', 'Fuente el Fresno', 13, 0, 0),
(1992, '45', '4', 'Granátula de Calatrava', 13, 0, 0),
(1993, '46', '7', 'Guadalmez', 13, 0, 0),
(1994, '47', '3', 'Herencia', 13, 0, 0),
(1995, '48', '9', 'Hinojosas de Calatrava', 13, 0, 0),
(1996, '49', '2', 'Horcajo de los Montes', 13, 0, 0),
(1997, '50', '5', 'Labores, Las', 13, 0, 0),
(1998, '904', '0', 'Llanos del Caudillo', 13, 0, 0),
(1999, '51', '2', 'Luciana', 13, 0, 0),
(2000, '52', '7', 'Malagón', 13, 0, 0),
(2001, '53', '3', 'Manzanares', 13, 0, 0),
(2002, '54', '8', 'Membrilla', 13, 0, 0),
(2003, '55', '1', 'Mestanza', 13, 0, 0),
(2004, '56', '4', 'Miguelturra', 13, 0, 0),
(2005, '57', '0', 'Montiel', 13, 0, 0),
(2006, '58', '6', 'Moral de Calatrava', 13, 0, 0),
(2007, '59', '9', 'Navalpino', 13, 0, 0),
(2008, '60', '3', 'Navas de Estena', 13, 0, 0),
(2009, '61', '0', 'Pedro Muñoz', 13, 0, 0),
(2010, '62', '5', 'Picón', 13, 0, 0),
(2011, '63', '1', 'Piedrabuena', 13, 0, 0),
(2012, '64', '6', 'Poblete', 13, 0, 0),
(2013, '65', '9', 'Porzuna', 13, 0, 0),
(2014, '66', '2', 'Pozuelo de Calatrava', 13, 0, 0),
(2015, '67', '8', 'Pozuelos de Calatrava, Los', 13, 0, 0),
(2016, '68', '4', 'Puebla de Don Rodrigo', 13, 0, 0),
(2017, '69', '7', 'Puebla del Príncipe', 13, 0, 0),
(2018, '70', '1', 'Puerto Lápice', 13, 0, 0),
(2019, '71', '8', 'Puertollano', 13, 0, 0),
(2020, '72', '3', 'Retuerta del Bullaque', 13, 0, 0),
(2021, '901', '4', 'Robledo, El', 13, 0, 0),
(2022, '902', '9', 'Ruidera', 13, 0, 0),
(2023, '73', '9', 'Saceruela', 13, 0, 0),
(2024, '74', '4', 'San Carlos del Valle', 13, 0, 0),
(2025, '75', '7', 'San Lorenzo de Calatrava', 13, 0, 0),
(2026, '76', '0', 'Santa Cruz de los Cáñamos', 13, 0, 0),
(2027, '77', '6', 'Santa Cruz de Mudela', 13, 0, 0),
(2028, '78', '2', 'Socuéllamos', 13, 0, 0),
(2029, '80', '9', 'Solana del Pino', 13, 0, 0),
(2030, '79', '5', 'Solana, La', 13, 0, 0),
(2031, '81', '6', 'Terrinches', 13, 0, 0),
(2032, '82', '1', 'Tomelloso', 13, 0, 0),
(2033, '83', '7', 'Torralba de Calatrava', 13, 0, 0),
(2034, '84', '2', 'Torre de Juan Abad', 13, 0, 0),
(2035, '85', '5', 'Torrenueva', 13, 0, 0),
(2036, '86', '8', 'Valdemanco del Esteras', 13, 0, 0),
(2037, '87', '4', 'Valdepeñas', 13, 0, 0),
(2038, '88', '0', 'Valenzuela de Calatrava', 13, 0, 0),
(2039, '89', '3', 'Villahermosa', 13, 0, 0),
(2040, '90', '7', 'Villamanrique', 13, 0, 0),
(2041, '91', '4', 'Villamayor de Calatrava', 13, 0, 0),
(2042, '92', '9', 'Villanueva de la Fuente', 13, 0, 0),
(2043, '93', '5', 'Villanueva de los Infantes', 13, 0, 0),
(2044, '94', '0', 'Villanueva de San Carlos', 13, 0, 0),
(2045, '95', '3', 'Villar del Pozo', 13, 0, 0),
(2046, '96', '6', 'Villarrubia de los Ojos', 13, 0, 0),
(2047, '97', '2', 'Villarta de San Juan', 13, 0, 0),
(2048, '98', '8', 'Viso del Marqués', 13, 0, 0),
(2049, '1', '8', 'Adamuz', 14, 0, 0),
(2050, '2', '3', 'Aguilar de la Frontera', 14, 0, 0),
(2051, '3', '9', 'Alcaracejos', 14, 0, 0),
(2052, '4', '4', 'Almedinilla', 14, 0, 0),
(2053, '5', '7', 'Almodóvar del Río', 14, 0, 0),
(2054, '6', '0', 'Añora', 14, 0, 0),
(2055, '7', '6', 'Baena', 14, 0, 0),
(2056, '8', '2', 'Belalcázar', 14, 0, 0),
(2057, '9', '5', 'Belmez', 14, 0, 0),
(2058, '10', '9', 'Benamejí', 14, 0, 0),
(2059, '11', '6', 'Blázquez, Los', 14, 0, 0),
(2060, '12', '1', 'Bujalance', 14, 0, 0),
(2061, '13', '7', 'Cabra', 14, 0, 0),
(2062, '14', '2', 'Cañete de las Torres', 14, 0, 0),
(2063, '15', '5', 'Carcabuey', 14, 0, 0),
(2064, '16', '8', 'Cardeña', 14, 0, 0),
(2065, '17', '4', 'Carlota, La', 14, 0, 0),
(2066, '18', '0', 'Carpio, El', 14, 0, 0),
(2067, '19', '3', 'Castro del Río', 14, 0, 0),
(2068, '20', '7', 'Conquista', 14, 0, 0),
(2069, '21', '4', 'Córdoba', 14, 0, 0),
(2070, '22', '9', 'Doña Mencía', 14, 0, 0),
(2071, '23', '5', 'Dos Torres', 14, 0, 0),
(2072, '24', '0', 'Encinas Reales', 14, 0, 0),
(2073, '25', '3', 'Espejo', 14, 0, 0),
(2074, '26', '6', 'Espiel', 14, 0, 0),
(2075, '27', '2', 'Fernán-Núñez', 14, 0, 0),
(2076, '28', '8', 'Fuente la Lancha', 14, 0, 0),
(2077, '29', '1', 'Fuente Obejuna', 14, 0, 0),
(2078, '30', '5', 'Fuente Palmera', 14, 0, 0),
(2079, '31', '2', 'Fuente-Tójar', 14, 0, 0),
(2080, '32', '7', 'Granjuela, La', 14, 0, 0),
(2081, '33', '3', 'Guadalcázar', 14, 0, 0),
(2082, '34', '8', 'Guijo, El', 14, 0, 0),
(2083, '35', '1', 'Hinojosa del Duque', 14, 0, 0),
(2084, '36', '4', 'Hornachuelos', 14, 0, 0),
(2085, '37', '0', 'Iznájar', 14, 0, 0),
(2086, '38', '6', 'Lucena', 14, 0, 0),
(2087, '39', '9', 'Luque', 14, 0, 0),
(2088, '40', '3', 'Montalbán de Córdoba', 14, 0, 0),
(2089, '41', '0', 'Montemayor', 14, 0, 0),
(2090, '42', '5', 'Montilla', 14, 0, 0),
(2091, '43', '1', 'Montoro', 14, 0, 0),
(2092, '44', '6', 'Monturque', 14, 0, 0),
(2093, '45', '9', 'Moriles', 14, 0, 0),
(2094, '46', '2', 'Nueva Carteya', 14, 0, 0),
(2095, '47', '8', 'Obejo', 14, 0, 0),
(2096, '48', '4', 'Palenciana', 14, 0, 0),
(2097, '49', '7', 'Palma del Río', 14, 0, 0),
(2098, '50', '0', 'Pedro Abad', 14, 0, 0),
(2099, '51', '7', 'Pedroche', 14, 0, 0),
(2100, '52', '2', 'Peñarroya-Pueblonuevo', 14, 0, 0),
(2101, '53', '8', 'Posadas', 14, 0, 0),
(2102, '54', '3', 'Pozoblanco', 14, 0, 0),
(2103, '55', '6', 'Priego de Córdoba', 14, 0, 0),
(2104, '56', '9', 'Puente Genil', 14, 0, 0),
(2105, '57', '5', 'Rambla, La', 14, 0, 0),
(2106, '58', '1', 'Rute', 14, 0, 0),
(2107, '59', '4', 'San Sebastián de los Ballesteros', 14, 0, 0),
(2108, '61', '5', 'Santa Eufemia', 14, 0, 0),
(2109, '60', '8', 'Santaella', 14, 0, 0),
(2110, '62', '0', 'Torrecampo', 14, 0, 0),
(2111, '63', '6', 'Valenzuela', 14, 0, 0),
(2112, '64', '1', 'Valsequillo', 14, 0, 0),
(2113, '65', '4', 'Victoria, La', 14, 0, 0),
(2114, '66', '7', 'Villa del Río', 14, 0, 0),
(2115, '67', '3', 'Villafranca de Córdoba', 14, 0, 0),
(2116, '68', '9', 'Villaharta', 14, 0, 0),
(2117, '69', '2', 'Villanueva de Córdoba', 14, 0, 0),
(2118, '70', '6', 'Villanueva del Duque', 14, 0, 0),
(2119, '71', '3', 'Villanueva del Rey', 14, 0, 0),
(2120, '72', '8', 'Villaralto', 14, 0, 0),
(2121, '73', '4', 'Villaviciosa de Córdoba', 14, 0, 0),
(2122, '74', '9', 'Viso, El', 14, 0, 0),
(2123, '75', '2', 'Zuheros', 14, 0, 0),
(2124, '1', '1', 'Abegondo', 15, 0, 0),
(2125, '2', '6', 'Ames', 15, 0, 0),
(2126, '3', '2', 'Aranga', 15, 0, 0),
(2127, '4', '7', 'Ares', 15, 0, 0),
(2128, '5', '0', 'Arteixo', 15, 0, 0),
(2129, '6', '3', 'Arzúa', 15, 0, 0),
(2130, '7', '9', 'Baña, A', 15, 0, 0),
(2131, '8', '5', 'Bergondo', 15, 0, 0),
(2132, '9', '8', 'Betanzos', 15, 0, 0),
(2133, '10', '2', 'Boimorto', 15, 0, 0),
(2134, '11', '9', 'Boiro', 15, 0, 0),
(2135, '12', '4', 'Boqueixón', 15, 0, 0),
(2136, '13', '0', 'Brión', 15, 0, 0),
(2137, '14', '5', 'Cabana de Bergantiños', 15, 0, 0),
(2138, '15', '8', 'Cabanas', 15, 0, 0),
(2139, '16', '1', 'Camariñas', 15, 0, 0),
(2140, '17', '7', 'Cambre', 15, 0, 0),
(2141, '18', '3', 'Capela, A', 15, 0, 0),
(2142, '19', '6', 'Carballo', 15, 0, 0),
(2143, '901', '2', 'Cariño', 15, 0, 0),
(2144, '20', '0', 'Carnota', 15, 0, 0),
(2145, '21', '7', 'Carral', 15, 0, 0),
(2146, '22', '2', 'Cedeira', 15, 0, 0),
(2147, '23', '8', 'Cee', 15, 0, 0),
(2148, '24', '3', 'Cerceda', 15, 0, 0),
(2149, '25', '6', 'Cerdido', 15, 0, 0),
(2150, '27', '5', 'Coirós', 15, 0, 0),
(2151, '28', '1', 'Corcubión', 15, 0, 0),
(2152, '29', '4', 'Coristanco', 15, 0, 0),
(2153, '30', '8', 'Coruña, A', 15, 0, 0),
(2154, '31', '5', 'Culleredo', 15, 0, 0),
(2155, '32', '0', 'Curtis', 15, 0, 0),
(2156, '33', '6', 'Dodro', 15, 0, 0),
(2157, '34', '1', 'Dumbría', 15, 0, 0),
(2158, '35', '4', 'Fene', 15, 0, 0),
(2159, '36', '7', 'Ferrol', 15, 0, 0),
(2160, '37', '3', 'Fisterra', 15, 0, 0),
(2161, '38', '9', 'Frades', 15, 0, 0),
(2162, '39', '2', 'Irixoa', 15, 0, 0),
(2163, '41', '3', 'Laracha, A', 15, 0, 0),
(2164, '40', '6', 'Laxe', 15, 0, 0),
(2165, '42', '8', 'Lousame', 15, 0, 0),
(2166, '43', '4', 'Malpica de Bergantiños', 15, 0, 0),
(2167, '44', '9', 'Mañón', 15, 0, 0),
(2168, '45', '2', 'Mazaricos', 15, 0, 0),
(2169, '46', '5', 'Melide', 15, 0, 0),
(2170, '47', '1', 'Mesía', 15, 0, 0),
(2171, '48', '7', 'Miño', 15, 0, 0),
(2172, '49', '0', 'Moeche', 15, 0, 0),
(2173, '50', '3', 'Monfero', 15, 0, 0),
(2174, '51', '0', 'Mugardos', 15, 0, 0),
(2175, '53', '1', 'Muros', 15, 0, 0),
(2176, '52', '5', 'Muxía', 15, 0, 0),
(2177, '54', '6', 'Narón', 15, 0, 0),
(2178, '55', '9', 'Neda', 15, 0, 0),
(2179, '56', '2', 'Negreira', 15, 0, 0),
(2180, '57', '8', 'Noia', 15, 0, 0),
(2181, '58', '4', 'Oleiros', 15, 0, 0),
(2182, '59', '7', 'Ordes', 15, 0, 0),
(2183, '60', '1', 'Oroso', 15, 0, 0),
(2184, '61', '8', 'Ortigueira', 15, 0, 0),
(2185, '62', '3', 'Outes', 15, 0, 0),
(2186, '902', '7', 'Oza-Cesuras', 15, 0, 0),
(2187, '64', '4', 'Paderne', 15, 0, 0),
(2188, '65', '7', 'Padrón', 15, 0, 0),
(2189, '66', '0', 'Pino, O', 15, 0, 0),
(2190, '67', '6', 'Pobra do Caramiñal, A', 15, 0, 0),
(2191, '68', '2', 'Ponteceso', 15, 0, 0),
(2192, '69', '5', 'Pontedeume', 15, 0, 0),
(2193, '70', '9', 'Pontes de García Rodríguez, As', 15, 0, 0),
(2194, '71', '6', 'Porto do Son', 15, 0, 0),
(2195, '72', '1', 'Rianxo', 15, 0, 0),
(2196, '73', '7', 'Ribeira', 15, 0, 0),
(2197, '74', '2', 'Rois', 15, 0, 0),
(2198, '75', '5', 'Sada', 15, 0, 0),
(2199, '76', '8', 'San Sadurniño', 15, 0, 0),
(2200, '77', '4', 'Santa Comba', 15, 0, 0),
(2201, '78', '0', 'Santiago de Compostela', 15, 0, 0),
(2202, '79', '3', 'Santiso', 15, 0, 0),
(2203, '80', '7', 'Sobrado', 15, 0, 0),
(2204, '81', '4', 'Somozas, As', 15, 0, 0),
(2205, '82', '9', 'Teo', 15, 0, 0),
(2206, '83', '5', 'Toques', 15, 0, 0),
(2207, '84', '0', 'Tordoia', 15, 0, 0),
(2208, '85', '3', 'Touro', 15, 0, 0),
(2209, '86', '6', 'Trazo', 15, 0, 0),
(2210, '88', '8', 'Val do Dubra', 15, 0, 0),
(2211, '87', '2', 'Valdoviño', 15, 0, 0),
(2212, '89', '1', 'Vedra', 15, 0, 0),
(2213, '91', '2', 'Vilarmaior', 15, 0, 0),
(2214, '90', '5', 'Vilasantar', 15, 0, 0),
(2215, '92', '7', 'Vimianzo', 15, 0, 0),
(2216, '93', '3', 'Zas', 15, 0, 0),
(2217, '1', '4', 'Abia de la Obispalía', 16, 0, 0),
(2218, '2', '9', 'Acebrón, El', 16, 0, 0),
(2219, '3', '5', 'Alarcón', 16, 0, 0),
(2220, '4', '0', 'Albaladejo del Cuende', 16, 0, 0),
(2221, '5', '3', 'Albalate de las Nogueras', 16, 0, 0),
(2222, '6', '6', 'Albendea', 16, 0, 0),
(2223, '7', '2', 'Alberca de Záncara, La', 16, 0, 0),
(2224, '8', '8', 'Alcalá de la Vega', 16, 0, 0),
(2225, '9', '1', 'Alcantud', 16, 0, 0),
(2226, '10', '5', 'Alcázar del Rey', 16, 0, 0),
(2227, '11', '2', 'Alcohujate', 16, 0, 0),
(2228, '12', '7', 'Alconchel de la Estrella', 16, 0, 0),
(2229, '13', '3', 'Algarra', 16, 0, 0),
(2230, '14', '8', 'Aliaguilla', 16, 0, 0),
(2231, '15', '1', 'Almarcha, La', 16, 0, 0),
(2232, '16', '4', 'Almendros', 16, 0, 0),
(2233, '17', '0', 'Almodóvar del Pinar', 16, 0, 0),
(2234, '18', '6', 'Almonacid del Marquesado', 16, 0, 0),
(2235, '19', '9', 'Altarejos', 16, 0, 0),
(2236, '20', '3', 'Arandilla del Arroyo', 16, 0, 0),
(2237, '905', '4', 'Arcas', 16, 0, 0),
(2238, '22', '5', 'Arcos de la Sierra', 16, 0, 0),
(2239, '24', '6', 'Arguisuelas', 16, 0, 0),
(2240, '25', '9', 'Arrancacepas', 16, 0, 0),
(2241, '26', '2', 'Atalaya del Cañavate', 16, 0, 0),
(2242, '27', '8', 'Barajas de Melo', 16, 0, 0),
(2243, '29', '7', 'Barchín del Hoyo', 16, 0, 0),
(2244, '30', '1', 'Bascuñana de San Pedro', 16, 0, 0),
(2245, '31', '8', 'Beamud', 16, 0, 0),
(2246, '32', '3', 'Belinchón', 16, 0, 0),
(2247, '33', '9', 'Belmonte', 16, 0, 0),
(2248, '34', '4', 'Belmontejo', 16, 0, 0),
(2249, '35', '7', 'Beteta', 16, 0, 0),
(2250, '36', '0', 'Boniches', 16, 0, 0),
(2251, '38', '2', 'Buciegas', 16, 0, 0),
(2252, '39', '5', 'Buenache de Alarcón', 16, 0, 0),
(2253, '40', '9', 'Buenache de la Sierra', 16, 0, 0),
(2254, '41', '6', 'Buendía', 16, 0, 0),
(2255, '42', '1', 'Campillo de Altobuey', 16, 0, 0),
(2256, '43', '7', 'Campillos-Paravientos', 16, 0, 0),
(2257, '44', '2', 'Campillos-Sierra', 16, 0, 0),
(2258, '901', '5', 'Campos del Paraíso', 16, 0, 0),
(2259, '45', '5', 'Canalejas del Arroyo', 16, 0, 0),
(2260, '46', '8', 'Cañada del Hoyo', 16, 0, 0),
(2261, '47', '4', 'Cañada Juncosa', 16, 0, 0),
(2262, '48', '0', 'Cañamares', 16, 0, 0),
(2263, '49', '3', 'Cañavate, El', 16, 0, 0),
(2264, '50', '6', 'Cañaveras', 16, 0, 0),
(2265, '51', '3', 'Cañaveruelas', 16, 0, 0),
(2266, '52', '8', 'Cañete', 16, 0, 0),
(2267, '53', '4', 'Cañizares', 16, 0, 0),
(2268, '55', '2', 'Carboneras de Guadazaón', 16, 0, 0),
(2269, '56', '5', 'Cardenete', 16, 0, 0),
(2270, '57', '1', 'Carrascosa', 16, 0, 0),
(2271, '58', '7', 'Carrascosa de Haro', 16, 0, 0),
(2272, '60', '4', 'Casas de Benítez', 16, 0, 0),
(2273, '61', '1', 'Casas de Fernando Alonso', 16, 0, 0),
(2274, '62', '6', 'Casas de Garcimolina', 16, 0, 0),
(2275, '63', '2', 'Casas de Guijarro', 16, 0, 0),
(2276, '64', '7', 'Casas de Haro', 16, 0, 0),
(2277, '65', '0', 'Casas de los Pinos', 16, 0, 0),
(2278, '66', '3', 'Casasimarro', 16, 0, 0),
(2279, '67', '9', 'Castejón', 16, 0, 0),
(2280, '68', '5', 'Castillejo de Iniesta', 16, 0, 0),
(2281, '70', '2', 'Castillejo-Sierra', 16, 0, 0),
(2282, '72', '4', 'Castillo de Garcimuñoz', 16, 0, 0),
(2283, '71', '9', 'Castillo-Albaráñez', 16, 0, 0),
(2284, '73', '0', 'Cervera del Llano', 16, 0, 0),
(2285, '23', '1', 'Chillarón de Cuenca', 16, 0, 0),
(2286, '81', '7', 'Chumillas', 16, 0, 0),
(2287, '74', '5', 'Cierva, La', 16, 0, 0),
(2288, '78', '3', 'Cuenca', 16, 0, 0),
(2289, '79', '6', 'Cueva del Hierro', 16, 0, 0),
(2290, '82', '2', 'Enguídanos', 16, 0, 0),
(2291, '83', '8', 'Fresneda de Altarejos', 16, 0, 0),
(2292, '84', '3', 'Fresneda de la Sierra', 16, 0, 0),
(2293, '85', '6', 'Frontera, La', 16, 0, 0),
(2294, '86', '9', 'Fuente de Pedro Naharro', 16, 0, 0),
(2295, '87', '5', 'Fuentelespino de Haro', 16, 0, 0),
(2296, '88', '1', 'Fuentelespino de Moya', 16, 0, 0);
INSERT INTO `poblaciones` (`id`, `codigo`, `cp`, `poblacion`, `provincia_id`, `activa`, `defecto`) VALUES
(2297, '904', '1', 'Fuentenava de Jábaga', 16, 0, 0),
(2298, '89', '4', 'Fuentes', 16, 0, 0),
(2299, '91', '5', 'Fuertescusa', 16, 0, 0),
(2300, '92', '0', 'Gabaldón', 16, 0, 0),
(2301, '93', '6', 'Garaballa', 16, 0, 0),
(2302, '94', '1', 'Gascueña', 16, 0, 0),
(2303, '95', '4', 'Graja de Campalbo', 16, 0, 0),
(2304, '96', '7', 'Graja de Iniesta', 16, 0, 0),
(2305, '97', '3', 'Henarejos', 16, 0, 0),
(2306, '98', '9', 'Herrumblar, El', 16, 0, 0),
(2307, '99', '2', 'Hinojosa, La', 16, 0, 0),
(2308, '100', '6', 'Hinojosos, Los', 16, 0, 0),
(2309, '101', '3', 'Hito, El', 16, 0, 0),
(2310, '102', '8', 'Honrubia', 16, 0, 0),
(2311, '103', '4', 'Hontanaya', 16, 0, 0),
(2312, '104', '9', 'Hontecillas', 16, 0, 0),
(2313, '106', '5', 'Horcajo de Santiago', 16, 0, 0),
(2314, '107', '1', 'Huélamo', 16, 0, 0),
(2315, '108', '7', 'Huelves', 16, 0, 0),
(2316, '109', '0', 'Huérguina', 16, 0, 0),
(2317, '110', '4', 'Huerta de la Obispalía', 16, 0, 0),
(2318, '111', '1', 'Huerta del Marquesado', 16, 0, 0),
(2319, '112', '6', 'Huete', 16, 0, 0),
(2320, '113', '2', 'Iniesta', 16, 0, 0),
(2321, '115', '0', 'Laguna del Marquesado', 16, 0, 0),
(2322, '116', '3', 'Lagunaseca', 16, 0, 0),
(2323, '117', '9', 'Landete', 16, 0, 0),
(2324, '118', '5', 'Ledaña', 16, 0, 0),
(2325, '119', '8', 'Leganiel', 16, 0, 0),
(2326, '121', '9', 'Majadas, Las', 16, 0, 0),
(2327, '122', '4', 'Mariana', 16, 0, 0),
(2328, '123', '0', 'Masegosa', 16, 0, 0),
(2329, '124', '5', 'Mesas, Las', 16, 0, 0),
(2330, '125', '8', 'Minglanilla', 16, 0, 0),
(2331, '126', '1', 'Mira', 16, 0, 0),
(2332, '128', '3', 'Monreal del Llano', 16, 0, 0),
(2333, '129', '6', 'Montalbanejo', 16, 0, 0),
(2334, '130', '0', 'Montalbo', 16, 0, 0),
(2335, '131', '7', 'Monteagudo de las Salinas', 16, 0, 0),
(2336, '132', '2', 'Mota de Altarejos', 16, 0, 0),
(2337, '133', '8', 'Mota del Cuervo', 16, 0, 0),
(2338, '134', '3', 'Motilla del Palancar', 16, 0, 0),
(2339, '135', '6', 'Moya', 16, 0, 0),
(2340, '137', '5', 'Narboneta', 16, 0, 0),
(2341, '139', '4', 'Olivares de Júcar', 16, 0, 0),
(2342, '140', '8', 'Olmeda de la Cuesta', 16, 0, 0),
(2343, '141', '5', 'Olmeda del Rey', 16, 0, 0),
(2344, '142', '0', 'Olmedilla de Alarcón', 16, 0, 0),
(2345, '143', '6', 'Olmedilla de Eliz', 16, 0, 0),
(2346, '145', '4', 'Osa de la Vega', 16, 0, 0),
(2347, '146', '7', 'Pajarón', 16, 0, 0),
(2348, '147', '3', 'Pajaroncillo', 16, 0, 0),
(2349, '148', '9', 'Palomares del Campo', 16, 0, 0),
(2350, '149', '2', 'Palomera', 16, 0, 0),
(2351, '150', '5', 'Paracuellos', 16, 0, 0),
(2352, '151', '2', 'Paredes', 16, 0, 0),
(2353, '152', '7', 'Parra de las Vegas, La', 16, 0, 0),
(2354, '153', '3', 'Pedernoso, El', 16, 0, 0),
(2355, '154', '8', 'Pedroñeras, Las', 16, 0, 0),
(2356, '155', '1', 'Peral, El', 16, 0, 0),
(2357, '156', '4', 'Peraleja, La', 16, 0, 0),
(2358, '157', '0', 'Pesquera, La', 16, 0, 0),
(2359, '158', '6', 'Picazo, El', 16, 0, 0),
(2360, '159', '9', 'Pinarejo', 16, 0, 0),
(2361, '160', '3', 'Pineda de Gigüela', 16, 0, 0),
(2362, '161', '0', 'Piqueras del Castillo', 16, 0, 0),
(2363, '162', '5', 'Portalrubio de Guadamejud', 16, 0, 0),
(2364, '163', '1', 'Portilla', 16, 0, 0),
(2365, '165', '9', 'Poyatos', 16, 0, 0),
(2366, '166', '2', 'Pozoamargo', 16, 0, 0),
(2367, '908', '9', 'Pozorrubielos de la Mancha', 16, 0, 0),
(2368, '167', '8', 'Pozorrubio de Santiago', 16, 0, 0),
(2369, '169', '7', 'Pozuelo, El', 16, 0, 0),
(2370, '170', '1', 'Priego', 16, 0, 0),
(2371, '171', '8', 'Provencio, El', 16, 0, 0),
(2372, '172', '3', 'Puebla de Almenara', 16, 0, 0),
(2373, '174', '4', 'Puebla del Salvador', 16, 0, 0),
(2374, '175', '7', 'Quintanar del Rey', 16, 0, 0),
(2375, '176', '0', 'Rada de Haro', 16, 0, 0),
(2376, '177', '6', 'Reíllo', 16, 0, 0),
(2377, '181', '6', 'Rozalén del Monte', 16, 0, 0),
(2378, '185', '5', 'Saceda-Trasierra', 16, 0, 0),
(2379, '186', '8', 'Saelices', 16, 0, 0),
(2380, '187', '4', 'Salinas del Manzano', 16, 0, 0),
(2381, '188', '0', 'Salmeroncillos', 16, 0, 0),
(2382, '189', '3', 'Salvacañete', 16, 0, 0),
(2383, '190', '7', 'San Clemente', 16, 0, 0),
(2384, '191', '4', 'San Lorenzo de la Parrilla', 16, 0, 0),
(2385, '192', '9', 'San Martín de Boniches', 16, 0, 0),
(2386, '193', '5', 'San Pedro Palmiches', 16, 0, 0),
(2387, '194', '0', 'Santa Cruz de Moya', 16, 0, 0),
(2388, '196', '6', 'Santa María de los Llanos', 16, 0, 0),
(2389, '195', '3', 'Santa María del Campo Rus', 16, 0, 0),
(2390, '197', '2', 'Santa María del Val', 16, 0, 0),
(2391, '198', '8', 'Sisante', 16, 0, 0),
(2392, '199', '1', 'Solera de Gabaldón', 16, 0, 0),
(2393, '909', '2', 'Sotorribas', 16, 0, 0),
(2394, '202', '7', 'Talayuelas', 16, 0, 0),
(2395, '203', '3', 'Tarancón', 16, 0, 0),
(2396, '204', '8', 'Tébar', 16, 0, 0),
(2397, '205', '1', 'Tejadillos', 16, 0, 0),
(2398, '206', '4', 'Tinajas', 16, 0, 0),
(2399, '209', '9', 'Torralba', 16, 0, 0),
(2400, '211', '0', 'Torrejoncillo del Rey', 16, 0, 0),
(2401, '212', '5', 'Torrubia del Campo', 16, 0, 0),
(2402, '213', '1', 'Torrubia del Castillo', 16, 0, 0),
(2403, '215', '9', 'Tragacete', 16, 0, 0),
(2404, '216', '2', 'Tresjuncos', 16, 0, 0),
(2405, '217', '8', 'Tribaldos', 16, 0, 0),
(2406, '218', '4', 'Uclés', 16, 0, 0),
(2407, '219', '7', 'Uña', 16, 0, 0),
(2408, '906', '7', 'Valdecolmenas, Los', 16, 0, 0),
(2409, '224', '4', 'Valdemeca', 16, 0, 0),
(2410, '225', '7', 'Valdemorillo de la Sierra', 16, 0, 0),
(2411, '227', '6', 'Valdemoro-Sierra', 16, 0, 0),
(2412, '228', '2', 'Valdeolivas', 16, 0, 0),
(2413, '902', '0', 'Valdetórtola', 16, 0, 0),
(2414, '903', '6', 'Valeras, Las', 16, 0, 0),
(2415, '231', '6', 'Valhermoso de la Fuente', 16, 0, 0),
(2416, '173', '9', 'Valle de Altomira, El', 16, 0, 0),
(2417, '234', '2', 'Valsalobre', 16, 0, 0),
(2418, '236', '8', 'Valverde de Júcar', 16, 0, 0),
(2419, '237', '4', 'Valverdejo', 16, 0, 0),
(2420, '238', '0', 'Vara de Rey', 16, 0, 0),
(2421, '239', '3', 'Vega del Codorno', 16, 0, 0),
(2422, '240', '7', 'Vellisca', 16, 0, 0),
(2423, '242', '9', 'Villaconejos de Trabaque', 16, 0, 0),
(2424, '243', '5', 'Villaescusa de Haro', 16, 0, 0),
(2425, '244', '0', 'Villagarcía del Llano', 16, 0, 0),
(2426, '245', '3', 'Villalba de la Sierra', 16, 0, 0),
(2427, '246', '6', 'Villalba del Rey', 16, 0, 0),
(2428, '247', '2', 'Villalgordo del Marquesado', 16, 0, 0),
(2429, '248', '8', 'Villalpardo', 16, 0, 0),
(2430, '249', '1', 'Villamayor de Santiago', 16, 0, 0),
(2431, '250', '4', 'Villanueva de Guadamejud', 16, 0, 0),
(2432, '251', '1', 'Villanueva de la Jara', 16, 0, 0),
(2433, '253', '2', 'Villar de Cañas', 16, 0, 0),
(2434, '254', '7', 'Villar de Domingo García', 16, 0, 0),
(2435, '255', '0', 'Villar de la Encina', 16, 0, 0),
(2436, '263', '0', 'Villar de Olalla', 16, 0, 0),
(2437, '258', '5', 'Villar del Humo', 16, 0, 0),
(2438, '259', '8', 'Villar del Infantado', 16, 0, 0),
(2439, '910', '6', 'Villar y Velasco', 16, 0, 0),
(2440, '264', '5', 'Villarejo de Fuentes', 16, 0, 0),
(2441, '265', '8', 'Villarejo de la Peñuela', 16, 0, 0),
(2442, '266', '1', 'Villarejo-Periesteban', 16, 0, 0),
(2443, '269', '6', 'Villares del Saz', 16, 0, 0),
(2444, '270', '0', 'Villarrubio', 16, 0, 0),
(2445, '271', '7', 'Villarta', 16, 0, 0),
(2446, '272', '2', 'Villas de la Ventosa', 16, 0, 0),
(2447, '273', '8', 'Villaverde y Pasaconsol', 16, 0, 0),
(2448, '274', '3', 'Víllora', 16, 0, 0),
(2449, '275', '6', 'Vindel', 16, 0, 0),
(2450, '276', '9', 'Yémeda', 16, 0, 0),
(2451, '277', '5', 'Zafra de Záncara', 16, 0, 0),
(2452, '278', '1', 'Zafrilla', 16, 0, 0),
(2453, '279', '4', 'Zarza de Tajo', 16, 0, 0),
(2454, '280', '8', 'Zarzuela', 16, 0, 0),
(2455, '1', '0', 'Agullana', 17, 0, 0),
(2456, '2', '5', 'Aiguaviva', 17, 0, 0),
(2457, '3', '1', 'Albanyà', 17, 0, 0),
(2458, '4', '6', 'Albons', 17, 0, 0),
(2459, '6', '2', 'Alp', 17, 0, 0),
(2460, '7', '8', 'Amer', 17, 0, 0),
(2461, '8', '4', 'Anglès', 17, 0, 0),
(2462, '9', '7', 'Arbúcies', 17, 0, 0),
(2463, '10', '1', 'Argelaguer', 17, 0, 0),
(2464, '11', '8', 'Armentera, L''', 17, 0, 0),
(2465, '12', '3', 'Avinyonet de Puigventós', 17, 0, 0),
(2466, '15', '7', 'Banyoles', 17, 0, 0),
(2467, '16', '0', 'Bàscara', 17, 0, 0),
(2468, '13', '9', 'Begur', 17, 0, 0),
(2469, '18', '2', 'Bellcaire d''Empordà', 17, 0, 0),
(2470, '19', '5', 'Besalú', 17, 0, 0),
(2471, '20', '9', 'Bescanó', 17, 0, 0),
(2472, '21', '6', 'Beuda', 17, 0, 0),
(2473, '22', '1', 'Bisbal d''Empordà, La', 17, 0, 0),
(2474, '234', '8', 'Biure', 17, 0, 0),
(2475, '23', '7', 'Blanes', 17, 0, 0),
(2476, '29', '3', 'Boadella i les Escaules', 17, 0, 0),
(2477, '24', '2', 'Bolvir', 17, 0, 0),
(2478, '25', '5', 'Bordils', 17, 0, 0),
(2479, '26', '8', 'Borrassà', 17, 0, 0),
(2480, '27', '4', 'Breda', 17, 0, 0),
(2481, '28', '0', 'Brunyola', 17, 0, 0),
(2482, '31', '4', 'Cabanelles', 17, 0, 0),
(2483, '30', '7', 'Cabanes', 17, 0, 0),
(2484, '32', '9', 'Cadaqués', 17, 0, 0),
(2485, '33', '5', 'Caldes de Malavella', 17, 0, 0),
(2486, '34', '0', 'Calonge', 17, 0, 0),
(2487, '35', '3', 'Camós', 17, 0, 0),
(2488, '36', '6', 'Campdevànol', 17, 0, 0),
(2489, '37', '2', 'Campelles', 17, 0, 0),
(2490, '38', '8', 'Campllong', 17, 0, 0),
(2491, '39', '1', 'Camprodon', 17, 0, 0),
(2492, '40', '5', 'Canet d''Adri', 17, 0, 0),
(2493, '41', '2', 'Cantallops', 17, 0, 0),
(2494, '42', '7', 'Capmany', 17, 0, 0),
(2495, '44', '8', 'Cassà de la Selva', 17, 0, 0),
(2496, '46', '4', 'Castellfollit de la Roca', 17, 0, 0),
(2497, '47', '0', 'Castelló d''Empúries', 17, 0, 0),
(2498, '48', '6', 'Castell-Platja d''Aro', 17, 0, 0),
(2499, '189', '9', 'Cellera de Ter, La', 17, 0, 0),
(2500, '49', '9', 'Celrà', 17, 0, 0),
(2501, '50', '2', 'Cervià de Ter', 17, 0, 0),
(2502, '51', '9', 'Cistella', 17, 0, 0),
(2503, '54', '5', 'Colera', 17, 0, 0),
(2504, '55', '8', 'Colomers', 17, 0, 0),
(2505, '57', '7', 'Corçà', 17, 0, 0),
(2506, '56', '1', 'Cornellà del Terri', 17, 0, 0),
(2507, '58', '3', 'Crespià', 17, 0, 0),
(2508, '901', '1', 'Cruïlles, Monells i Sant Sadurní de l''Heura', 17, 0, 0),
(2509, '60', '0', 'Darnius', 17, 0, 0),
(2510, '61', '7', 'Das', 17, 0, 0),
(2511, '62', '2', 'Escala, L''', 17, 0, 0),
(2512, '63', '8', 'Espinelves', 17, 0, 0),
(2513, '64', '3', 'Espolla', 17, 0, 0),
(2514, '65', '6', 'Esponellà', 17, 0, 0),
(2515, '5', '9', 'Far d''Empordà, El', 17, 0, 0),
(2516, '66', '9', 'Figueres', 17, 0, 0),
(2517, '67', '5', 'Flaçà', 17, 0, 0),
(2518, '68', '1', 'Foixà', 17, 0, 0),
(2519, '69', '4', 'Fontanals de Cerdanya', 17, 0, 0),
(2520, '70', '8', 'Fontanilles', 17, 0, 0),
(2521, '71', '5', 'Fontcoberta', 17, 0, 0),
(2522, '902', '6', 'Forallac', 17, 0, 0),
(2523, '73', '6', 'Fornells de la Selva', 17, 0, 0),
(2524, '74', '1', 'Fortià', 17, 0, 0),
(2525, '75', '4', 'Garrigàs', 17, 0, 0),
(2526, '76', '7', 'Garrigoles', 17, 0, 0),
(2527, '77', '3', 'Garriguella', 17, 0, 0),
(2528, '78', '9', 'Ger', 17, 0, 0),
(2529, '79', '2', 'Girona', 17, 0, 0),
(2530, '80', '6', 'Gombrèn', 17, 0, 0),
(2531, '81', '3', 'Gualta', 17, 0, 0),
(2532, '82', '8', 'Guils de Cerdanya', 17, 0, 0),
(2533, '83', '4', 'Hostalric', 17, 0, 0),
(2534, '84', '9', 'Isòvol', 17, 0, 0),
(2535, '85', '2', 'Jafre', 17, 0, 0),
(2536, '86', '5', 'Jonquera, La', 17, 0, 0),
(2537, '87', '1', 'Juià', 17, 0, 0),
(2538, '88', '7', 'Lladó', 17, 0, 0),
(2539, '89', '0', 'Llagostera', 17, 0, 0),
(2540, '90', '4', 'Llambilles', 17, 0, 0),
(2541, '91', '1', 'Llanars', 17, 0, 0),
(2542, '92', '6', 'Llançà', 17, 0, 0),
(2543, '93', '2', 'Llers', 17, 0, 0),
(2544, '94', '7', 'Llívia', 17, 0, 0),
(2545, '95', '0', 'Lloret de Mar', 17, 0, 0),
(2546, '96', '3', 'Llosses, Les', 17, 0, 0),
(2547, '102', '4', 'Maçanet de Cabrenys', 17, 0, 0),
(2548, '103', '0', 'Maçanet de la Selva', 17, 0, 0),
(2549, '97', '9', 'Madremanya', 17, 0, 0),
(2550, '98', '5', 'Maià de Montcal', 17, 0, 0),
(2551, '100', '2', 'Masarac', 17, 0, 0),
(2552, '101', '9', 'Massanes', 17, 0, 0),
(2553, '99', '8', 'Meranges', 17, 0, 0),
(2554, '105', '8', 'Mieres', 17, 0, 0),
(2555, '106', '1', 'Mollet de Peralada', 17, 0, 0),
(2556, '107', '7', 'Molló', 17, 0, 0),
(2557, '109', '6', 'Montagut i Oix', 17, 0, 0),
(2558, '110', '0', 'Mont-ras', 17, 0, 0),
(2559, '111', '7', 'Navata', 17, 0, 0),
(2560, '112', '2', 'Ogassa', 17, 0, 0),
(2561, '114', '3', 'Olot', 17, 0, 0),
(2562, '115', '6', 'Ordis', 17, 0, 0),
(2563, '116', '9', 'Osor', 17, 0, 0),
(2564, '117', '5', 'Palafrugell', 17, 0, 0),
(2565, '118', '1', 'Palamós', 17, 0, 0),
(2566, '119', '4', 'Palau de Santa Eulàlia', 17, 0, 0),
(2567, '121', '5', 'Palau-sator', 17, 0, 0),
(2568, '120', '8', 'Palau-saverdera', 17, 0, 0),
(2569, '123', '6', 'Palol de Revardit', 17, 0, 0),
(2570, '124', '1', 'Pals', 17, 0, 0),
(2571, '125', '4', 'Pardines', 17, 0, 0),
(2572, '126', '7', 'Parlavà', 17, 0, 0),
(2573, '128', '9', 'Pau', 17, 0, 0),
(2574, '129', '2', 'Pedret i Marzà', 17, 0, 0),
(2575, '130', '6', 'Pera, La', 17, 0, 0),
(2576, '132', '8', 'Peralada', 17, 0, 0),
(2577, '133', '4', 'Planes d''Hostoles, Les', 17, 0, 0),
(2578, '134', '9', 'Planoles', 17, 0, 0),
(2579, '135', '2', 'Pont de Molins', 17, 0, 0),
(2580, '136', '5', 'Pontós', 17, 0, 0),
(2581, '137', '1', 'Porqueres', 17, 0, 0),
(2582, '140', '4', 'Port de la Selva, El', 17, 0, 0),
(2583, '138', '7', 'Portbou', 17, 0, 0),
(2584, '139', '0', 'Preses, Les', 17, 0, 0),
(2585, '141', '1', 'Puigcerdà', 17, 0, 0),
(2586, '142', '6', 'Quart', 17, 0, 0),
(2587, '43', '3', 'Queralbs', 17, 0, 0),
(2588, '143', '2', 'Rabós', 17, 0, 0),
(2589, '144', '7', 'Regencós', 17, 0, 0),
(2590, '145', '0', 'Ribes de Freser', 17, 0, 0),
(2591, '146', '3', 'Riells i Viabrea', 17, 0, 0),
(2592, '147', '9', 'Ripoll', 17, 0, 0),
(2593, '148', '5', 'Riudarenes', 17, 0, 0),
(2594, '149', '8', 'Riudaura', 17, 0, 0),
(2595, '150', '1', 'Riudellots de la Selva', 17, 0, 0),
(2596, '151', '8', 'Riumors', 17, 0, 0),
(2597, '152', '3', 'Roses', 17, 0, 0),
(2598, '153', '9', 'Rupià', 17, 0, 0),
(2599, '154', '4', 'Sales de Llierca', 17, 0, 0),
(2600, '155', '7', 'Salt', 17, 0, 0),
(2601, '157', '6', 'Sant Andreu Salou', 17, 0, 0),
(2602, '183', '3', 'Sant Aniol de Finestres', 17, 0, 0),
(2603, '158', '2', 'Sant Climent Sescebes', 17, 0, 0),
(2604, '159', '5', 'Sant Feliu de Buixalleu', 17, 0, 0),
(2605, '160', '9', 'Sant Feliu de Guíxols', 17, 0, 0),
(2606, '161', '6', 'Sant Feliu de Pallerols', 17, 0, 0),
(2607, '162', '1', 'Sant Ferriol', 17, 0, 0),
(2608, '163', '7', 'Sant Gregori', 17, 0, 0),
(2609, '164', '2', 'Sant Hilari Sacalm', 17, 0, 0),
(2610, '165', '5', 'Sant Jaume de Llierca', 17, 0, 0),
(2611, '167', '4', 'Sant Joan de les Abadesses', 17, 0, 0),
(2612, '168', '0', 'Sant Joan de Mollet', 17, 0, 0),
(2613, '185', '1', 'Sant Joan les Fonts', 17, 0, 0),
(2614, '166', '8', 'Sant Jordi Desvalls', 17, 0, 0),
(2615, '169', '3', 'Sant Julià de Ramis', 17, 0, 0),
(2616, '903', '2', 'Sant Julià del Llor i Bonmatí', 17, 0, 0),
(2617, '171', '4', 'Sant Llorenç de la Muga', 17, 0, 0),
(2618, '172', '9', 'Sant Martí de Llémena', 17, 0, 0),
(2619, '173', '5', 'Sant Martí Vell', 17, 0, 0),
(2620, '174', '0', 'Sant Miquel de Campmajor', 17, 0, 0),
(2621, '175', '3', 'Sant Miquel de Fluvià', 17, 0, 0),
(2622, '176', '6', 'Sant Mori', 17, 0, 0),
(2623, '177', '2', 'Sant Pau de Segúries', 17, 0, 0),
(2624, '178', '8', 'Sant Pere Pescador', 17, 0, 0),
(2625, '180', '5', 'Santa Coloma de Farners', 17, 0, 0),
(2626, '181', '2', 'Santa Cristina d''Aro', 17, 0, 0),
(2627, '182', '7', 'Santa Llogaia d''Àlguema', 17, 0, 0),
(2628, '184', '8', 'Santa Pau', 17, 0, 0),
(2629, '186', '4', 'Sarrià de Ter', 17, 0, 0),
(2630, '187', '0', 'Saus, Camallera i Llampaies', 17, 0, 0),
(2631, '188', '6', 'Selva de Mar, La', 17, 0, 0),
(2632, '190', '3', 'Serinyà', 17, 0, 0),
(2633, '191', '0', 'Serra de Daró', 17, 0, 0),
(2634, '192', '5', 'Setcases', 17, 0, 0),
(2635, '193', '1', 'Sils', 17, 0, 0),
(2636, '52', '4', 'Siurana', 17, 0, 0),
(2637, '194', '6', 'Susqueda', 17, 0, 0),
(2638, '195', '9', 'Tallada d''Empordà, La', 17, 0, 0),
(2639, '196', '2', 'Terrades', 17, 0, 0),
(2640, '197', '8', 'Torrent', 17, 0, 0),
(2641, '198', '4', 'Torroella de Fluvià', 17, 0, 0),
(2642, '199', '7', 'Torroella de Montgrí', 17, 0, 0),
(2643, '200', '1', 'Tortellà', 17, 0, 0),
(2644, '201', '8', 'Toses', 17, 0, 0),
(2645, '202', '3', 'Tossa de Mar', 17, 0, 0),
(2646, '204', '4', 'Ullà', 17, 0, 0),
(2647, '205', '7', 'Ullastret', 17, 0, 0),
(2648, '203', '9', 'Ultramort', 17, 0, 0),
(2649, '206', '0', 'Urús', 17, 0, 0),
(2650, '14', '4', 'Vajol, La', 17, 0, 0),
(2651, '208', '2', 'Vall de Bianya, La', 17, 0, 0),
(2652, '207', '6', 'Vall d''en Bas, La', 17, 0, 0),
(2653, '170', '7', 'Vallfogona de Ripollès', 17, 0, 0),
(2654, '209', '5', 'Vall-llobrega', 17, 0, 0),
(2655, '210', '9', 'Ventalló', 17, 0, 0),
(2656, '211', '6', 'Verges', 17, 0, 0),
(2657, '212', '1', 'Vidrà', 17, 0, 0),
(2658, '213', '7', 'Vidreres', 17, 0, 0),
(2659, '214', '2', 'Vilabertran', 17, 0, 0),
(2660, '215', '5', 'Vilablareix', 17, 0, 0),
(2661, '217', '4', 'Viladamat', 17, 0, 0),
(2662, '216', '8', 'Viladasens', 17, 0, 0),
(2663, '218', '0', 'Vilademuls', 17, 0, 0),
(2664, '220', '7', 'Viladrau', 17, 0, 0),
(2665, '221', '4', 'Vilafant', 17, 0, 0),
(2666, '223', '5', 'Vilajuïga', 17, 0, 0),
(2667, '224', '0', 'Vilallonga de Ter', 17, 0, 0),
(2668, '225', '3', 'Vilamacolum', 17, 0, 0),
(2669, '226', '6', 'Vilamalla', 17, 0, 0),
(2670, '227', '2', 'Vilamaniscle', 17, 0, 0),
(2671, '228', '8', 'Vilanant', 17, 0, 0),
(2672, '230', '5', 'Vila-sacra', 17, 0, 0),
(2673, '222', '9', 'Vilaür', 17, 0, 0),
(2674, '233', '3', 'Vilobí d''Onyar', 17, 0, 0),
(2675, '232', '7', 'Vilopriu', 17, 0, 0),
(2676, '1', '6', 'Agrón', 18, 0, 0),
(2677, '2', '1', 'Alamedilla', 18, 0, 0),
(2678, '3', '7', 'Albolote', 18, 0, 0),
(2679, '4', '2', 'Albondón', 18, 0, 0),
(2680, '5', '5', 'Albuñán', 18, 0, 0),
(2681, '6', '8', 'Albuñol', 18, 0, 0),
(2682, '7', '4', 'Albuñuelas', 18, 0, 0),
(2683, '10', '7', 'Aldeire', 18, 0, 0),
(2684, '11', '4', 'Alfacar', 18, 0, 0),
(2685, '12', '9', 'Algarinejo', 18, 0, 0),
(2686, '13', '5', 'Alhama de Granada', 18, 0, 0),
(2687, '14', '0', 'Alhendín', 18, 0, 0),
(2688, '15', '3', 'Alicún de Ortega', 18, 0, 0),
(2689, '16', '6', 'Almegíjar', 18, 0, 0),
(2690, '17', '2', 'Almuñécar', 18, 0, 0),
(2691, '904', '3', 'Alpujarra de la Sierra', 18, 0, 0),
(2692, '18', '8', 'Alquife', 18, 0, 0),
(2693, '20', '5', 'Arenas del Rey', 18, 0, 0),
(2694, '21', '2', 'Armilla', 18, 0, 0),
(2695, '22', '7', 'Atarfe', 18, 0, 0),
(2696, '23', '3', 'Baza', 18, 0, 0),
(2697, '24', '8', 'Beas de Granada', 18, 0, 0),
(2698, '25', '1', 'Beas de Guadix', 18, 0, 0),
(2699, '27', '0', 'Benalúa', 18, 0, 0),
(2700, '28', '6', 'Benalúa de las Villas', 18, 0, 0),
(2701, '29', '9', 'Benamaurel', 18, 0, 0),
(2702, '30', '3', 'Bérchules', 18, 0, 0),
(2703, '32', '5', 'Bubión', 18, 0, 0),
(2704, '33', '1', 'Busquístar', 18, 0, 0),
(2705, '34', '6', 'Cacín', 18, 0, 0),
(2706, '35', '9', 'Cádiar', 18, 0, 0),
(2707, '36', '2', 'Cájar', 18, 0, 0),
(2708, '114', '9', 'Calahorra, La', 18, 0, 0),
(2709, '37', '8', 'Calicasas', 18, 0, 0),
(2710, '38', '4', 'Campotéjar', 18, 0, 0),
(2711, '39', '7', 'Caniles', 18, 0, 0),
(2712, '40', '1', 'Cáñar', 18, 0, 0),
(2713, '42', '3', 'Capileira', 18, 0, 0),
(2714, '43', '9', 'Carataunas', 18, 0, 0),
(2715, '44', '4', 'Cástaras', 18, 0, 0),
(2716, '45', '7', 'Castilléjar', 18, 0, 0),
(2717, '46', '0', 'Castril', 18, 0, 0),
(2718, '47', '6', 'Cenes de la Vega', 18, 0, 0),
(2719, '59', '2', 'Chauchina', 18, 0, 0),
(2720, '61', '3', 'Chimeneas', 18, 0, 0),
(2721, '62', '8', 'Churriana de la Vega', 18, 0, 0),
(2722, '48', '2', 'Cijuela', 18, 0, 0),
(2723, '49', '5', 'Cogollos de Guadix', 18, 0, 0),
(2724, '50', '8', 'Cogollos de la Vega', 18, 0, 0),
(2725, '51', '5', 'Colomera', 18, 0, 0),
(2726, '53', '6', 'Cortes de Baza', 18, 0, 0),
(2727, '54', '1', 'Cortes y Graena', 18, 0, 0),
(2728, '912', '0', 'Cuevas del Campo', 18, 0, 0),
(2729, '56', '7', 'Cúllar', 18, 0, 0),
(2730, '57', '3', 'Cúllar Vega', 18, 0, 0),
(2731, '63', '4', 'Darro', 18, 0, 0),
(2732, '64', '9', 'Dehesas de Guadix', 18, 0, 0),
(2733, '65', '2', 'Dehesas Viejas', 18, 0, 0),
(2734, '66', '5', 'Deifontes', 18, 0, 0),
(2735, '67', '1', 'Diezma', 18, 0, 0),
(2736, '68', '7', 'Dílar', 18, 0, 0),
(2737, '69', '0', 'Dólar', 18, 0, 0),
(2738, '915', '4', 'Domingo Pérez de Granada', 18, 0, 0),
(2739, '70', '4', 'Dúdar', 18, 0, 0),
(2740, '71', '1', 'Dúrcal', 18, 0, 0),
(2741, '72', '6', 'Escúzar', 18, 0, 0),
(2742, '74', '7', 'Ferreira', 18, 0, 0),
(2743, '76', '3', 'Fonelas', 18, 0, 0),
(2744, '78', '5', 'Freila', 18, 0, 0),
(2745, '79', '8', 'Fuente Vaqueros', 18, 0, 0),
(2746, '905', '6', 'Gabias, Las', 18, 0, 0),
(2747, '82', '4', 'Galera', 18, 0, 0),
(2748, '83', '0', 'Gobernador', 18, 0, 0),
(2749, '84', '5', 'Gójar', 18, 0, 0),
(2750, '85', '8', 'Gor', 18, 0, 0),
(2751, '86', '1', 'Gorafe', 18, 0, 0),
(2752, '87', '7', 'Granada', 18, 0, 0),
(2753, '88', '3', 'Guadahortuna', 18, 0, 0),
(2754, '89', '6', 'Guadix', 18, 0, 0),
(2755, '906', '9', 'Guájares, Los', 18, 0, 0),
(2756, '93', '8', 'Gualchos', 18, 0, 0),
(2757, '94', '3', 'Güéjar Sierra', 18, 0, 0),
(2758, '95', '6', 'Güevéjar', 18, 0, 0),
(2759, '96', '9', 'Huélago', 18, 0, 0),
(2760, '97', '5', 'Huéneja', 18, 0, 0),
(2761, '98', '1', 'Huéscar', 18, 0, 0),
(2762, '99', '4', 'Huétor de Santillán', 18, 0, 0),
(2763, '100', '8', 'Huétor Tájar', 18, 0, 0),
(2764, '101', '5', 'Huétor Vega', 18, 0, 0),
(2765, '102', '0', 'Íllora', 18, 0, 0),
(2766, '103', '6', 'Ítrabo', 18, 0, 0),
(2767, '105', '4', 'Iznalloz', 18, 0, 0),
(2768, '106', '7', 'Játar', 18, 0, 0),
(2769, '107', '3', 'Jayena', 18, 0, 0),
(2770, '108', '9', 'Jerez del Marquesado', 18, 0, 0),
(2771, '109', '2', 'Jete', 18, 0, 0),
(2772, '111', '3', 'Jun', 18, 0, 0),
(2773, '112', '8', 'Juviles', 18, 0, 0),
(2774, '115', '2', 'Láchar', 18, 0, 0),
(2775, '116', '5', 'Lanjarón', 18, 0, 0),
(2776, '117', '1', 'Lanteira', 18, 0, 0),
(2777, '119', '0', 'Lecrín', 18, 0, 0),
(2778, '120', '4', 'Lentegí', 18, 0, 0),
(2779, '121', '1', 'Lobras', 18, 0, 0),
(2780, '122', '6', 'Loja', 18, 0, 0),
(2781, '123', '2', 'Lugros', 18, 0, 0),
(2782, '124', '7', 'Lújar', 18, 0, 0),
(2783, '126', '3', 'Malahá, La', 18, 0, 0),
(2784, '127', '9', 'Maracena', 18, 0, 0),
(2785, '128', '5', 'Marchal', 18, 0, 0),
(2786, '132', '4', 'Moclín', 18, 0, 0),
(2787, '133', '0', 'Molvízar', 18, 0, 0),
(2788, '134', '5', 'Monachil', 18, 0, 0),
(2789, '135', '8', 'Montefrío', 18, 0, 0),
(2790, '136', '1', 'Montejícar', 18, 0, 0),
(2791, '137', '7', 'Montillana', 18, 0, 0),
(2792, '138', '3', 'Moraleda de Zafayona', 18, 0, 0),
(2793, '909', '4', 'Morelábor', 18, 0, 0),
(2794, '140', '0', 'Motril', 18, 0, 0),
(2795, '141', '7', 'Murtas', 18, 0, 0),
(2796, '903', '8', 'Nevada', 18, 0, 0),
(2797, '143', '8', 'Nigüelas', 18, 0, 0),
(2798, '144', '3', 'Nívar', 18, 0, 0),
(2799, '145', '6', 'Ogíjares', 18, 0, 0),
(2800, '146', '9', 'Orce', 18, 0, 0),
(2801, '147', '5', 'Órgiva', 18, 0, 0),
(2802, '148', '1', 'Otívar', 18, 0, 0),
(2803, '150', '7', 'Padul', 18, 0, 0),
(2804, '151', '4', 'Pampaneira', 18, 0, 0),
(2805, '152', '9', 'Pedro Martínez', 18, 0, 0),
(2806, '153', '5', 'Peligros', 18, 0, 0),
(2807, '154', '0', 'Peza, La', 18, 0, 0),
(2808, '910', '8', 'Pinar, El', 18, 0, 0),
(2809, '157', '2', 'Pinos Genil', 18, 0, 0),
(2810, '158', '8', 'Pinos Puente', 18, 0, 0),
(2811, '159', '1', 'Píñar', 18, 0, 0),
(2812, '161', '2', 'Polícar', 18, 0, 0),
(2813, '162', '7', 'Polopos', 18, 0, 0),
(2814, '163', '3', 'Pórtugos', 18, 0, 0),
(2815, '164', '8', 'Puebla de Don Fadrique', 18, 0, 0),
(2816, '165', '1', 'Pulianas', 18, 0, 0),
(2817, '167', '0', 'Purullena', 18, 0, 0),
(2818, '168', '6', 'Quéntar', 18, 0, 0),
(2819, '170', '3', 'Rubite', 18, 0, 0),
(2820, '171', '0', 'Salar', 18, 0, 0),
(2821, '173', '1', 'Salobreña', 18, 0, 0),
(2822, '174', '6', 'Santa Cruz del Comercio', 18, 0, 0),
(2823, '175', '9', 'Santa Fe', 18, 0, 0),
(2824, '176', '2', 'Soportújar', 18, 0, 0),
(2825, '177', '8', 'Sorvilán', 18, 0, 0),
(2826, '901', '7', 'Taha, La', 18, 0, 0),
(2827, '178', '4', 'Torre-Cardela', 18, 0, 0),
(2828, '179', '7', 'Torvizcón', 18, 0, 0),
(2829, '180', '1', 'Trevélez', 18, 0, 0),
(2830, '181', '8', 'Turón', 18, 0, 0),
(2831, '182', '3', 'Ugíjar', 18, 0, 0),
(2832, '914', '1', 'Valderrubio', 18, 0, 0),
(2833, '907', '5', 'Valle del Zalabí', 18, 0, 0),
(2834, '902', '2', 'Valle, El', 18, 0, 0),
(2835, '183', '9', 'Válor', 18, 0, 0),
(2836, '911', '5', 'Vegas del Genil', 18, 0, 0),
(2837, '184', '4', 'Vélez de Benaudalla', 18, 0, 0),
(2838, '185', '7', 'Ventas de Huelma', 18, 0, 0),
(2839, '149', '4', 'Villa de Otura', 18, 0, 0),
(2840, '908', '1', 'Villamena', 18, 0, 0),
(2841, '187', '6', 'Villanueva de las Torres', 18, 0, 0),
(2842, '188', '2', 'Villanueva Mesía', 18, 0, 0),
(2843, '189', '5', 'Víznar', 18, 0, 0),
(2844, '192', '1', 'Zafarraya', 18, 0, 0),
(2845, '913', '6', 'Zagra', 18, 0, 0),
(2846, '193', '7', 'Zubia, La', 18, 0, 0),
(2847, '194', '2', 'Zújar', 18, 0, 0),
(2848, '1', '9', 'Abánades', 19, 0, 0),
(2849, '2', '4', 'Ablanque', 19, 0, 0),
(2850, '3', '0', 'Adobes', 19, 0, 0),
(2851, '4', '5', 'Alaminos', 19, 0, 0),
(2852, '5', '8', 'Alarilla', 19, 0, 0),
(2853, '6', '1', 'Albalate de Zorita', 19, 0, 0),
(2854, '7', '7', 'Albares', 19, 0, 0),
(2855, '8', '3', 'Albendiego', 19, 0, 0),
(2856, '9', '6', 'Alcocer', 19, 0, 0),
(2857, '10', '0', 'Alcolea de las Peñas', 19, 0, 0),
(2858, '11', '7', 'Alcolea del Pinar', 19, 0, 0),
(2859, '13', '8', 'Alcoroches', 19, 0, 0),
(2860, '15', '6', 'Aldeanueva de Guadalajara', 19, 0, 0),
(2861, '16', '9', 'Algar de Mesa', 19, 0, 0),
(2862, '17', '5', 'Algora', 19, 0, 0),
(2863, '18', '1', 'Alhóndiga', 19, 0, 0),
(2864, '19', '4', 'Alique', 19, 0, 0),
(2865, '20', '8', 'Almadrones', 19, 0, 0),
(2866, '21', '5', 'Almoguera', 19, 0, 0),
(2867, '22', '0', 'Almonacid de Zorita', 19, 0, 0),
(2868, '23', '6', 'Alocén', 19, 0, 0),
(2869, '24', '1', 'Alovera', 19, 0, 0),
(2870, '27', '3', 'Alustante', 19, 0, 0),
(2871, '31', '3', 'Angón', 19, 0, 0),
(2872, '32', '8', 'Anguita', 19, 0, 0),
(2873, '33', '4', 'Anquela del Ducado', 19, 0, 0),
(2874, '34', '9', 'Anquela del Pedregal', 19, 0, 0),
(2875, '36', '5', 'Aranzueque', 19, 0, 0),
(2876, '37', '1', 'Arbancón', 19, 0, 0),
(2877, '38', '7', 'Arbeteta', 19, 0, 0),
(2878, '39', '0', 'Argecilla', 19, 0, 0),
(2879, '40', '4', 'Armallones', 19, 0, 0),
(2880, '41', '1', 'Armuña de Tajuña', 19, 0, 0),
(2881, '42', '6', 'Arroyo de las Fraguas', 19, 0, 0),
(2882, '43', '2', 'Atanzón', 19, 0, 0),
(2883, '44', '7', 'Atienza', 19, 0, 0),
(2884, '45', '0', 'Auñón', 19, 0, 0),
(2885, '46', '3', 'Azuqueca de Henares', 19, 0, 0),
(2886, '47', '9', 'Baides', 19, 0, 0),
(2887, '48', '5', 'Baños de Tajo', 19, 0, 0),
(2888, '49', '8', 'Bañuelos', 19, 0, 0),
(2889, '50', '1', 'Barriopedro', 19, 0, 0),
(2890, '51', '8', 'Berninches', 19, 0, 0),
(2891, '52', '3', 'Bodera, La', 19, 0, 0),
(2892, '53', '9', 'Brihuega', 19, 0, 0),
(2893, '54', '4', 'Budia', 19, 0, 0),
(2894, '55', '7', 'Bujalaro', 19, 0, 0),
(2895, '57', '6', 'Bustares', 19, 0, 0),
(2896, '58', '2', 'Cabanillas del Campo', 19, 0, 0),
(2897, '59', '5', 'Campillo de Dueñas', 19, 0, 0),
(2898, '60', '9', 'Campillo de Ranas', 19, 0, 0),
(2899, '61', '6', 'Campisábalos', 19, 0, 0),
(2900, '64', '2', 'Canredondo', 19, 0, 0),
(2901, '65', '5', 'Cantalojas', 19, 0, 0),
(2902, '66', '8', 'Cañizar', 19, 0, 0),
(2903, '67', '4', 'Cardoso de la Sierra, El', 19, 0, 0),
(2904, '70', '7', 'Casa de Uceda', 19, 0, 0),
(2905, '71', '4', 'Casar, El', 19, 0, 0),
(2906, '73', '5', 'Casas de San Galindo', 19, 0, 0),
(2907, '74', '0', 'Caspueñas', 19, 0, 0),
(2908, '75', '3', 'Castejón de Henares', 19, 0, 0),
(2909, '76', '6', 'Castellar de la Muela', 19, 0, 0),
(2910, '78', '8', 'Castilforte', 19, 0, 0),
(2911, '79', '1', 'Castilnuevo', 19, 0, 0),
(2912, '80', '5', 'Cendejas de Enmedio', 19, 0, 0),
(2913, '81', '2', 'Cendejas de la Torre', 19, 0, 0),
(2914, '82', '7', 'Centenera', 19, 0, 0),
(2915, '103', '9', 'Checa', 19, 0, 0),
(2916, '104', '4', 'Chequilla', 19, 0, 0),
(2917, '106', '0', 'Chillarón del Rey', 19, 0, 0),
(2918, '105', '7', 'Chiloeches', 19, 0, 0),
(2919, '86', '4', 'Cifuentes', 19, 0, 0),
(2920, '87', '0', 'Cincovillas', 19, 0, 0),
(2921, '88', '6', 'Ciruelas', 19, 0, 0),
(2922, '89', '9', 'Ciruelos del Pinar', 19, 0, 0),
(2923, '90', '3', 'Cobeta', 19, 0, 0),
(2924, '91', '0', 'Cogollor', 19, 0, 0),
(2925, '92', '5', 'Cogolludo', 19, 0, 0),
(2926, '95', '9', 'Condemios de Abajo', 19, 0, 0),
(2927, '96', '2', 'Condemios de Arriba', 19, 0, 0),
(2928, '97', '8', 'Congostrina', 19, 0, 0),
(2929, '98', '4', 'Copernal', 19, 0, 0),
(2930, '99', '7', 'Corduente', 19, 0, 0),
(2931, '102', '3', 'Cubillo de Uceda, El', 19, 0, 0),
(2932, '107', '6', 'Driebes', 19, 0, 0),
(2933, '108', '2', 'Durón', 19, 0, 0),
(2934, '109', '5', 'Embid', 19, 0, 0),
(2935, '110', '9', 'Escamilla', 19, 0, 0),
(2936, '111', '6', 'Escariche', 19, 0, 0),
(2937, '112', '1', 'Escopete', 19, 0, 0),
(2938, '113', '7', 'Espinosa de Henares', 19, 0, 0),
(2939, '114', '2', 'Esplegares', 19, 0, 0),
(2940, '115', '5', 'Establés', 19, 0, 0),
(2941, '116', '8', 'Estriégana', 19, 0, 0),
(2942, '117', '4', 'Fontanar', 19, 0, 0),
(2943, '118', '0', 'Fuembellida', 19, 0, 0),
(2944, '119', '3', 'Fuencemillán', 19, 0, 0),
(2945, '120', '7', 'Fuentelahiguera de Albatages', 19, 0, 0),
(2946, '121', '4', 'Fuentelencina', 19, 0, 0),
(2947, '122', '9', 'Fuentelsaz', 19, 0, 0),
(2948, '123', '5', 'Fuentelviejo', 19, 0, 0),
(2949, '124', '0', 'Fuentenovilla', 19, 0, 0),
(2950, '125', '3', 'Gajanejos', 19, 0, 0),
(2951, '126', '6', 'Galápagos', 19, 0, 0),
(2952, '127', '2', 'Galve de Sorbe', 19, 0, 0),
(2953, '129', '1', 'Gascueña de Bornova', 19, 0, 0),
(2954, '130', '5', 'Guadalajara', 19, 0, 0),
(2955, '132', '7', 'Henche', 19, 0, 0),
(2956, '133', '3', 'Heras de Ayuso', 19, 0, 0),
(2957, '134', '8', 'Herrería', 19, 0, 0),
(2958, '135', '1', 'Hiendelaencina', 19, 0, 0),
(2959, '136', '4', 'Hijes', 19, 0, 0),
(2960, '138', '6', 'Hita', 19, 0, 0),
(2961, '139', '9', 'Hombrados', 19, 0, 0),
(2962, '142', '5', 'Hontoba', 19, 0, 0),
(2963, '143', '1', 'Horche', 19, 0, 0),
(2964, '145', '9', 'Hortezuela de Océn', 19, 0, 0),
(2965, '146', '2', 'Huerce, La', 19, 0, 0),
(2966, '147', '8', 'Huérmeces del Cerro', 19, 0, 0),
(2967, '148', '4', 'Huertahernando', 19, 0, 0),
(2968, '150', '0', 'Hueva', 19, 0, 0),
(2969, '151', '7', 'Humanes', 19, 0, 0),
(2970, '152', '2', 'Illana', 19, 0, 0),
(2971, '153', '8', 'Iniéstola', 19, 0, 0),
(2972, '154', '3', 'Inviernas, Las', 19, 0, 0),
(2973, '155', '6', 'Irueste', 19, 0, 0),
(2974, '156', '9', 'Jadraque', 19, 0, 0),
(2975, '157', '5', 'Jirueque', 19, 0, 0),
(2976, '159', '4', 'Ledanca', 19, 0, 0),
(2977, '160', '8', 'Loranca de Tajuña', 19, 0, 0),
(2978, '161', '5', 'Lupiana', 19, 0, 0),
(2979, '162', '0', 'Luzaga', 19, 0, 0),
(2980, '163', '6', 'Luzón', 19, 0, 0),
(2981, '165', '4', 'Majaelrayo', 19, 0, 0),
(2982, '166', '7', 'Málaga del Fresno', 19, 0, 0),
(2983, '167', '3', 'Malaguilla', 19, 0, 0),
(2984, '168', '9', 'Mandayona', 19, 0, 0),
(2985, '169', '2', 'Mantiel', 19, 0, 0),
(2986, '170', '6', 'Maranchón', 19, 0, 0),
(2987, '171', '3', 'Marchamalo', 19, 0, 0),
(2988, '172', '8', 'Masegoso de Tajuña', 19, 0, 0),
(2989, '173', '4', 'Matarrubia', 19, 0, 0),
(2990, '174', '9', 'Matillas', 19, 0, 0),
(2991, '175', '2', 'Mazarete', 19, 0, 0),
(2992, '176', '5', 'Mazuecos', 19, 0, 0),
(2993, '177', '1', 'Medranda', 19, 0, 0),
(2994, '178', '7', 'Megina', 19, 0, 0),
(2995, '179', '0', 'Membrillera', 19, 0, 0),
(2996, '181', '1', 'Miedes de Atienza', 19, 0, 0),
(2997, '182', '6', 'Mierla, La', 19, 0, 0),
(2998, '184', '7', 'Millana', 19, 0, 0),
(2999, '183', '2', 'Milmarcos', 19, 0, 0),
(3000, '185', '0', 'Miñosa, La', 19, 0, 0),
(3001, '186', '3', 'Mirabueno', 19, 0, 0),
(3002, '187', '9', 'Miralrío', 19, 0, 0),
(3003, '188', '5', 'Mochales', 19, 0, 0),
(3004, '189', '8', 'Mohernando', 19, 0, 0),
(3005, '190', '2', 'Molina de Aragón', 19, 0, 0),
(3006, '191', '9', 'Monasterio', 19, 0, 0),
(3007, '192', '4', 'Mondéjar', 19, 0, 0),
(3008, '193', '0', 'Montarrón', 19, 0, 0),
(3009, '194', '5', 'Moratilla de los Meleros', 19, 0, 0),
(3010, '195', '8', 'Morenilla', 19, 0, 0),
(3011, '196', '1', 'Muduex', 19, 0, 0),
(3012, '197', '7', 'Navas de Jadraque, Las', 19, 0, 0),
(3013, '198', '3', 'Negredo', 19, 0, 0),
(3014, '199', '6', 'Ocentejo', 19, 0, 0),
(3015, '200', '0', 'Olivar, El', 19, 0, 0),
(3016, '201', '7', 'Olmeda de Cobeta', 19, 0, 0),
(3017, '202', '2', 'Olmeda de Jadraque, La', 19, 0, 0),
(3018, '203', '8', 'Ordial, El', 19, 0, 0),
(3019, '204', '3', 'Orea', 19, 0, 0),
(3020, '208', '1', 'Pálmaces de Jadraque', 19, 0, 0),
(3021, '209', '4', 'Pardos', 19, 0, 0),
(3022, '210', '8', 'Paredes de Sigüenza', 19, 0, 0),
(3023, '211', '5', 'Pareja', 19, 0, 0),
(3024, '212', '0', 'Pastrana', 19, 0, 0),
(3025, '213', '6', 'Pedregal, El', 19, 0, 0),
(3026, '214', '1', 'Peñalén', 19, 0, 0),
(3027, '215', '4', 'Peñalver', 19, 0, 0),
(3028, '216', '7', 'Peralejos de las Truchas', 19, 0, 0),
(3029, '217', '3', 'Peralveche', 19, 0, 0),
(3030, '218', '9', 'Pinilla de Jadraque', 19, 0, 0),
(3031, '219', '2', 'Pinilla de Molina', 19, 0, 0),
(3032, '220', '6', 'Pioz', 19, 0, 0),
(3033, '221', '3', 'Piqueras', 19, 0, 0),
(3034, '222', '8', 'Pobo de Dueñas, El', 19, 0, 0),
(3035, '223', '4', 'Poveda de la Sierra', 19, 0, 0),
(3036, '224', '9', 'Pozo de Almoguera', 19, 0, 0),
(3037, '225', '2', 'Pozo de Guadalajara', 19, 0, 0),
(3038, '226', '5', 'Prádena de Atienza', 19, 0, 0),
(3039, '227', '1', 'Prados Redondos', 19, 0, 0),
(3040, '228', '7', 'Puebla de Beleña', 19, 0, 0),
(3041, '229', '0', 'Puebla de Valles', 19, 0, 0),
(3042, '230', '4', 'Quer', 19, 0, 0),
(3043, '231', '1', 'Rebollosa de Jadraque', 19, 0, 0),
(3044, '232', '6', 'Recuenco, El', 19, 0, 0),
(3045, '233', '2', 'Renera', 19, 0, 0),
(3046, '234', '7', 'Retiendas', 19, 0, 0),
(3047, '235', '0', 'Riba de Saelices', 19, 0, 0),
(3048, '237', '9', 'Rillo de Gallo', 19, 0, 0),
(3049, '238', '5', 'Riofrío del Llano', 19, 0, 0),
(3050, '239', '8', 'Robledillo de Mohernando', 19, 0, 0),
(3051, '240', '2', 'Robledo de Corpes', 19, 0, 0),
(3052, '241', '9', 'Romanillos de Atienza', 19, 0, 0),
(3053, '242', '4', 'Romanones', 19, 0, 0),
(3054, '243', '0', 'Rueda de la Sierra', 19, 0, 0),
(3055, '244', '5', 'Sacecorbo', 19, 0, 0),
(3056, '245', '8', 'Sacedón', 19, 0, 0),
(3057, '246', '1', 'Saelices de la Sal', 19, 0, 0),
(3058, '247', '7', 'Salmerón', 19, 0, 0),
(3059, '248', '3', 'San Andrés del Congosto', 19, 0, 0),
(3060, '249', '6', 'San Andrés del Rey', 19, 0, 0),
(3061, '250', '9', 'Santiuste', 19, 0, 0),
(3062, '251', '6', 'Saúca', 19, 0, 0),
(3063, '252', '1', 'Sayatón', 19, 0, 0),
(3064, '254', '2', 'Selas', 19, 0, 0),
(3065, '901', '0', 'Semillas', 19, 0, 0),
(3066, '255', '5', 'Setiles', 19, 0, 0),
(3067, '256', '8', 'Sienes', 19, 0, 0),
(3068, '257', '4', 'Sigüenza', 19, 0, 0),
(3069, '258', '0', 'Solanillos del Extremo', 19, 0, 0),
(3070, '259', '3', 'Somolinos', 19, 0, 0),
(3071, '260', '7', 'Sotillo, El', 19, 0, 0),
(3072, '261', '4', 'Sotodosos', 19, 0, 0),
(3073, '262', '9', 'Tamajón', 19, 0, 0),
(3074, '263', '5', 'Taragudo', 19, 0, 0),
(3075, '264', '0', 'Taravilla', 19, 0, 0),
(3076, '265', '3', 'Tartanedo', 19, 0, 0),
(3077, '266', '6', 'Tendilla', 19, 0, 0),
(3078, '267', '2', 'Terzaga', 19, 0, 0),
(3079, '268', '8', 'Tierzo', 19, 0, 0),
(3080, '269', '1', 'Toba, La', 19, 0, 0),
(3081, '271', '2', 'Tordellego', 19, 0, 0),
(3082, '270', '5', 'Tordelrábano', 19, 0, 0),
(3083, '272', '7', 'Tordesilos', 19, 0, 0),
(3084, '274', '8', 'Torija', 19, 0, 0),
(3085, '279', '9', 'Torre del Burgo', 19, 0, 0),
(3086, '277', '0', 'Torrecuadrada de Molina', 19, 0, 0),
(3087, '278', '6', 'Torrecuadradilla', 19, 0, 0),
(3088, '280', '3', 'Torrejón del Rey', 19, 0, 0),
(3089, '281', '0', 'Torremocha de Jadraque', 19, 0, 0),
(3090, '282', '5', 'Torremocha del Campo', 19, 0, 0),
(3091, '283', '1', 'Torremocha del Pinar', 19, 0, 0),
(3092, '284', '6', 'Torremochuela', 19, 0, 0),
(3093, '285', '9', 'Torrubia', 19, 0, 0),
(3094, '286', '2', 'Tórtola de Henares', 19, 0, 0),
(3095, '287', '8', 'Tortuera', 19, 0, 0),
(3096, '288', '4', 'Tortuero', 19, 0, 0),
(3097, '289', '7', 'Traíd', 19, 0, 0),
(3098, '290', '1', 'Trijueque', 19, 0, 0),
(3099, '291', '8', 'Trillo', 19, 0, 0),
(3100, '293', '9', 'Uceda', 19, 0, 0),
(3101, '294', '4', 'Ujados', 19, 0, 0),
(3102, '296', '0', 'Utande', 19, 0, 0),
(3103, '297', '6', 'Valdarachas', 19, 0, 0),
(3104, '298', '2', 'Valdearenas', 19, 0, 0),
(3105, '299', '5', 'Valdeavellano', 19, 0, 0),
(3106, '300', '9', 'Valdeaveruelo', 19, 0, 0),
(3107, '301', '6', 'Valdeconcha', 19, 0, 0),
(3108, '302', '1', 'Valdegrudas', 19, 0, 0),
(3109, '303', '7', 'Valdelcubo', 19, 0, 0),
(3110, '304', '2', 'Valdenuño Fernández', 19, 0, 0),
(3111, '305', '5', 'Valdepeñas de la Sierra', 19, 0, 0),
(3112, '306', '8', 'Valderrebollo', 19, 0, 0),
(3113, '307', '4', 'Valdesotos', 19, 0, 0),
(3114, '308', '0', 'Valfermoso de Tajuña', 19, 0, 0),
(3115, '309', '3', 'Valhermoso', 19, 0, 0),
(3116, '310', '7', 'Valtablado del Río', 19, 0, 0),
(3117, '311', '4', 'Valverde de los Arroyos', 19, 0, 0),
(3118, '314', '0', 'Viana de Jadraque', 19, 0, 0),
(3119, '317', '2', 'Villanueva de Alcorón', 19, 0, 0),
(3120, '318', '8', 'Villanueva de Argecilla', 19, 0, 0),
(3121, '319', '1', 'Villanueva de la Torre', 19, 0, 0),
(3122, '321', '2', 'Villares de Jadraque', 19, 0, 0),
(3123, '322', '7', 'Villaseca de Henares', 19, 0, 0),
(3124, '323', '3', 'Villaseca de Uceda', 19, 0, 0),
(3125, '324', '8', 'Villel de Mesa', 19, 0, 0),
(3126, '325', '1', 'Viñuelas', 19, 0, 0),
(3127, '326', '4', 'Yebes', 19, 0, 0),
(3128, '327', '0', 'Yebra', 19, 0, 0),
(3129, '329', '9', 'Yélamos de Abajo', 19, 0, 0),
(3130, '330', '3', 'Yélamos de Arriba', 19, 0, 0),
(3131, '331', '0', 'Yunquera de Henares', 19, 0, 0),
(3132, '332', '5', 'Yunta, La', 19, 0, 0),
(3133, '333', '1', 'Zaorejas', 19, 0, 0),
(3134, '334', '6', 'Zarzuela de Jadraque', 19, 0, 0),
(3135, '335', '9', 'Zorita de los Canes', 19, 0, 0),
(3136, '1', '3', 'Abaltzisketa', 20, 0, 0),
(3137, '2', '8', 'Aduna', 20, 0, 0),
(3138, '16', '3', 'Aia', 20, 0, 0),
(3139, '3', '4', 'Aizarnazabal', 20, 0, 0),
(3140, '4', '9', 'Albiztur', 20, 0, 0),
(3141, '5', '2', 'Alegia', 20, 0, 0),
(3142, '6', '5', 'Alkiza', 20, 0, 0),
(3143, '906', '6', 'Altzaga', 20, 0, 0),
(3144, '7', '1', 'Altzo', 20, 0, 0),
(3145, '8', '7', 'Amezketa', 20, 0, 0),
(3146, '9', '0', 'Andoain', 20, 0, 0),
(3147, '10', '4', 'Anoeta', 20, 0, 0),
(3148, '11', '1', 'Antzuola', 20, 0, 0),
(3149, '12', '6', 'Arama', 20, 0, 0),
(3150, '13', '2', 'Aretxabaleta', 20, 0, 0),
(3151, '55', '1', 'Arrasate/Mondragón', 20, 0, 0),
(3152, '14', '7', 'Asteasu', 20, 0, 0),
(3153, '903', '5', 'Astigarraga', 20, 0, 0),
(3154, '15', '0', 'Ataun', 20, 0, 0),
(3155, '17', '9', 'Azkoitia', 20, 0, 0),
(3156, '18', '5', 'Azpeitia', 20, 0, 0),
(3157, '904', '0', 'Baliarrain', 20, 0, 0),
(3158, '19', '8', 'Beasain', 20, 0, 0),
(3159, '20', '2', 'Beizama', 20, 0, 0),
(3160, '21', '9', 'Belauntza', 20, 0, 0),
(3161, '22', '4', 'Berastegi', 20, 0, 0),
(3162, '74', '4', 'Bergara', 20, 0, 0),
(3163, '23', '0', 'Berrobi', 20, 0, 0),
(3164, '24', '5', 'Bidania-Goiatz', 20, 0, 0),
(3165, '29', '6', 'Deba', 20, 0, 0),
(3166, '69', '7', 'Donostia/San Sebastián', 20, 0, 0),
(3167, '30', '0', 'Eibar', 20, 0, 0),
(3168, '31', '7', 'Elduain', 20, 0, 0),
(3169, '33', '8', 'Elgeta', 20, 0, 0),
(3170, '32', '2', 'Elgoibar', 20, 0, 0),
(3171, '67', '8', 'Errenteria', 20, 0, 0),
(3172, '66', '2', 'Errezil', 20, 0, 0),
(3173, '34', '3', 'Eskoriatza', 20, 0, 0),
(3174, '35', '6', 'Ezkio-Itsaso', 20, 0, 0),
(3175, '38', '1', 'Gabiria', 20, 0, 0),
(3176, '37', '5', 'Gaintza', 20, 0, 0),
(3177, '907', '2', 'Gaztelu', 20, 0, 0),
(3178, '39', '4', 'Getaria', 20, 0, 0),
(3179, '40', '8', 'Hernani', 20, 0, 0),
(3180, '41', '5', 'Hernialde', 20, 0, 0),
(3181, '36', '9', 'Hondarribia', 20, 0, 0),
(3182, '42', '0', 'Ibarra', 20, 0, 0),
(3183, '43', '6', 'Idiazabal', 20, 0, 0),
(3184, '44', '1', 'Ikaztegieta', 20, 0, 0),
(3185, '45', '4', 'Irun', 20, 0, 0),
(3186, '46', '7', 'Irura', 20, 0, 0),
(3187, '47', '3', 'Itsasondo', 20, 0, 0),
(3188, '48', '9', 'Larraul', 20, 0, 0),
(3189, '902', '9', 'Lasarte-Oria', 20, 0, 0),
(3190, '49', '2', 'Lazkao', 20, 0, 0),
(3191, '50', '5', 'Leaburu', 20, 0, 0),
(3192, '51', '2', 'Legazpi', 20, 0, 0),
(3193, '52', '7', 'Legorreta', 20, 0, 0),
(3194, '68', '4', 'Leintz-Gatzaga', 20, 0, 0),
(3195, '53', '3', 'Lezo', 20, 0, 0),
(3196, '54', '8', 'Lizartza', 20, 0, 0),
(3197, '901', '4', 'Mendaro', 20, 0, 0),
(3198, '57', '0', 'Mutiloa', 20, 0, 0),
(3199, '56', '4', 'Mutriku', 20, 0, 0),
(3200, '63', '1', 'Oiartzun', 20, 0, 0),
(3201, '58', '6', 'Olaberria', 20, 0, 0),
(3202, '59', '9', 'Oñati', 20, 0, 0),
(3203, '76', '0', 'Ordizia', 20, 0, 0),
(3204, '905', '3', 'Orendain', 20, 0, 0),
(3205, '60', '3', 'Orexa', 20, 0, 0),
(3206, '61', '0', 'Orio', 20, 0, 0),
(3207, '62', '5', 'Ormaiztegi', 20, 0, 0),
(3208, '64', '6', 'Pasaia', 20, 0, 0),
(3209, '70', '1', 'Segura', 20, 0, 0),
(3210, '65', '9', 'Soraluze-Placencia de las Armas', 20, 0, 0),
(3211, '71', '8', 'Tolosa', 20, 0, 0),
(3212, '72', '3', 'Urnieta', 20, 0, 0),
(3213, '77', '6', 'Urretxu', 20, 0, 0),
(3214, '73', '9', 'Usurbil', 20, 0, 0),
(3215, '75', '7', 'Villabona', 20, 0, 0),
(3216, '78', '2', 'Zaldibia', 20, 0, 0),
(3217, '79', '5', 'Zarautz', 20, 0, 0),
(3218, '25', '8', 'Zegama', 20, 0, 0),
(3219, '26', '1', 'Zerain', 20, 0, 0),
(3220, '27', '7', 'Zestoa', 20, 0, 0),
(3221, '28', '3', 'Zizurkil', 20, 0, 0),
(3222, '81', '6', 'Zumaia', 20, 0, 0),
(3223, '80', '9', 'Zumarraga', 20, 0, 0),
(3224, '1', '0', 'Alájar', 21, 0, 0),
(3225, '2', '5', 'Aljaraque', 21, 0, 0),
(3226, '3', '1', 'Almendro, El', 21, 0, 0),
(3227, '4', '6', 'Almonaster la Real', 21, 0, 0),
(3228, '5', '9', 'Almonte', 21, 0, 0),
(3229, '6', '2', 'Alosno', 21, 0, 0),
(3230, '7', '8', 'Aracena', 21, 0, 0),
(3231, '8', '4', 'Aroche', 21, 0, 0),
(3232, '9', '7', 'Arroyomolinos de León', 21, 0, 0),
(3233, '10', '1', 'Ayamonte', 21, 0, 0),
(3234, '11', '8', 'Beas', 21, 0, 0),
(3235, '12', '3', 'Berrocal', 21, 0, 0),
(3236, '13', '9', 'Bollullos Par del Condado', 21, 0, 0),
(3237, '14', '4', 'Bonares', 21, 0, 0),
(3238, '15', '7', 'Cabezas Rubias', 21, 0, 0),
(3239, '16', '0', 'Cala', 21, 0, 0),
(3240, '17', '6', 'Calañas', 21, 0, 0),
(3241, '18', '2', 'Campillo, El', 21, 0, 0),
(3242, '19', '5', 'Campofrío', 21, 0, 0),
(3243, '20', '9', 'Cañaveral de León', 21, 0, 0),
(3244, '21', '6', 'Cartaya', 21, 0, 0),
(3245, '22', '1', 'Castaño del Robledo', 21, 0, 0),
(3246, '23', '7', 'Cerro de Andévalo, El', 21, 0, 0),
(3247, '30', '7', 'Chucena', 21, 0, 0),
(3248, '24', '2', 'Corteconcepción', 21, 0, 0),
(3249, '25', '5', 'Cortegana', 21, 0, 0),
(3250, '26', '8', 'Cortelazor', 21, 0, 0),
(3251, '27', '4', 'Cumbres de Enmedio', 21, 0, 0),
(3252, '28', '0', 'Cumbres de San Bartolomé', 21, 0, 0),
(3253, '29', '3', 'Cumbres Mayores', 21, 0, 0),
(3254, '31', '4', 'Encinasola', 21, 0, 0),
(3255, '32', '9', 'Escacena del Campo', 21, 0, 0),
(3256, '33', '5', 'Fuenteheridos', 21, 0, 0),
(3257, '34', '0', 'Galaroza', 21, 0, 0),
(3258, '35', '3', 'Gibraleón', 21, 0, 0),
(3259, '36', '6', 'Granada de Río-Tinto, La', 21, 0, 0),
(3260, '37', '2', 'Granado, El', 21, 0, 0),
(3261, '38', '8', 'Higuera de la Sierra', 21, 0, 0),
(3262, '39', '1', 'Hinojales', 21, 0, 0),
(3263, '40', '5', 'Hinojos', 21, 0, 0),
(3264, '41', '2', 'Huelva', 21, 0, 0),
(3265, '42', '7', 'Isla Cristina', 21, 0, 0),
(3266, '43', '3', 'Jabugo', 21, 0, 0),
(3267, '44', '8', 'Lepe', 21, 0, 0),
(3268, '45', '1', 'Linares de la Sierra', 21, 0, 0),
(3269, '46', '4', 'Lucena del Puerto', 21, 0, 0),
(3270, '47', '0', 'Manzanilla', 21, 0, 0),
(3271, '48', '6', 'Marines, Los', 21, 0, 0),
(3272, '49', '9', 'Minas de Riotinto', 21, 0, 0),
(3273, '50', '2', 'Moguer', 21, 0, 0),
(3274, '51', '9', 'Nava, La', 21, 0, 0),
(3275, '52', '4', 'Nerva', 21, 0, 0),
(3276, '53', '0', 'Niebla', 21, 0, 0),
(3277, '54', '5', 'Palma del Condado, La', 21, 0, 0),
(3278, '55', '8', 'Palos de la Frontera', 21, 0, 0),
(3279, '56', '1', 'Paterna del Campo', 21, 0, 0),
(3280, '57', '7', 'Paymogo', 21, 0, 0),
(3281, '58', '3', 'Puebla de Guzmán', 21, 0, 0),
(3282, '59', '6', 'Puerto Moral', 21, 0, 0),
(3283, '60', '0', 'Punta Umbría', 21, 0, 0),
(3284, '61', '7', 'Rociana del Condado', 21, 0, 0),
(3285, '62', '2', 'Rosal de la Frontera', 21, 0, 0),
(3286, '63', '8', 'San Bartolomé de la Torre', 21, 0, 0),
(3287, '64', '3', 'San Juan del Puerto', 21, 0, 0),
(3288, '66', '9', 'San Silvestre de Guzmán', 21, 0, 0),
(3289, '65', '6', 'Sanlúcar de Guadiana', 21, 0, 0),
(3290, '67', '5', 'Santa Ana la Real', 21, 0, 0),
(3291, '68', '1', 'Santa Bárbara de Casa', 21, 0, 0),
(3292, '69', '4', 'Santa Olalla del Cala', 21, 0, 0),
(3293, '70', '8', 'Trigueros', 21, 0, 0),
(3294, '71', '5', 'Valdelarco', 21, 0, 0),
(3295, '72', '0', 'Valverde del Camino', 21, 0, 0),
(3296, '73', '6', 'Villablanca', 21, 0, 0),
(3297, '74', '1', 'Villalba del Alcor', 21, 0, 0),
(3298, '75', '4', 'Villanueva de las Cruces', 21, 0, 0),
(3299, '76', '7', 'Villanueva de los Castillejos', 21, 0, 0),
(3300, '77', '3', 'Villarrasa', 21, 0, 0),
(3301, '78', '9', 'Zalamea la Real', 21, 0, 0),
(3302, '79', '2', 'Zufre', 21, 0, 0),
(3303, '1', '5', 'Abiego', 22, 0, 0),
(3304, '2', '0', 'Abizanda', 22, 0, 0),
(3305, '3', '6', 'Adahuesca', 22, 0, 0),
(3306, '4', '1', 'Agüero', 22, 0, 0),
(3307, '907', '4', 'Aínsa-Sobrarbe', 22, 0, 0),
(3308, '6', '7', 'Aisa', 22, 0, 0),
(3309, '7', '3', 'Albalate de Cinca', 22, 0, 0),
(3310, '8', '9', 'Albalatillo', 22, 0, 0),
(3311, '9', '2', 'Albelda', 22, 0, 0),
(3312, '11', '3', 'Albero Alto', 22, 0, 0),
(3313, '12', '8', 'Albero Bajo', 22, 0, 0),
(3314, '13', '4', 'Alberuela de Tubo', 22, 0, 0),
(3315, '14', '9', 'Alcalá de Gurrea', 22, 0, 0),
(3316, '15', '2', 'Alcalá del Obispo', 22, 0, 0),
(3317, '16', '5', 'Alcampell', 22, 0, 0),
(3318, '17', '1', 'Alcolea de Cinca', 22, 0, 0),
(3319, '18', '7', 'Alcubierre', 22, 0, 0),
(3320, '19', '0', 'Alerre', 22, 0, 0),
(3321, '20', '4', 'Alfántega', 22, 0, 0),
(3322, '21', '1', 'Almudévar', 22, 0, 0),
(3323, '22', '6', 'Almunia de San Juan', 22, 0, 0),
(3324, '23', '2', 'Almuniente', 22, 0, 0),
(3325, '24', '7', 'Alquézar', 22, 0, 0),
(3326, '25', '0', 'Altorricón', 22, 0, 0),
(3327, '27', '9', 'Angüés', 22, 0, 0),
(3328, '28', '5', 'Ansó', 22, 0, 0),
(3329, '29', '8', 'Antillón', 22, 0, 0),
(3330, '32', '4', 'Aragüés del Puerto', 22, 0, 0),
(3331, '35', '8', 'Arén', 22, 0, 0),
(3332, '36', '1', 'Argavieso', 22, 0, 0),
(3333, '37', '7', 'Arguis', 22, 0, 0),
(3334, '39', '6', 'Ayerbe', 22, 0, 0),
(3335, '40', '0', 'Azanuy-Alins', 22, 0, 0),
(3336, '41', '7', 'Azara', 22, 0, 0),
(3337, '42', '2', 'Azlor', 22, 0, 0),
(3338, '43', '8', 'Baélls', 22, 0, 0),
(3339, '44', '3', 'Bailo', 22, 0, 0),
(3340, '45', '6', 'Baldellou', 22, 0, 0),
(3341, '46', '9', 'Ballobar', 22, 0, 0),
(3342, '47', '5', 'Banastás', 22, 0, 0),
(3343, '48', '1', 'Barbastro', 22, 0, 0),
(3344, '49', '4', 'Barbués', 22, 0, 0),
(3345, '50', '7', 'Barbuñales', 22, 0, 0),
(3346, '51', '4', 'Bárcabo', 22, 0, 0),
(3347, '52', '9', 'Belver de Cinca', 22, 0, 0),
(3348, '53', '5', 'Benabarre', 22, 0, 0),
(3349, '54', '0', 'Benasque', 22, 0, 0),
(3350, '246', '7', 'Beranuy', 22, 0, 0),
(3351, '55', '3', 'Berbegal', 22, 0, 0),
(3352, '57', '2', 'Bielsa', 22, 0, 0),
(3353, '58', '8', 'Bierge', 22, 0, 0),
(3354, '59', '1', 'Biescas', 22, 0, 0),
(3355, '60', '5', 'Binaced', 22, 0, 0),
(3356, '61', '2', 'Binéfar', 22, 0, 0),
(3357, '62', '7', 'Bisaurri', 22, 0, 0),
(3358, '63', '3', 'Biscarrués', 22, 0, 0),
(3359, '64', '8', 'Blecua y Torres', 22, 0, 0),
(3360, '66', '4', 'Boltaña', 22, 0, 0),
(3361, '67', '0', 'Bonansa', 22, 0, 0),
(3362, '68', '6', 'Borau', 22, 0, 0),
(3363, '69', '9', 'Broto', 22, 0, 0),
(3364, '72', '5', 'Caldearenas', 22, 0, 0),
(3365, '74', '6', 'Campo', 22, 0, 0),
(3366, '75', '9', 'Camporrélls', 22, 0, 0),
(3367, '76', '2', 'Canal de Berdún', 22, 0, 0),
(3368, '77', '8', 'Candasnos', 22, 0, 0),
(3369, '78', '4', 'Canfranc', 22, 0, 0),
(3370, '79', '7', 'Capdesaso', 22, 0, 0),
(3371, '80', '1', 'Capella', 22, 0, 0),
(3372, '81', '8', 'Casbas de Huesca', 22, 0, 0),
(3373, '83', '9', 'Castejón de Monegros', 22, 0, 0),
(3374, '84', '4', 'Castejón de Sos', 22, 0, 0),
(3375, '82', '3', 'Castejón del Puente', 22, 0, 0),
(3376, '85', '7', 'Castelflorite', 22, 0, 0),
(3377, '86', '0', 'Castiello de Jaca', 22, 0, 0),
(3378, '87', '6', 'Castigaleu', 22, 0, 0),
(3379, '88', '2', 'Castillazuelo', 22, 0, 0),
(3380, '89', '5', 'Castillonroy', 22, 0, 0),
(3381, '94', '2', 'Chalamera', 22, 0, 0),
(3382, '95', '5', 'Chía', 22, 0, 0),
(3383, '96', '8', 'Chimillas', 22, 0, 0),
(3384, '90', '9', 'Colungo', 22, 0, 0),
(3385, '99', '3', 'Esplús', 22, 0, 0),
(3386, '102', '9', 'Estada', 22, 0, 0),
(3387, '103', '5', 'Estadilla', 22, 0, 0),
(3388, '105', '3', 'Estopiñán del Castillo', 22, 0, 0),
(3389, '106', '6', 'Fago', 22, 0, 0),
(3390, '107', '2', 'Fanlo', 22, 0, 0),
(3391, '109', '1', 'Fiscal', 22, 0, 0),
(3392, '110', '5', 'Fonz', 22, 0, 0),
(3393, '111', '2', 'Foradada del Toscar', 22, 0, 0),
(3394, '112', '7', 'Fraga', 22, 0, 0),
(3395, '113', '3', 'Fueva, La', 22, 0, 0),
(3396, '114', '8', 'Gistaín', 22, 0, 0),
(3397, '115', '1', 'Grado, El', 22, 0, 0),
(3398, '116', '4', 'Grañén', 22, 0, 0),
(3399, '117', '0', 'Graus', 22, 0, 0),
(3400, '119', '9', 'Gurrea de Gállego', 22, 0, 0),
(3401, '122', '5', 'Hoz de Jaca', 22, 0, 0),
(3402, '908', '0', 'Hoz y Costean', 22, 0, 0),
(3403, '124', '6', 'Huerto', 22, 0, 0),
(3404, '125', '9', 'Huesca', 22, 0, 0),
(3405, '126', '2', 'Ibieca', 22, 0, 0),
(3406, '127', '8', 'Igriés', 22, 0, 0),
(3407, '128', '4', 'Ilche', 22, 0, 0),
(3408, '129', '7', 'Isábena', 22, 0, 0),
(3409, '130', '1', 'Jaca', 22, 0, 0),
(3410, '131', '8', 'Jasa', 22, 0, 0),
(3411, '133', '9', 'Labuerda', 22, 0, 0),
(3412, '135', '7', 'Laluenga', 22, 0, 0),
(3413, '136', '0', 'Lalueza', 22, 0, 0),
(3414, '137', '6', 'Lanaja', 22, 0, 0),
(3415, '139', '5', 'Laperdiguera', 22, 0, 0),
(3416, '141', '6', 'Lascellas-Ponzano', 22, 0, 0),
(3417, '142', '1', 'Lascuarre', 22, 0, 0),
(3418, '143', '7', 'Laspaúles', 22, 0, 0),
(3419, '144', '2', 'Laspuña', 22, 0, 0),
(3420, '149', '3', 'Loarre', 22, 0, 0),
(3421, '150', '6', 'Loporzano', 22, 0, 0),
(3422, '151', '3', 'Loscorrales', 22, 0, 0),
(3423, '905', '5', 'Lupiñén-Ortilla', 22, 0, 0),
(3424, '155', '2', 'Monesma y Cajigar', 22, 0, 0),
(3425, '156', '5', 'Monflorite-Lascasas', 22, 0, 0),
(3426, '157', '1', 'Montanuy', 22, 0, 0),
(3427, '158', '7', 'Monzón', 22, 0, 0),
(3428, '160', '4', 'Naval', 22, 0, 0),
(3429, '162', '6', 'Novales', 22, 0, 0),
(3430, '163', '2', 'Nueno', 22, 0, 0),
(3431, '164', '7', 'Olvena', 22, 0, 0),
(3432, '165', '0', 'Ontiñena', 22, 0, 0),
(3433, '167', '9', 'Osso de Cinca', 22, 0, 0),
(3434, '168', '5', 'Palo', 22, 0, 0),
(3435, '170', '2', 'Panticosa', 22, 0, 0),
(3436, '172', '4', 'Peñalba', 22, 0, 0),
(3437, '173', '0', 'Peñas de Riglos, Las', 22, 0, 0),
(3438, '174', '5', 'Peralta de Alcofea', 22, 0, 0),
(3439, '175', '8', 'Peralta de Calasanz', 22, 0, 0),
(3440, '176', '1', 'Peraltilla', 22, 0, 0),
(3441, '177', '7', 'Perarrúa', 22, 0, 0),
(3442, '178', '3', 'Pertusa', 22, 0, 0),
(3443, '181', '7', 'Piracés', 22, 0, 0),
(3444, '182', '2', 'Plan', 22, 0, 0),
(3445, '184', '3', 'Poleñino', 22, 0, 0),
(3446, '186', '9', 'Pozán de Vero', 22, 0, 0),
(3447, '187', '5', 'Puebla de Castro, La', 22, 0, 0),
(3448, '188', '1', 'Puente de Montañana', 22, 0, 0),
(3449, '902', '1', 'Puente la Reina de Jaca', 22, 0, 0),
(3450, '189', '4', 'Puértolas', 22, 0, 0),
(3451, '190', '8', 'Pueyo de Araguás, El', 22, 0, 0),
(3452, '193', '6', 'Pueyo de Santa Cruz', 22, 0, 0),
(3453, '195', '4', 'Quicena', 22, 0, 0),
(3454, '197', '3', 'Robres', 22, 0, 0),
(3455, '199', '2', 'Sabiñánigo', 22, 0, 0),
(3456, '200', '6', 'Sahún', 22, 0, 0);
INSERT INTO `poblaciones` (`id`, `codigo`, `cp`, `poblacion`, `provincia_id`, `activa`, `defecto`) VALUES
(3457, '201', '3', 'Salas Altas', 22, 0, 0),
(3458, '202', '8', 'Salas Bajas', 22, 0, 0),
(3459, '203', '4', 'Salillas', 22, 0, 0),
(3460, '204', '9', 'Sallent de Gállego', 22, 0, 0),
(3461, '205', '2', 'San Esteban de Litera', 22, 0, 0),
(3462, '207', '1', 'San Juan de Plan', 22, 0, 0),
(3463, '903', '7', 'San Miguel del Cinca', 22, 0, 0),
(3464, '206', '5', 'Sangarrén', 22, 0, 0),
(3465, '208', '7', 'Santa Cilia', 22, 0, 0),
(3466, '209', '0', 'Santa Cruz de la Serós', 22, 0, 0),
(3467, '906', '8', 'Santa María de Dulcis', 22, 0, 0),
(3468, '212', '6', 'Santaliestra y San Quílez', 22, 0, 0),
(3469, '213', '2', 'Sariñena', 22, 0, 0),
(3470, '214', '7', 'Secastilla', 22, 0, 0),
(3471, '215', '0', 'Seira', 22, 0, 0),
(3472, '217', '9', 'Sena', 22, 0, 0),
(3473, '218', '5', 'Senés de Alcubierre', 22, 0, 0),
(3474, '220', '2', 'Sesa', 22, 0, 0),
(3475, '221', '9', 'Sesué', 22, 0, 0),
(3476, '222', '4', 'Siétamo', 22, 0, 0),
(3477, '223', '0', 'Sopeira', 22, 0, 0),
(3478, '904', '2', 'Sotonera, La', 22, 0, 0),
(3479, '225', '8', 'Tamarite de Litera', 22, 0, 0),
(3480, '226', '1', 'Tardienta', 22, 0, 0),
(3481, '227', '7', 'Tella-Sin', 22, 0, 0),
(3482, '228', '3', 'Tierz', 22, 0, 0),
(3483, '229', '6', 'Tolva', 22, 0, 0),
(3484, '230', '0', 'Torla-Ordesa', 22, 0, 0),
(3485, '232', '2', 'Torralba de Aragón', 22, 0, 0),
(3486, '233', '8', 'Torre la Ribera', 22, 0, 0),
(3487, '234', '3', 'Torrente de Cinca', 22, 0, 0),
(3488, '235', '6', 'Torres de Alcanadre', 22, 0, 0),
(3489, '236', '9', 'Torres de Barbués', 22, 0, 0),
(3490, '239', '4', 'Tramaced', 22, 0, 0),
(3491, '242', '0', 'Valfarta', 22, 0, 0),
(3492, '243', '6', 'Valle de Bardají', 22, 0, 0),
(3493, '901', '6', 'Valle de Hecho', 22, 0, 0),
(3494, '244', '1', 'Valle de Lierp', 22, 0, 0),
(3495, '245', '4', 'Velilla de Cinca', 22, 0, 0),
(3496, '909', '3', 'Vencillón', 22, 0, 0),
(3497, '247', '3', 'Viacamp y Litera', 22, 0, 0),
(3498, '248', '9', 'Vicién', 22, 0, 0),
(3499, '249', '2', 'Villanova', 22, 0, 0),
(3500, '250', '5', 'Villanúa', 22, 0, 0),
(3501, '251', '2', 'Villanueva de Sigena', 22, 0, 0),
(3502, '252', '7', 'Yebra de Basa', 22, 0, 0),
(3503, '253', '3', 'Yésero', 22, 0, 0),
(3504, '254', '8', 'Zaidín', 22, 0, 0),
(3505, '1', '1', 'Albanchez de Mágina', 23, 0, 0),
(3506, '2', '6', 'Alcalá la Real', 23, 0, 0),
(3507, '3', '2', 'Alcaudete', 23, 0, 0),
(3508, '4', '7', 'Aldeaquemada', 23, 0, 0),
(3509, '5', '0', 'Andújar', 23, 0, 0),
(3510, '6', '3', 'Arjona', 23, 0, 0),
(3511, '7', '9', 'Arjonilla', 23, 0, 0),
(3512, '8', '5', 'Arquillos', 23, 0, 0),
(3513, '905', '1', 'Arroyo del Ojanco', 23, 0, 0),
(3514, '9', '8', 'Baeza', 23, 0, 0),
(3515, '10', '2', 'Bailén', 23, 0, 0),
(3516, '11', '9', 'Baños de la Encina', 23, 0, 0),
(3517, '12', '4', 'Beas de Segura', 23, 0, 0),
(3518, '902', '7', 'Bedmar y Garcíez', 23, 0, 0),
(3519, '14', '5', 'Begíjar', 23, 0, 0),
(3520, '15', '8', 'Bélmez de la Moraleda', 23, 0, 0),
(3521, '16', '1', 'Benatae', 23, 0, 0),
(3522, '17', '7', 'Cabra del Santo Cristo', 23, 0, 0),
(3523, '18', '3', 'Cambil', 23, 0, 0),
(3524, '19', '6', 'Campillo de Arenas', 23, 0, 0),
(3525, '20', '0', 'Canena', 23, 0, 0),
(3526, '21', '7', 'Carboneros', 23, 0, 0),
(3527, '901', '2', 'Cárcheles', 23, 0, 0),
(3528, '24', '3', 'Carolina, La', 23, 0, 0),
(3529, '25', '6', 'Castellar', 23, 0, 0),
(3530, '26', '9', 'Castillo de Locubín', 23, 0, 0),
(3531, '27', '5', 'Cazalilla', 23, 0, 0),
(3532, '28', '1', 'Cazorla', 23, 0, 0),
(3533, '29', '4', 'Chiclana de Segura', 23, 0, 0),
(3534, '30', '8', 'Chilluévar', 23, 0, 0),
(3535, '31', '5', 'Escañuela', 23, 0, 0),
(3536, '32', '0', 'Espeluy', 23, 0, 0),
(3537, '33', '6', 'Frailes', 23, 0, 0),
(3538, '34', '1', 'Fuensanta de Martos', 23, 0, 0),
(3539, '35', '4', 'Fuerte del Rey', 23, 0, 0),
(3540, '37', '3', 'Génave', 23, 0, 0),
(3541, '38', '9', 'Guardia de Jaén, La', 23, 0, 0),
(3542, '39', '2', 'Guarromán', 23, 0, 0),
(3543, '41', '3', 'Higuera de Calatrava', 23, 0, 0),
(3544, '42', '8', 'Hinojares', 23, 0, 0),
(3545, '43', '4', 'Hornos', 23, 0, 0),
(3546, '44', '9', 'Huelma', 23, 0, 0),
(3547, '45', '2', 'Huesa', 23, 0, 0),
(3548, '46', '5', 'Ibros', 23, 0, 0),
(3549, '47', '1', 'Iruela, La', 23, 0, 0),
(3550, '48', '7', 'Iznatoraf', 23, 0, 0),
(3551, '49', '0', 'Jabalquinto', 23, 0, 0),
(3552, '50', '3', 'Jaén', 23, 0, 0),
(3553, '51', '0', 'Jamilena', 23, 0, 0),
(3554, '52', '5', 'Jimena', 23, 0, 0),
(3555, '53', '1', 'Jódar', 23, 0, 0),
(3556, '40', '6', 'Lahiguera', 23, 0, 0),
(3557, '54', '6', 'Larva', 23, 0, 0),
(3558, '55', '9', 'Linares', 23, 0, 0),
(3559, '56', '2', 'Lopera', 23, 0, 0),
(3560, '57', '8', 'Lupión', 23, 0, 0),
(3561, '58', '4', 'Mancha Real', 23, 0, 0),
(3562, '59', '7', 'Marmolejo', 23, 0, 0),
(3563, '60', '1', 'Martos', 23, 0, 0),
(3564, '61', '8', 'Mengíbar', 23, 0, 0),
(3565, '62', '3', 'Montizón', 23, 0, 0),
(3566, '63', '9', 'Navas de San Juan', 23, 0, 0),
(3567, '64', '4', 'Noalejo', 23, 0, 0),
(3568, '65', '7', 'Orcera', 23, 0, 0),
(3569, '66', '0', 'Peal de Becerro', 23, 0, 0),
(3570, '67', '6', 'Pegalajar', 23, 0, 0),
(3571, '69', '5', 'Porcuna', 23, 0, 0),
(3572, '70', '9', 'Pozo Alcón', 23, 0, 0),
(3573, '71', '6', 'Puente de Génave', 23, 0, 0),
(3574, '72', '1', 'Puerta de Segura, La', 23, 0, 0),
(3575, '73', '7', 'Quesada', 23, 0, 0),
(3576, '74', '2', 'Rus', 23, 0, 0),
(3577, '75', '5', 'Sabiote', 23, 0, 0),
(3578, '76', '8', 'Santa Elena', 23, 0, 0),
(3579, '77', '4', 'Santiago de Calatrava', 23, 0, 0),
(3580, '904', '8', 'Santiago-Pontones', 23, 0, 0),
(3581, '79', '3', 'Santisteban del Puerto', 23, 0, 0),
(3582, '80', '7', 'Santo Tomé', 23, 0, 0),
(3583, '81', '4', 'Segura de la Sierra', 23, 0, 0),
(3584, '82', '9', 'Siles', 23, 0, 0),
(3585, '84', '0', 'Sorihuela del Guadalimar', 23, 0, 0),
(3586, '85', '3', 'Torreblascopedro', 23, 0, 0),
(3587, '86', '6', 'Torredelcampo', 23, 0, 0),
(3588, '87', '2', 'Torredonjimeno', 23, 0, 0),
(3589, '88', '8', 'Torreperogil', 23, 0, 0),
(3590, '90', '5', 'Torres', 23, 0, 0),
(3591, '91', '2', 'Torres de Albánchez', 23, 0, 0),
(3592, '92', '7', 'Úbeda', 23, 0, 0),
(3593, '93', '3', 'Valdepeñas de Jaén', 23, 0, 0),
(3594, '94', '8', 'Vilches', 23, 0, 0),
(3595, '95', '1', 'Villacarrillo', 23, 0, 0),
(3596, '96', '4', 'Villanueva de la Reina', 23, 0, 0),
(3597, '97', '0', 'Villanueva del Arzobispo', 23, 0, 0),
(3598, '98', '6', 'Villardompardo', 23, 0, 0),
(3599, '99', '9', 'Villares, Los', 23, 0, 0),
(3600, '101', '0', 'Villarrodrigo', 23, 0, 0),
(3601, '903', '3', 'Villatorres', 23, 0, 0),
(3602, '1', '6', 'Acebedo', 24, 0, 0),
(3603, '2', '1', 'Algadefe', 24, 0, 0),
(3604, '3', '7', 'Alija del Infantado', 24, 0, 0),
(3605, '4', '2', 'Almanza', 24, 0, 0),
(3606, '5', '5', 'Antigua, La', 24, 0, 0),
(3607, '6', '8', 'Ardón', 24, 0, 0),
(3608, '7', '4', 'Arganza', 24, 0, 0),
(3609, '8', '0', 'Astorga', 24, 0, 0),
(3610, '9', '3', 'Balboa', 24, 0, 0),
(3611, '10', '7', 'Bañeza, La', 24, 0, 0),
(3612, '11', '4', 'Barjas', 24, 0, 0),
(3613, '12', '9', 'Barrios de Luna, Los', 24, 0, 0),
(3614, '14', '0', 'Bembibre', 24, 0, 0),
(3615, '15', '3', 'Benavides', 24, 0, 0),
(3616, '16', '6', 'Benuza', 24, 0, 0),
(3617, '17', '2', 'Bercianos del Páramo', 24, 0, 0),
(3618, '18', '8', 'Bercianos del Real Camino', 24, 0, 0),
(3619, '19', '1', 'Berlanga del Bierzo', 24, 0, 0),
(3620, '20', '5', 'Boca de Huérgano', 24, 0, 0),
(3621, '21', '2', 'Boñar', 24, 0, 0),
(3622, '22', '7', 'Borrenes', 24, 0, 0),
(3623, '23', '3', 'Brazuelo', 24, 0, 0),
(3624, '24', '8', 'Burgo Ranero, El', 24, 0, 0),
(3625, '25', '1', 'Burón', 24, 0, 0),
(3626, '26', '4', 'Bustillo del Páramo', 24, 0, 0),
(3627, '27', '0', 'Cabañas Raras', 24, 0, 0),
(3628, '28', '6', 'Cabreros del Río', 24, 0, 0),
(3629, '29', '9', 'Cabrillanes', 24, 0, 0),
(3630, '30', '3', 'Cacabelos', 24, 0, 0),
(3631, '31', '0', 'Calzada del Coto', 24, 0, 0),
(3632, '32', '5', 'Campazas', 24, 0, 0),
(3633, '33', '1', 'Campo de Villavidel', 24, 0, 0),
(3634, '34', '6', 'Camponaraya', 24, 0, 0),
(3635, '36', '2', 'Candín', 24, 0, 0),
(3636, '37', '8', 'Cármenes', 24, 0, 0),
(3637, '38', '4', 'Carracedelo', 24, 0, 0),
(3638, '39', '7', 'Carrizo', 24, 0, 0),
(3639, '40', '1', 'Carrocera', 24, 0, 0),
(3640, '41', '8', 'Carucedo', 24, 0, 0),
(3641, '42', '3', 'Castilfalé', 24, 0, 0),
(3642, '43', '9', 'Castrillo de Cabrera', 24, 0, 0),
(3643, '44', '4', 'Castrillo de la Valduerna', 24, 0, 0),
(3644, '46', '0', 'Castrocalbón', 24, 0, 0),
(3645, '47', '6', 'Castrocontrigo', 24, 0, 0),
(3646, '49', '5', 'Castropodame', 24, 0, 0),
(3647, '50', '8', 'Castrotierra de Valmadrigal', 24, 0, 0),
(3648, '51', '5', 'Cea', 24, 0, 0),
(3649, '52', '0', 'Cebanico', 24, 0, 0),
(3650, '53', '6', 'Cebrones del Río', 24, 0, 0),
(3651, '65', '2', 'Chozas de Abajo', 24, 0, 0),
(3652, '54', '1', 'Cimanes de la Vega', 24, 0, 0),
(3653, '55', '4', 'Cimanes del Tejar', 24, 0, 0),
(3654, '56', '7', 'Cistierna', 24, 0, 0),
(3655, '57', '3', 'Congosto', 24, 0, 0),
(3656, '58', '9', 'Corbillos de los Oteros', 24, 0, 0),
(3657, '59', '2', 'Corullón', 24, 0, 0),
(3658, '60', '6', 'Crémenes', 24, 0, 0),
(3659, '61', '3', 'Cuadros', 24, 0, 0),
(3660, '62', '8', 'Cubillas de los Oteros', 24, 0, 0),
(3661, '63', '4', 'Cubillas de Rueda', 24, 0, 0),
(3662, '64', '9', 'Cubillos del Sil', 24, 0, 0),
(3663, '66', '5', 'Destriana', 24, 0, 0),
(3664, '67', '1', 'Encinedo', 24, 0, 0),
(3665, '68', '7', 'Ercina, La', 24, 0, 0),
(3666, '69', '0', 'Escobar de Campos', 24, 0, 0),
(3667, '70', '4', 'Fabero', 24, 0, 0),
(3668, '71', '1', 'Folgoso de la Ribera', 24, 0, 0),
(3669, '73', '2', 'Fresno de la Vega', 24, 0, 0),
(3670, '74', '7', 'Fuentes de Carbajal', 24, 0, 0),
(3671, '76', '3', 'Garrafe de Torío', 24, 0, 0),
(3672, '77', '9', 'Gordaliza del Pino', 24, 0, 0),
(3673, '78', '5', 'Gordoncillo', 24, 0, 0),
(3674, '79', '8', 'Gradefes', 24, 0, 0),
(3675, '80', '2', 'Grajal de Campos', 24, 0, 0),
(3676, '81', '9', 'Gusendos de los Oteros', 24, 0, 0),
(3677, '82', '4', 'Hospital de Órbigo', 24, 0, 0),
(3678, '83', '0', 'Igüeña', 24, 0, 0),
(3679, '84', '5', 'Izagre', 24, 0, 0),
(3680, '86', '1', 'Joarilla de las Matas', 24, 0, 0),
(3681, '87', '7', 'Laguna Dalga', 24, 0, 0),
(3682, '88', '3', 'Laguna de Negrillos', 24, 0, 0),
(3683, '89', '6', 'León', 24, 0, 0),
(3684, '92', '2', 'Llamas de la Ribera', 24, 0, 0),
(3685, '90', '0', 'Lucillo', 24, 0, 0),
(3686, '91', '7', 'Luyego', 24, 0, 0),
(3687, '93', '8', 'Magaz de Cepeda', 24, 0, 0),
(3688, '94', '3', 'Mansilla de las Mulas', 24, 0, 0),
(3689, '95', '6', 'Mansilla Mayor', 24, 0, 0),
(3690, '96', '9', 'Maraña', 24, 0, 0),
(3691, '97', '5', 'Matadeón de los Oteros', 24, 0, 0),
(3692, '98', '1', 'Matallana de Torío', 24, 0, 0),
(3693, '99', '4', 'Matanza', 24, 0, 0),
(3694, '100', '8', 'Molinaseca', 24, 0, 0),
(3695, '101', '5', 'Murias de Paredes', 24, 0, 0),
(3696, '102', '0', 'Noceda del Bierzo', 24, 0, 0),
(3697, '103', '6', 'Oencia', 24, 0, 0),
(3698, '104', '1', 'Omañas, Las', 24, 0, 0),
(3699, '105', '4', 'Onzonilla', 24, 0, 0),
(3700, '106', '7', 'Oseja de Sajambre', 24, 0, 0),
(3701, '107', '3', 'Pajares de los Oteros', 24, 0, 0),
(3702, '108', '9', 'Palacios de la Valduerna', 24, 0, 0),
(3703, '109', '2', 'Palacios del Sil', 24, 0, 0),
(3704, '110', '6', 'Páramo del Sil', 24, 0, 0),
(3705, '112', '8', 'Peranzanes', 24, 0, 0),
(3706, '113', '4', 'Pobladura de Pelayo García', 24, 0, 0),
(3707, '114', '9', 'Pola de Gordón, La', 24, 0, 0),
(3708, '115', '2', 'Ponferrada', 24, 0, 0),
(3709, '116', '5', 'Posada de Valdeón', 24, 0, 0),
(3710, '117', '1', 'Pozuelo del Páramo', 24, 0, 0),
(3711, '118', '7', 'Prado de la Guzpeña', 24, 0, 0),
(3712, '119', '0', 'Priaranza del Bierzo', 24, 0, 0),
(3713, '120', '4', 'Prioro', 24, 0, 0),
(3714, '121', '1', 'Puebla de Lillo', 24, 0, 0),
(3715, '122', '6', 'Puente de Domingo Flórez', 24, 0, 0),
(3716, '123', '2', 'Quintana del Castillo', 24, 0, 0),
(3717, '124', '7', 'Quintana del Marco', 24, 0, 0),
(3718, '125', '0', 'Quintana y Congosto', 24, 0, 0),
(3719, '127', '9', 'Regueras de Arriba', 24, 0, 0),
(3720, '129', '8', 'Reyero', 24, 0, 0),
(3721, '130', '2', 'Riaño', 24, 0, 0),
(3722, '131', '9', 'Riego de la Vega', 24, 0, 0),
(3723, '132', '4', 'Riello', 24, 0, 0),
(3724, '133', '0', 'Rioseco de Tapia', 24, 0, 0),
(3725, '134', '5', 'Robla, La', 24, 0, 0),
(3726, '136', '1', 'Roperuelos del Páramo', 24, 0, 0),
(3727, '137', '7', 'Sabero', 24, 0, 0),
(3728, '139', '6', 'Sahagún', 24, 0, 0),
(3729, '141', '7', 'San Adrián del Valle', 24, 0, 0),
(3730, '142', '2', 'San Andrés del Rabanedo', 24, 0, 0),
(3731, '144', '3', 'San Cristóbal de la Polantera', 24, 0, 0),
(3732, '145', '6', 'San Emiliano', 24, 0, 0),
(3733, '146', '9', 'San Esteban de Nogales', 24, 0, 0),
(3734, '148', '1', 'San Justo de la Vega', 24, 0, 0),
(3735, '149', '4', 'San Millán de los Caballeros', 24, 0, 0),
(3736, '150', '7', 'San Pedro Bercianos', 24, 0, 0),
(3737, '143', '8', 'Sancedo', 24, 0, 0),
(3738, '151', '4', 'Santa Colomba de Curueño', 24, 0, 0),
(3739, '152', '9', 'Santa Colomba de Somoza', 24, 0, 0),
(3740, '153', '5', 'Santa Cristina de Valmadrigal', 24, 0, 0),
(3741, '154', '0', 'Santa Elena de Jamuz', 24, 0, 0),
(3742, '155', '3', 'Santa María de la Isla', 24, 0, 0),
(3743, '158', '8', 'Santa María de Ordás', 24, 0, 0),
(3744, '156', '6', 'Santa María del Monte de Cea', 24, 0, 0),
(3745, '157', '2', 'Santa María del Páramo', 24, 0, 0),
(3746, '159', '1', 'Santa Marina del Rey', 24, 0, 0),
(3747, '160', '5', 'Santas Martas', 24, 0, 0),
(3748, '161', '2', 'Santiago Millas', 24, 0, 0),
(3749, '162', '7', 'Santovenia de la Valdoncina', 24, 0, 0),
(3750, '163', '3', 'Sariegos', 24, 0, 0),
(3751, '164', '8', 'Sena de Luna', 24, 0, 0),
(3752, '165', '1', 'Sobrado', 24, 0, 0),
(3753, '166', '4', 'Soto de la Vega', 24, 0, 0),
(3754, '167', '0', 'Soto y Amío', 24, 0, 0),
(3755, '168', '6', 'Toral de los Guzmanes', 24, 0, 0),
(3756, '206', '6', 'Toral de los Vados', 24, 0, 0),
(3757, '169', '9', 'Toreno', 24, 0, 0),
(3758, '170', '3', 'Torre del Bierzo', 24, 0, 0),
(3759, '171', '0', 'Trabadelo', 24, 0, 0),
(3760, '172', '5', 'Truchas', 24, 0, 0),
(3761, '173', '1', 'Turcia', 24, 0, 0),
(3762, '174', '6', 'Urdiales del Páramo', 24, 0, 0),
(3763, '185', '7', 'Val de San Lorenzo', 24, 0, 0),
(3764, '175', '9', 'Valdefresno', 24, 0, 0),
(3765, '176', '2', 'Valdefuentes del Páramo', 24, 0, 0),
(3766, '177', '8', 'Valdelugueros', 24, 0, 0),
(3767, '178', '4', 'Valdemora', 24, 0, 0),
(3768, '179', '7', 'Valdepiélago', 24, 0, 0),
(3769, '180', '1', 'Valdepolo', 24, 0, 0),
(3770, '181', '8', 'Valderas', 24, 0, 0),
(3771, '182', '3', 'Valderrey', 24, 0, 0),
(3772, '183', '9', 'Valderrueda', 24, 0, 0),
(3773, '184', '4', 'Valdesamario', 24, 0, 0),
(3774, '187', '6', 'Valdevimbre', 24, 0, 0),
(3775, '188', '2', 'Valencia de Don Juan', 24, 0, 0),
(3776, '191', '6', 'Vallecillo', 24, 0, 0),
(3777, '189', '5', 'Valverde de la Virgen', 24, 0, 0),
(3778, '190', '9', 'Valverde-Enrique', 24, 0, 0),
(3779, '193', '7', 'Vecilla, La', 24, 0, 0),
(3780, '196', '8', 'Vega de Espinareda', 24, 0, 0),
(3781, '197', '4', 'Vega de Infanzones', 24, 0, 0),
(3782, '198', '0', 'Vega de Valcarce', 24, 0, 0),
(3783, '194', '2', 'Vegacervera', 24, 0, 0),
(3784, '199', '3', 'Vegaquemada', 24, 0, 0),
(3785, '201', '4', 'Vegas del Condado', 24, 0, 0),
(3786, '202', '9', 'Villablino', 24, 0, 0),
(3787, '203', '5', 'Villabraz', 24, 0, 0),
(3788, '205', '3', 'Villadangos del Páramo', 24, 0, 0),
(3789, '207', '2', 'Villademor de la Vega', 24, 0, 0),
(3790, '209', '1', 'Villafranca del Bierzo', 24, 0, 0),
(3791, '210', '5', 'Villagatón', 24, 0, 0),
(3792, '211', '2', 'Villamandos', 24, 0, 0),
(3793, '901', '7', 'Villamanín', 24, 0, 0),
(3794, '212', '7', 'Villamañán', 24, 0, 0),
(3795, '213', '3', 'Villamartín de Don Sancho', 24, 0, 0),
(3796, '214', '8', 'Villamejil', 24, 0, 0),
(3797, '215', '1', 'Villamol', 24, 0, 0),
(3798, '216', '4', 'Villamontán de la Valduerna', 24, 0, 0),
(3799, '217', '0', 'Villamoratiel de las Matas', 24, 0, 0),
(3800, '218', '6', 'Villanueva de las Manzanas', 24, 0, 0),
(3801, '219', '9', 'Villaobispo de Otero', 24, 0, 0),
(3802, '902', '2', 'Villaornate y Castro', 24, 0, 0),
(3803, '221', '0', 'Villaquejida', 24, 0, 0),
(3804, '222', '5', 'Villaquilambre', 24, 0, 0),
(3805, '223', '1', 'Villarejo de Órbigo', 24, 0, 0),
(3806, '224', '6', 'Villares de Órbigo', 24, 0, 0),
(3807, '225', '9', 'Villasabariego', 24, 0, 0),
(3808, '226', '2', 'Villaselán', 24, 0, 0),
(3809, '227', '8', 'Villaturiel', 24, 0, 0),
(3810, '228', '4', 'Villazala', 24, 0, 0),
(3811, '229', '7', 'Villazanzo de Valderaduey', 24, 0, 0),
(3812, '230', '1', 'Zotes del Páramo', 24, 0, 0),
(3813, '1', '9', 'Abella de la Conca', 25, 0, 0),
(3814, '2', '4', 'Àger', 25, 0, 0),
(3815, '3', '0', 'Agramunt', 25, 0, 0),
(3816, '38', '7', 'Aitona', 25, 0, 0),
(3817, '4', '5', 'Alamús, Els', 25, 0, 0),
(3818, '5', '8', 'Alàs i Cerc', 25, 0, 0),
(3819, '6', '1', 'Albagés, L''', 25, 0, 0),
(3820, '7', '7', 'Albatàrrec', 25, 0, 0),
(3821, '8', '3', 'Albesa', 25, 0, 0),
(3822, '9', '6', 'Albi, L''', 25, 0, 0),
(3823, '10', '0', 'Alcanó', 25, 0, 0),
(3824, '11', '7', 'Alcarràs', 25, 0, 0),
(3825, '12', '2', 'Alcoletge', 25, 0, 0),
(3826, '13', '8', 'Alfarràs', 25, 0, 0),
(3827, '14', '3', 'Alfés', 25, 0, 0),
(3828, '15', '6', 'Algerri', 25, 0, 0),
(3829, '16', '9', 'Alguaire', 25, 0, 0),
(3830, '17', '5', 'Alins', 25, 0, 0),
(3831, '19', '4', 'Almacelles', 25, 0, 0),
(3832, '20', '8', 'Almatret', 25, 0, 0),
(3833, '21', '5', 'Almenar', 25, 0, 0),
(3834, '22', '0', 'Alòs de Balaguer', 25, 0, 0),
(3835, '23', '6', 'Alpicat', 25, 0, 0),
(3836, '24', '1', 'Alt Àneu', 25, 0, 0),
(3837, '27', '3', 'Anglesola', 25, 0, 0),
(3838, '29', '2', 'Arbeca', 25, 0, 0),
(3839, '31', '3', 'Arres', 25, 0, 0),
(3840, '32', '8', 'Arsèguel', 25, 0, 0),
(3841, '33', '4', 'Artesa de Lleida', 25, 0, 0),
(3842, '34', '9', 'Artesa de Segre', 25, 0, 0),
(3843, '36', '5', 'Aspa', 25, 0, 0),
(3844, '37', '1', 'Avellanes i Santa Linya, Les', 25, 0, 0),
(3845, '39', '0', 'Baix Pallars', 25, 0, 0),
(3846, '40', '4', 'Balaguer', 25, 0, 0),
(3847, '41', '1', 'Barbens', 25, 0, 0),
(3848, '42', '6', 'Baronia de Rialb, La', 25, 0, 0),
(3849, '44', '7', 'Bassella', 25, 0, 0),
(3850, '45', '0', 'Bausen', 25, 0, 0),
(3851, '46', '3', 'Belianes', 25, 0, 0),
(3852, '170', '6', 'Bellaguarda', 25, 0, 0),
(3853, '47', '9', 'Bellcaire d''Urgell', 25, 0, 0),
(3854, '48', '5', 'Bell-lloc d''Urgell', 25, 0, 0),
(3855, '49', '8', 'Bellmunt d''Urgell', 25, 0, 0),
(3856, '50', '1', 'Bellpuig', 25, 0, 0),
(3857, '51', '8', 'Bellver de Cerdanya', 25, 0, 0),
(3858, '52', '3', 'Bellvís', 25, 0, 0),
(3859, '53', '9', 'Benavent de Segrià', 25, 0, 0),
(3860, '55', '7', 'Biosca', 25, 0, 0),
(3861, '57', '6', 'Bòrdes, Es', 25, 0, 0),
(3862, '58', '2', 'Borges Blanques, Les', 25, 0, 0),
(3863, '59', '5', 'Bossòst', 25, 0, 0),
(3864, '56', '0', 'Bovera', 25, 0, 0),
(3865, '60', '9', 'Cabanabona', 25, 0, 0),
(3866, '61', '6', 'Cabó', 25, 0, 0),
(3867, '62', '1', 'Camarasa', 25, 0, 0),
(3868, '63', '7', 'Canejan', 25, 0, 0),
(3869, '904', '6', 'Castell de Mur', 25, 0, 0),
(3870, '64', '2', 'Castellar de la Ribera', 25, 0, 0),
(3871, '67', '4', 'Castelldans', 25, 0, 0),
(3872, '68', '0', 'Castellnou de Seana', 25, 0, 0),
(3873, '69', '3', 'Castelló de Farfanya', 25, 0, 0),
(3874, '70', '7', 'Castellserà', 25, 0, 0),
(3875, '71', '4', 'Cava', 25, 0, 0),
(3876, '72', '9', 'Cervera', 25, 0, 0),
(3877, '73', '5', 'Cervià de les Garrigues', 25, 0, 0),
(3878, '74', '0', 'Ciutadilla', 25, 0, 0),
(3879, '75', '3', 'Clariana de Cardener', 25, 0, 0),
(3880, '76', '6', 'Cogul, El', 25, 0, 0),
(3881, '77', '2', 'Coll de Nargó', 25, 0, 0),
(3882, '163', '6', 'Coma i la Pedra, La', 25, 0, 0),
(3883, '161', '5', 'Conca de Dalt', 25, 0, 0),
(3884, '78', '8', 'Corbins', 25, 0, 0),
(3885, '79', '1', 'Cubells', 25, 0, 0),
(3886, '81', '2', 'Espluga Calba, L''', 25, 0, 0),
(3887, '82', '7', 'Espot', 25, 0, 0),
(3888, '88', '6', 'Estamariu', 25, 0, 0),
(3889, '85', '1', 'Estaràs', 25, 0, 0),
(3890, '86', '4', 'Esterri d''Àneu', 25, 0, 0),
(3891, '87', '0', 'Esterri de Cardós', 25, 0, 0),
(3892, '89', '9', 'Farrera', 25, 0, 0),
(3893, '908', '4', 'Fígols i Alinyà', 25, 0, 0),
(3894, '92', '5', 'Floresta, La', 25, 0, 0),
(3895, '93', '1', 'Fondarella', 25, 0, 0),
(3896, '94', '6', 'Foradada', 25, 0, 0),
(3897, '96', '2', 'Fuliola, La', 25, 0, 0),
(3898, '97', '8', 'Fulleda', 25, 0, 0),
(3899, '98', '4', 'Gavet de la Conca', 25, 0, 0),
(3900, '912', '3', 'Gimenells i el Pla de la Font', 25, 0, 0),
(3901, '99', '7', 'Golmés', 25, 0, 0),
(3902, '100', '1', 'Gósol', 25, 0, 0),
(3903, '101', '8', 'Granadella, La', 25, 0, 0),
(3904, '102', '3', 'Granja d''Escarp, La', 25, 0, 0),
(3905, '103', '9', 'Granyanella', 25, 0, 0),
(3906, '105', '7', 'Granyena de les Garrigues', 25, 0, 0),
(3907, '104', '4', 'Granyena de Segarra', 25, 0, 0),
(3908, '109', '5', 'Guimerà', 25, 0, 0),
(3909, '903', '1', 'Guingueta d''Àneu, La', 25, 0, 0),
(3910, '110', '9', 'Guissona', 25, 0, 0),
(3911, '111', '6', 'Guixers', 25, 0, 0),
(3912, '115', '5', 'Isona i Conca Dellà', 25, 0, 0),
(3913, '112', '1', 'Ivars de Noguera', 25, 0, 0),
(3914, '113', '7', 'Ivars d''Urgell', 25, 0, 0),
(3915, '114', '2', 'Ivorra', 25, 0, 0),
(3916, '910', '1', 'Josa i Tuixén', 25, 0, 0),
(3917, '118', '0', 'Juncosa', 25, 0, 0),
(3918, '119', '3', 'Juneda', 25, 0, 0),
(3919, '121', '4', 'Les', 25, 0, 0),
(3920, '122', '9', 'Linyola', 25, 0, 0),
(3921, '123', '5', 'Lladorre', 25, 0, 0),
(3922, '124', '0', 'Lladurs', 25, 0, 0),
(3923, '125', '3', 'Llardecans', 25, 0, 0),
(3924, '126', '6', 'Llavorsí', 25, 0, 0),
(3925, '120', '7', 'Lleida', 25, 0, 0),
(3926, '127', '2', 'Lles de Cerdanya', 25, 0, 0),
(3927, '128', '8', 'Llimiana', 25, 0, 0),
(3928, '129', '1', 'Llobera', 25, 0, 0),
(3929, '133', '3', 'Maials', 25, 0, 0),
(3930, '130', '5', 'Maldà', 25, 0, 0),
(3931, '131', '2', 'Massalcoreig', 25, 0, 0),
(3932, '132', '7', 'Massoteres', 25, 0, 0),
(3933, '134', '8', 'Menàrguens', 25, 0, 0),
(3934, '135', '1', 'Miralcamp', 25, 0, 0),
(3935, '137', '0', 'Mollerussa', 25, 0, 0),
(3936, '136', '4', 'Molsosa, La', 25, 0, 0),
(3937, '139', '9', 'Montellà i Martinet', 25, 0, 0),
(3938, '140', '3', 'Montferrer i Castellbò', 25, 0, 0),
(3939, '138', '6', 'Montgai', 25, 0, 0),
(3940, '142', '5', 'Montoliu de Lleida', 25, 0, 0),
(3941, '141', '0', 'Montoliu de Segarra', 25, 0, 0),
(3942, '143', '1', 'Montornès de Segarra', 25, 0, 0),
(3943, '145', '9', 'Nalec', 25, 0, 0),
(3944, '25', '4', 'Naut Aran', 25, 0, 0),
(3945, '146', '2', 'Navès', 25, 0, 0),
(3946, '148', '4', 'Odèn', 25, 0, 0),
(3947, '149', '7', 'Oliana', 25, 0, 0),
(3948, '150', '0', 'Oliola', 25, 0, 0),
(3949, '151', '7', 'Olius', 25, 0, 0),
(3950, '152', '2', 'Oluges, Les', 25, 0, 0),
(3951, '153', '8', 'Omellons, Els', 25, 0, 0),
(3952, '154', '3', 'Omells de na Gaia, Els', 25, 0, 0),
(3953, '155', '6', 'Organyà', 25, 0, 0),
(3954, '156', '9', 'Os de Balaguer', 25, 0, 0),
(3955, '157', '5', 'Ossó de Sió', 25, 0, 0),
(3956, '158', '1', 'Palau d''Anglesola, El', 25, 0, 0),
(3957, '164', '1', 'Penelles', 25, 0, 0),
(3958, '165', '4', 'Peramola', 25, 0, 0),
(3959, '166', '7', 'Pinell de Solsonès', 25, 0, 0),
(3960, '167', '3', 'Pinós', 25, 0, 0),
(3961, '911', '8', 'Plans de Sió, Els', 25, 0, 0),
(3962, '168', '9', 'Poal, El', 25, 0, 0),
(3963, '169', '2', 'Pobla de Cérvoles, La', 25, 0, 0),
(3964, '171', '3', 'Pobla de Segur, La', 25, 0, 0),
(3965, '30', '6', 'Pont de Bar, El', 25, 0, 0),
(3966, '173', '4', 'Pont de Suert, El', 25, 0, 0),
(3967, '172', '8', 'Ponts', 25, 0, 0),
(3968, '174', '9', 'Portella, La', 25, 0, 0),
(3969, '175', '2', 'Prats i Sansor', 25, 0, 0),
(3970, '176', '5', 'Preixana', 25, 0, 0),
(3971, '177', '1', 'Preixens', 25, 0, 0),
(3972, '179', '0', 'Prullans', 25, 0, 0),
(3973, '180', '4', 'Puiggròs', 25, 0, 0),
(3974, '181', '1', 'Puigverd d''Agramunt', 25, 0, 0),
(3975, '182', '6', 'Puigverd de Lleida', 25, 0, 0),
(3976, '183', '2', 'Rialp', 25, 0, 0),
(3977, '905', '9', 'Ribera d''Ondara', 25, 0, 0),
(3978, '185', '0', 'Ribera d''Urgellet', 25, 0, 0),
(3979, '186', '3', 'Riner', 25, 0, 0),
(3980, '913', '9', 'Riu de Cerdanya', 25, 0, 0),
(3981, '189', '8', 'Rosselló', 25, 0, 0),
(3982, '190', '2', 'Salàs de Pallars', 25, 0, 0),
(3983, '191', '9', 'Sanaüja', 25, 0, 0),
(3984, '196', '1', 'Sant Esteve de la Sarga', 25, 0, 0),
(3985, '192', '4', 'Sant Guim de Freixenet', 25, 0, 0),
(3986, '197', '7', 'Sant Guim de la Plana', 25, 0, 0),
(3987, '193', '0', 'Sant Llorenç de Morunys', 25, 0, 0),
(3988, '902', '5', 'Sant Martí de Riucorb', 25, 0, 0),
(3989, '194', '5', 'Sant Ramon', 25, 0, 0),
(3990, '201', '7', 'Sarroca de Bellera', 25, 0, 0),
(3991, '200', '0', 'Sarroca de Lleida', 25, 0, 0),
(3992, '202', '2', 'Senterada', 25, 0, 0),
(3993, '35', '2', 'Sentiu de Sió, La', 25, 0, 0),
(3994, '204', '3', 'Seròs', 25, 0, 0),
(3995, '203', '8', 'Seu d''Urgell, La', 25, 0, 0),
(3996, '205', '6', 'Sidamon', 25, 0, 0),
(3997, '206', '9', 'Soleràs, El', 25, 0, 0),
(3998, '207', '5', 'Solsona', 25, 0, 0),
(3999, '208', '1', 'Soriguera', 25, 0, 0),
(4000, '209', '4', 'Sort', 25, 0, 0),
(4001, '210', '8', 'Soses', 25, 0, 0),
(4002, '211', '5', 'Sudanell', 25, 0, 0),
(4003, '212', '0', 'Sunyer', 25, 0, 0),
(4004, '215', '4', 'Talarn', 25, 0, 0),
(4005, '216', '7', 'Talavera', 25, 0, 0),
(4006, '217', '3', 'Tàrrega', 25, 0, 0),
(4007, '218', '9', 'Tarrés', 25, 0, 0),
(4008, '219', '2', 'Tarroja de Segarra', 25, 0, 0),
(4009, '220', '6', 'Térmens', 25, 0, 0),
(4010, '221', '3', 'Tírvia', 25, 0, 0),
(4011, '222', '8', 'Tiurana', 25, 0, 0),
(4012, '223', '4', 'Torà', 25, 0, 0),
(4013, '224', '9', 'Torms, Els', 25, 0, 0),
(4014, '225', '2', 'Tornabous', 25, 0, 0),
(4015, '227', '1', 'Torre de Cabdella, La', 25, 0, 0),
(4016, '226', '5', 'Torrebesses', 25, 0, 0),
(4017, '228', '7', 'Torrefarrera', 25, 0, 0),
(4018, '907', '8', 'Torrefeta i Florejacs', 25, 0, 0),
(4019, '230', '4', 'Torregrossa', 25, 0, 0),
(4020, '231', '1', 'Torrelameu', 25, 0, 0),
(4021, '232', '6', 'Torres de Segre', 25, 0, 0),
(4022, '233', '2', 'Torre-serona', 25, 0, 0),
(4023, '234', '7', 'Tremp', 25, 0, 0),
(4024, '43', '2', 'Vall de Boí, La', 25, 0, 0),
(4025, '901', '0', 'Vall de Cardós', 25, 0, 0),
(4026, '238', '5', 'Vallbona de les Monges', 25, 0, 0),
(4027, '240', '2', 'Vallfogona de Balaguer', 25, 0, 0),
(4028, '906', '2', 'Valls d''Aguilar, Les', 25, 0, 0),
(4029, '239', '8', 'Valls de Valira, Les', 25, 0, 0),
(4030, '909', '7', 'Vansa i Fórnols, La', 25, 0, 0),
(4031, '242', '4', 'Verdú', 25, 0, 0),
(4032, '243', '0', 'Vielha e Mijaran', 25, 0, 0),
(4033, '244', '5', 'Vilagrassa', 25, 0, 0),
(4034, '245', '8', 'Vilaller', 25, 0, 0),
(4035, '247', '7', 'Vilamòs', 25, 0, 0),
(4036, '248', '3', 'Vilanova de Bellpuig', 25, 0, 0),
(4037, '254', '2', 'Vilanova de la Barca', 25, 0, 0),
(4038, '249', '6', 'Vilanova de l''Aguda', 25, 0, 0),
(4039, '250', '9', 'Vilanova de Meià', 25, 0, 0),
(4040, '251', '6', 'Vilanova de Segrià', 25, 0, 0),
(4041, '252', '1', 'Vila-sana', 25, 0, 0),
(4042, '253', '7', 'Vilosell, El', 25, 0, 0),
(4043, '255', '5', 'Vinaixa', 25, 0, 0),
(4044, '1', '2', 'Ábalos', 26, 0, 0),
(4045, '2', '7', 'Agoncillo', 26, 0, 0),
(4046, '3', '3', 'Aguilar del Río Alhama', 26, 0, 0),
(4047, '4', '8', 'Ajamil de Cameros', 26, 0, 0),
(4048, '5', '1', 'Albelda de Iregua', 26, 0, 0),
(4049, '6', '4', 'Alberite', 26, 0, 0),
(4050, '7', '0', 'Alcanadre', 26, 0, 0),
(4051, '8', '6', 'Aldeanueva de Ebro', 26, 0, 0),
(4052, '9', '9', 'Alesanco', 26, 0, 0),
(4053, '10', '3', 'Alesón', 26, 0, 0),
(4054, '11', '0', 'Alfaro', 26, 0, 0),
(4055, '12', '5', 'Almarza de Cameros', 26, 0, 0),
(4056, '13', '1', 'Anguciana', 26, 0, 0),
(4057, '14', '6', 'Anguiano', 26, 0, 0),
(4058, '15', '9', 'Arenzana de Abajo', 26, 0, 0),
(4059, '16', '2', 'Arenzana de Arriba', 26, 0, 0),
(4060, '17', '8', 'Arnedillo', 26, 0, 0),
(4061, '18', '4', 'Arnedo', 26, 0, 0),
(4062, '19', '7', 'Arrúbal', 26, 0, 0),
(4063, '20', '1', 'Ausejo', 26, 0, 0),
(4064, '21', '8', 'Autol', 26, 0, 0),
(4065, '22', '3', 'Azofra', 26, 0, 0),
(4066, '23', '9', 'Badarán', 26, 0, 0),
(4067, '24', '4', 'Bañares', 26, 0, 0),
(4068, '26', '0', 'Baños de Río Tobía', 26, 0, 0),
(4069, '25', '7', 'Baños de Rioja', 26, 0, 0),
(4070, '27', '6', 'Berceo', 26, 0, 0),
(4071, '28', '2', 'Bergasa', 26, 0, 0),
(4072, '29', '5', 'Bergasillas Bajera', 26, 0, 0),
(4073, '30', '9', 'Bezares', 26, 0, 0),
(4074, '31', '6', 'Bobadilla', 26, 0, 0),
(4075, '32', '1', 'Brieva de Cameros', 26, 0, 0),
(4076, '33', '7', 'Briñas', 26, 0, 0),
(4077, '34', '2', 'Briones', 26, 0, 0),
(4078, '35', '5', 'Cabezón de Cameros', 26, 0, 0),
(4079, '36', '8', 'Calahorra', 26, 0, 0),
(4080, '37', '4', 'Camprovín', 26, 0, 0),
(4081, '38', '0', 'Canales de la Sierra', 26, 0, 0),
(4082, '39', '3', 'Canillas de Río Tuerto', 26, 0, 0),
(4083, '40', '7', 'Cañas', 26, 0, 0),
(4084, '41', '4', 'Cárdenas', 26, 0, 0),
(4085, '42', '9', 'Casalarreina', 26, 0, 0),
(4086, '43', '5', 'Castañares de Rioja', 26, 0, 0),
(4087, '44', '0', 'Castroviejo', 26, 0, 0),
(4088, '45', '3', 'Cellorigo', 26, 0, 0),
(4089, '46', '6', 'Cenicero', 26, 0, 0),
(4090, '47', '2', 'Cervera del Río Alhama', 26, 0, 0),
(4091, '48', '8', 'Cidamón', 26, 0, 0),
(4092, '49', '1', 'Cihuri', 26, 0, 0),
(4093, '50', '4', 'Cirueña', 26, 0, 0),
(4094, '51', '1', 'Clavijo', 26, 0, 0),
(4095, '52', '6', 'Cordovín', 26, 0, 0),
(4096, '53', '2', 'Corera', 26, 0, 0),
(4097, '54', '7', 'Cornago', 26, 0, 0),
(4098, '55', '0', 'Corporales', 26, 0, 0),
(4099, '56', '3', 'Cuzcurrita de Río Tirón', 26, 0, 0),
(4100, '57', '9', 'Daroca de Rioja', 26, 0, 0),
(4101, '58', '5', 'Enciso', 26, 0, 0),
(4102, '59', '8', 'Entrena', 26, 0, 0),
(4103, '60', '2', 'Estollo', 26, 0, 0),
(4104, '61', '9', 'Ezcaray', 26, 0, 0),
(4105, '62', '4', 'Foncea', 26, 0, 0),
(4106, '63', '0', 'Fonzaleche', 26, 0, 0),
(4107, '64', '5', 'Fuenmayor', 26, 0, 0),
(4108, '65', '8', 'Galbárruli', 26, 0, 0),
(4109, '66', '1', 'Galilea', 26, 0, 0),
(4110, '67', '7', 'Gallinero de Cameros', 26, 0, 0),
(4111, '68', '3', 'Gimileo', 26, 0, 0),
(4112, '69', '6', 'Grañón', 26, 0, 0),
(4113, '70', '0', 'Grávalos', 26, 0, 0),
(4114, '71', '7', 'Haro', 26, 0, 0),
(4115, '72', '2', 'Herce', 26, 0, 0),
(4116, '73', '8', 'Herramélluri', 26, 0, 0),
(4117, '74', '3', 'Hervías', 26, 0, 0),
(4118, '75', '6', 'Hormilla', 26, 0, 0),
(4119, '76', '9', 'Hormilleja', 26, 0, 0),
(4120, '77', '5', 'Hornillos de Cameros', 26, 0, 0),
(4121, '78', '1', 'Hornos de Moncalvillo', 26, 0, 0),
(4122, '79', '4', 'Huércanos', 26, 0, 0),
(4123, '80', '8', 'Igea', 26, 0, 0),
(4124, '81', '5', 'Jalón de Cameros', 26, 0, 0),
(4125, '82', '0', 'Laguna de Cameros', 26, 0, 0),
(4126, '83', '6', 'Lagunilla del Jubera', 26, 0, 0),
(4127, '84', '1', 'Lardero', 26, 0, 0),
(4128, '86', '7', 'Ledesma de la Cogolla', 26, 0, 0),
(4129, '87', '3', 'Leiva', 26, 0, 0),
(4130, '88', '9', 'Leza de Río Leza', 26, 0, 0),
(4131, '89', '2', 'Logroño', 26, 0, 0),
(4132, '91', '3', 'Lumbreras', 26, 0, 0),
(4133, '92', '8', 'Manjarrés', 26, 0, 0),
(4134, '93', '4', 'Mansilla de la Sierra', 26, 0, 0),
(4135, '94', '9', 'Manzanares de Rioja', 26, 0, 0),
(4136, '95', '2', 'Matute', 26, 0, 0),
(4137, '96', '5', 'Medrano', 26, 0, 0),
(4138, '98', '7', 'Munilla', 26, 0, 0),
(4139, '99', '0', 'Murillo de Río Leza', 26, 0, 0),
(4140, '100', '4', 'Muro de Aguas', 26, 0, 0),
(4141, '101', '1', 'Muro en Cameros', 26, 0, 0),
(4142, '102', '6', 'Nájera', 26, 0, 0),
(4143, '103', '2', 'Nalda', 26, 0, 0),
(4144, '104', '7', 'Navajún', 26, 0, 0),
(4145, '105', '0', 'Navarrete', 26, 0, 0),
(4146, '106', '3', 'Nestares', 26, 0, 0),
(4147, '107', '9', 'Nieva de Cameros', 26, 0, 0),
(4148, '109', '8', 'Ochánduri', 26, 0, 0),
(4149, '108', '5', 'Ocón', 26, 0, 0),
(4150, '110', '2', 'Ojacastro', 26, 0, 0),
(4151, '111', '9', 'Ollauri', 26, 0, 0),
(4152, '112', '4', 'Ortigosa de Cameros', 26, 0, 0),
(4153, '113', '0', 'Pazuengos', 26, 0, 0),
(4154, '114', '5', 'Pedroso', 26, 0, 0),
(4155, '115', '8', 'Pinillos', 26, 0, 0),
(4156, '117', '7', 'Pradejón', 26, 0, 0),
(4157, '118', '3', 'Pradillo', 26, 0, 0),
(4158, '119', '6', 'Préjano', 26, 0, 0),
(4159, '120', '0', 'Quel', 26, 0, 0),
(4160, '121', '7', 'Rabanera', 26, 0, 0),
(4161, '122', '2', 'Rasillo de Cameros, El', 26, 0, 0),
(4162, '123', '8', 'Redal, El', 26, 0, 0),
(4163, '124', '3', 'Ribafrecha', 26, 0, 0),
(4164, '125', '6', 'Rincón de Soto', 26, 0, 0),
(4165, '126', '9', 'Robres del Castillo', 26, 0, 0),
(4166, '127', '5', 'Rodezno', 26, 0, 0),
(4167, '128', '1', 'Sajazarra', 26, 0, 0),
(4168, '129', '4', 'San Asensio', 26, 0, 0),
(4169, '130', '8', 'San Millán de la Cogolla', 26, 0, 0),
(4170, '131', '5', 'San Millán de Yécora', 26, 0, 0),
(4171, '132', '0', 'San Román de Cameros', 26, 0, 0),
(4172, '139', '2', 'San Torcuato', 26, 0, 0),
(4173, '142', '8', 'San Vicente de la Sonsierra', 26, 0, 0),
(4174, '134', '1', 'Santa Coloma', 26, 0, 0),
(4175, '135', '4', 'Santa Engracia del Jubera', 26, 0, 0),
(4176, '136', '7', 'Santa Eulalia Bajera', 26, 0, 0),
(4177, '138', '9', 'Santo Domingo de la Calzada', 26, 0, 0),
(4178, '140', '6', 'Santurde de Rioja', 26, 0, 0),
(4179, '141', '3', 'Santurdejo', 26, 0, 0),
(4180, '143', '4', 'Sojuela', 26, 0, 0),
(4181, '144', '9', 'Sorzano', 26, 0, 0),
(4182, '145', '2', 'Sotés', 26, 0, 0),
(4183, '146', '5', 'Soto en Cameros', 26, 0, 0),
(4184, '147', '1', 'Terroba', 26, 0, 0),
(4185, '148', '7', 'Tirgo', 26, 0, 0),
(4186, '149', '0', 'Tobía', 26, 0, 0),
(4187, '150', '3', 'Tormantos', 26, 0, 0),
(4188, '153', '1', 'Torre en Cameros', 26, 0, 0),
(4189, '151', '0', 'Torrecilla en Cameros', 26, 0, 0),
(4190, '152', '5', 'Torrecilla sobre Alesanco', 26, 0, 0),
(4191, '154', '6', 'Torremontalbo', 26, 0, 0),
(4192, '155', '9', 'Treviana', 26, 0, 0),
(4193, '157', '8', 'Tricio', 26, 0, 0),
(4194, '158', '4', 'Tudelilla', 26, 0, 0),
(4195, '160', '1', 'Uruñuela', 26, 0, 0),
(4196, '161', '8', 'Valdemadera', 26, 0, 0),
(4197, '162', '3', 'Valgañón', 26, 0, 0),
(4198, '163', '9', 'Ventosa', 26, 0, 0),
(4199, '164', '4', 'Ventrosa', 26, 0, 0),
(4200, '165', '7', 'Viguera', 26, 0, 0),
(4201, '166', '0', 'Villalba de Rioja', 26, 0, 0),
(4202, '167', '6', 'Villalobar de Rioja', 26, 0, 0),
(4203, '168', '2', 'Villamediana de Iregua', 26, 0, 0),
(4204, '169', '5', 'Villanueva de Cameros', 26, 0, 0),
(4205, '170', '9', 'Villar de Arnedo, El', 26, 0, 0),
(4206, '171', '6', 'Villar de Torre', 26, 0, 0),
(4207, '172', '1', 'Villarejo', 26, 0, 0),
(4208, '173', '7', 'Villarroya', 26, 0, 0),
(4209, '174', '2', 'Villarta-Quintana', 26, 0, 0),
(4210, '175', '5', 'Villavelayo', 26, 0, 0),
(4211, '176', '8', 'Villaverde de Rioja', 26, 0, 0),
(4212, '177', '4', 'Villoslada de Cameros', 26, 0, 0),
(4213, '178', '0', 'Viniegra de Abajo', 26, 0, 0),
(4214, '179', '3', 'Viniegra de Arriba', 26, 0, 0),
(4215, '180', '7', 'Zarratón', 26, 0, 0),
(4216, '181', '4', 'Zarzosa', 26, 0, 0),
(4217, '183', '5', 'Zorraquín', 26, 0, 0),
(4218, '1', '8', 'Abadín', 27, 0, 0),
(4219, '2', '3', 'Alfoz', 27, 0, 0),
(4220, '3', '9', 'Antas de Ulla', 27, 0, 0),
(4221, '4', '4', 'Baleira', 27, 0, 0),
(4222, '901', '9', 'Baralla', 27, 0, 0),
(4223, '5', '7', 'Barreiros', 27, 0, 0),
(4224, '6', '0', 'Becerreá', 27, 0, 0),
(4225, '7', '6', 'Begonte', 27, 0, 0),
(4226, '8', '2', 'Bóveda', 27, 0, 0),
(4227, '902', '4', 'Burela', 27, 0, 0),
(4228, '9', '5', 'Carballedo', 27, 0, 0),
(4229, '10', '9', 'Castro de Rei', 27, 0, 0),
(4230, '11', '6', 'Castroverde', 27, 0, 0),
(4231, '12', '1', 'Cervantes', 27, 0, 0),
(4232, '13', '7', 'Cervo', 27, 0, 0),
(4233, '16', '8', 'Chantada', 27, 0, 0),
(4234, '14', '2', 'Corgo, O', 27, 0, 0),
(4235, '15', '5', 'Cospeito', 27, 0, 0),
(4236, '17', '4', 'Folgoso do Courel', 27, 0, 0),
(4237, '18', '0', 'Fonsagrada, A', 27, 0, 0),
(4238, '19', '3', 'Foz', 27, 0, 0),
(4239, '20', '7', 'Friol', 27, 0, 0),
(4240, '22', '9', 'Guitiriz', 27, 0, 0),
(4241, '23', '5', 'Guntín', 27, 0, 0),
(4242, '24', '0', 'Incio, O', 27, 0, 0),
(4243, '26', '6', 'Láncara', 27, 0, 0),
(4244, '27', '2', 'Lourenzá', 27, 0, 0),
(4245, '28', '8', 'Lugo', 27, 0, 0),
(4246, '29', '1', 'Meira', 27, 0, 0),
(4247, '30', '5', 'Mondoñedo', 27, 0, 0),
(4248, '31', '2', 'Monforte de Lemos', 27, 0, 0),
(4249, '32', '7', 'Monterroso', 27, 0, 0),
(4250, '33', '3', 'Muras', 27, 0, 0),
(4251, '34', '8', 'Navia de Suarna', 27, 0, 0),
(4252, '35', '1', 'Negueira de Muñiz', 27, 0, 0),
(4253, '37', '0', 'Nogais, As', 27, 0, 0),
(4254, '38', '6', 'Ourol', 27, 0, 0),
(4255, '39', '9', 'Outeiro de Rei', 27, 0, 0),
(4256, '40', '3', 'Palas de Rei', 27, 0, 0),
(4257, '41', '0', 'Pantón', 27, 0, 0),
(4258, '42', '5', 'Paradela', 27, 0, 0),
(4259, '43', '1', 'Páramo, O', 27, 0, 0),
(4260, '44', '6', 'Pastoriza, A', 27, 0, 0),
(4261, '45', '9', 'Pedrafita do Cebreiro', 27, 0, 0),
(4262, '47', '8', 'Pobra do Brollón, A', 27, 0, 0),
(4263, '46', '2', 'Pol', 27, 0, 0),
(4264, '48', '4', 'Pontenova, A', 27, 0, 0),
(4265, '49', '7', 'Portomarín', 27, 0, 0),
(4266, '50', '0', 'Quiroga', 27, 0, 0),
(4267, '56', '9', 'Rábade', 27, 0, 0),
(4268, '51', '7', 'Ribadeo', 27, 0, 0),
(4269, '52', '2', 'Ribas de Sil', 27, 0, 0),
(4270, '53', '8', 'Ribeira de Piquín', 27, 0, 0),
(4271, '54', '3', 'Riotorto', 27, 0, 0),
(4272, '55', '6', 'Samos', 27, 0, 0),
(4273, '57', '5', 'Sarria', 27, 0, 0),
(4274, '58', '1', 'Saviñao, O', 27, 0, 0),
(4275, '59', '4', 'Sober', 27, 0, 0),
(4276, '60', '8', 'Taboada', 27, 0, 0),
(4277, '61', '5', 'Trabada', 27, 0, 0),
(4278, '62', '0', 'Triacastela', 27, 0, 0),
(4279, '63', '6', 'Valadouro, O', 27, 0, 0),
(4280, '64', '1', 'Vicedo, O', 27, 0, 0),
(4281, '65', '4', 'Vilalba', 27, 0, 0),
(4282, '66', '7', 'Viveiro', 27, 0, 0),
(4283, '21', '4', 'Xermade', 27, 0, 0),
(4284, '25', '3', 'Xove', 27, 0, 0),
(4285, '1', '4', 'Acebeda, La', 28, 0, 0),
(4286, '2', '9', 'Ajalvir', 28, 0, 0),
(4287, '3', '5', 'Alameda del Valle', 28, 0, 0),
(4288, '4', '0', 'Álamo, El', 28, 0, 0),
(4289, '5', '3', 'Alcalá de Henares', 28, 0, 0),
(4290, '6', '6', 'Alcobendas', 28, 0, 0),
(4291, '7', '2', 'Alcorcón', 28, 0, 0),
(4292, '8', '8', 'Aldea del Fresno', 28, 0, 0),
(4293, '9', '1', 'Algete', 28, 0, 0),
(4294, '10', '5', 'Alpedrete', 28, 0, 0),
(4295, '11', '2', 'Ambite', 28, 0, 0),
(4296, '12', '7', 'Anchuelo', 28, 0, 0),
(4297, '13', '3', 'Aranjuez', 28, 0, 0),
(4298, '14', '8', 'Arganda del Rey', 28, 0, 0),
(4299, '15', '1', 'Arroyomolinos', 28, 0, 0),
(4300, '16', '4', 'Atazar, El', 28, 0, 0),
(4301, '17', '0', 'Batres', 28, 0, 0),
(4302, '18', '6', 'Becerril de la Sierra', 28, 0, 0),
(4303, '19', '9', 'Belmonte de Tajo', 28, 0, 0),
(4304, '21', '0', 'Berrueco, El', 28, 0, 0),
(4305, '20', '3', 'Berzosa del Lozoya', 28, 0, 0),
(4306, '22', '5', 'Boadilla del Monte', 28, 0, 0),
(4307, '23', '1', 'Boalo, El', 28, 0, 0),
(4308, '24', '6', 'Braojos', 28, 0, 0),
(4309, '25', '9', 'Brea de Tajo', 28, 0, 0),
(4310, '26', '2', 'Brunete', 28, 0, 0),
(4311, '27', '8', 'Buitrago del Lozoya', 28, 0, 0),
(4312, '28', '4', 'Bustarviejo', 28, 0, 0),
(4313, '29', '7', 'Cabanillas de la Sierra', 28, 0, 0),
(4314, '30', '1', 'Cabrera, La', 28, 0, 0),
(4315, '31', '8', 'Cadalso de los Vidrios', 28, 0, 0),
(4316, '32', '3', 'Camarma de Esteruelas', 28, 0, 0),
(4317, '33', '9', 'Campo Real', 28, 0, 0),
(4318, '34', '4', 'Canencia', 28, 0, 0),
(4319, '35', '7', 'Carabaña', 28, 0, 0),
(4320, '36', '0', 'Casarrubuelos', 28, 0, 0),
(4321, '37', '6', 'Cenicientos', 28, 0, 0),
(4322, '38', '2', 'Cercedilla', 28, 0, 0),
(4323, '39', '5', 'Cervera de Buitrago', 28, 0, 0),
(4324, '51', '3', 'Chapinería', 28, 0, 0),
(4325, '52', '8', 'Chinchón', 28, 0, 0),
(4326, '40', '9', 'Ciempozuelos', 28, 0, 0),
(4327, '41', '6', 'Cobeña', 28, 0, 0),
(4328, '46', '8', 'Collado Mediano', 28, 0, 0),
(4329, '47', '4', 'Collado Villalba', 28, 0, 0),
(4330, '43', '7', 'Colmenar de Oreja', 28, 0, 0),
(4331, '42', '1', 'Colmenar del Arroyo', 28, 0, 0),
(4332, '45', '5', 'Colmenar Viejo', 28, 0, 0),
(4333, '44', '2', 'Colmenarejo', 28, 0, 0),
(4334, '48', '0', 'Corpa', 28, 0, 0),
(4335, '49', '3', 'Coslada', 28, 0, 0),
(4336, '50', '6', 'Cubas de la Sagra', 28, 0, 0),
(4337, '53', '4', 'Daganzo de Arriba', 28, 0, 0),
(4338, '54', '9', 'Escorial, El', 28, 0, 0),
(4339, '55', '2', 'Estremera', 28, 0, 0),
(4340, '56', '5', 'Fresnedillas de la Oliva', 28, 0, 0),
(4341, '57', '1', 'Fresno de Torote', 28, 0, 0),
(4342, '58', '7', 'Fuenlabrada', 28, 0, 0),
(4343, '59', '0', 'Fuente el Saz de Jarama', 28, 0, 0),
(4344, '60', '4', 'Fuentidueña de Tajo', 28, 0, 0),
(4345, '61', '1', 'Galapagar', 28, 0, 0),
(4346, '62', '6', 'Garganta de los Montes', 28, 0, 0),
(4347, '63', '2', 'Gargantilla del Lozoya y Pinilla de Buitrago', 28, 0, 0),
(4348, '64', '7', 'Gascones', 28, 0, 0),
(4349, '65', '0', 'Getafe', 28, 0, 0),
(4350, '66', '3', 'Griñón', 28, 0, 0),
(4351, '67', '9', 'Guadalix de la Sierra', 28, 0, 0),
(4352, '68', '5', 'Guadarrama', 28, 0, 0),
(4353, '69', '8', 'Hiruela, La', 28, 0, 0),
(4354, '70', '2', 'Horcajo de la Sierra-Aoslos', 28, 0, 0),
(4355, '71', '9', 'Horcajuelo de la Sierra', 28, 0, 0),
(4356, '72', '4', 'Hoyo de Manzanares', 28, 0, 0),
(4357, '73', '0', 'Humanes de Madrid', 28, 0, 0),
(4358, '74', '5', 'Leganés', 28, 0, 0),
(4359, '75', '8', 'Loeches', 28, 0, 0),
(4360, '76', '1', 'Lozoya', 28, 0, 0),
(4361, '901', '5', 'Lozoyuela-Navas-Sieteiglesias', 28, 0, 0),
(4362, '78', '3', 'Madarcos', 28, 0, 0),
(4363, '79', '6', 'Madrid', 28, 0, 0),
(4364, '80', '0', 'Majadahonda', 28, 0, 0),
(4365, '82', '2', 'Manzanares el Real', 28, 0, 0),
(4366, '83', '8', 'Meco', 28, 0, 0),
(4367, '84', '3', 'Mejorada del Campo', 28, 0, 0),
(4368, '85', '6', 'Miraflores de la Sierra', 28, 0, 0),
(4369, '86', '9', 'Molar, El', 28, 0, 0),
(4370, '87', '5', 'Molinos, Los', 28, 0, 0),
(4371, '88', '1', 'Montejo de la Sierra', 28, 0, 0),
(4372, '89', '4', 'Moraleja de Enmedio', 28, 0, 0),
(4373, '90', '8', 'Moralzarzal', 28, 0, 0),
(4374, '91', '5', 'Morata de Tajuña', 28, 0, 0),
(4375, '92', '0', 'Móstoles', 28, 0, 0),
(4376, '93', '6', 'Navacerrada', 28, 0, 0),
(4377, '94', '1', 'Navalafuente', 28, 0, 0),
(4378, '95', '4', 'Navalagamella', 28, 0, 0),
(4379, '96', '7', 'Navalcarnero', 28, 0, 0),
(4380, '97', '3', 'Navarredonda y San Mamés', 28, 0, 0),
(4381, '99', '2', 'Navas del Rey', 28, 0, 0),
(4382, '100', '6', 'Nuevo Baztán', 28, 0, 0),
(4383, '101', '3', 'Olmeda de las Fuentes', 28, 0, 0),
(4384, '102', '8', 'Orusco de Tajuña', 28, 0, 0),
(4385, '104', '9', 'Paracuellos de Jarama', 28, 0, 0),
(4386, '106', '5', 'Parla', 28, 0, 0),
(4387, '107', '1', 'Patones', 28, 0, 0),
(4388, '108', '7', 'Pedrezuela', 28, 0, 0),
(4389, '109', '0', 'Pelayos de la Presa', 28, 0, 0),
(4390, '110', '4', 'Perales de Tajuña', 28, 0, 0),
(4391, '111', '1', 'Pezuela de las Torres', 28, 0, 0),
(4392, '112', '6', 'Pinilla del Valle', 28, 0, 0),
(4393, '113', '2', 'Pinto', 28, 0, 0),
(4394, '114', '7', 'Piñuécar-Gandullas', 28, 0, 0),
(4395, '115', '0', 'Pozuelo de Alarcón', 28, 0, 0),
(4396, '116', '3', 'Pozuelo del Rey', 28, 0, 0),
(4397, '117', '9', 'Prádena del Rincón', 28, 0, 0),
(4398, '118', '5', 'Puebla de la Sierra', 28, 0, 0),
(4399, '902', '0', 'Puentes Viejas', 28, 0, 0),
(4400, '119', '8', 'Quijorna', 28, 0, 0),
(4401, '120', '2', 'Rascafría', 28, 0, 0),
(4402, '121', '9', 'Redueña', 28, 0, 0),
(4403, '122', '4', 'Ribatejada', 28, 0, 0),
(4404, '123', '0', 'Rivas-Vaciamadrid', 28, 0, 0),
(4405, '124', '5', 'Robledillo de la Jara', 28, 0, 0),
(4406, '125', '8', 'Robledo de Chavela', 28, 0, 0),
(4407, '126', '1', 'Robregordo', 28, 0, 0),
(4408, '127', '7', 'Rozas de Madrid, Las', 28, 0, 0),
(4409, '128', '3', 'Rozas de Puerto Real', 28, 0, 0),
(4410, '129', '6', 'San Agustín del Guadalix', 28, 0, 0),
(4411, '130', '0', 'San Fernando de Henares', 28, 0, 0),
(4412, '131', '7', 'San Lorenzo de El Escorial', 28, 0, 0),
(4413, '132', '2', 'San Martín de la Vega', 28, 0, 0),
(4414, '133', '8', 'San Martín de Valdeiglesias', 28, 0, 0),
(4415, '134', '3', 'San Sebastián de los Reyes', 28, 0, 0),
(4416, '135', '6', 'Santa María de la Alameda', 28, 0, 0),
(4417, '136', '9', 'Santorcaz', 28, 0, 0),
(4418, '137', '5', 'Santos de la Humosa, Los', 28, 0, 0),
(4419, '138', '1', 'Serna del Monte, La', 28, 0, 0),
(4420, '140', '8', 'Serranillos del Valle', 28, 0, 0),
(4421, '141', '5', 'Sevilla la Nueva', 28, 0, 0),
(4422, '143', '6', 'Somosierra', 28, 0, 0),
(4423, '144', '1', 'Soto del Real', 28, 0, 0),
(4424, '145', '4', 'Talamanca de Jarama', 28, 0, 0),
(4425, '146', '7', 'Tielmes', 28, 0, 0),
(4426, '147', '3', 'Titulcia', 28, 0, 0),
(4427, '148', '9', 'Torrejón de Ardoz', 28, 0, 0),
(4428, '149', '2', 'Torrejón de la Calzada', 28, 0, 0),
(4429, '150', '5', 'Torrejón de Velasco', 28, 0, 0),
(4430, '151', '2', 'Torrelaguna', 28, 0, 0),
(4431, '152', '7', 'Torrelodones', 28, 0, 0),
(4432, '153', '3', 'Torremocha de Jarama', 28, 0, 0),
(4433, '154', '8', 'Torres de la Alameda', 28, 0, 0),
(4434, '903', '6', 'Tres Cantos', 28, 0, 0),
(4435, '155', '1', 'Valdaracete', 28, 0, 0),
(4436, '156', '4', 'Valdeavero', 28, 0, 0),
(4437, '157', '0', 'Valdelaguna', 28, 0, 0),
(4438, '158', '6', 'Valdemanco', 28, 0, 0),
(4439, '159', '9', 'Valdemaqueda', 28, 0, 0),
(4440, '160', '3', 'Valdemorillo', 28, 0, 0),
(4441, '161', '0', 'Valdemoro', 28, 0, 0),
(4442, '162', '5', 'Valdeolmos-Alalpardo', 28, 0, 0),
(4443, '163', '1', 'Valdepiélagos', 28, 0, 0),
(4444, '164', '6', 'Valdetorres de Jarama', 28, 0, 0),
(4445, '165', '9', 'Valdilecha', 28, 0, 0),
(4446, '166', '2', 'Valverde de Alcalá', 28, 0, 0),
(4447, '167', '8', 'Velilla de San Antonio', 28, 0, 0),
(4448, '168', '4', 'Vellón, El', 28, 0, 0),
(4449, '169', '7', 'Venturada', 28, 0, 0),
(4450, '171', '8', 'Villa del Prado', 28, 0, 0),
(4451, '170', '1', 'Villaconejos', 28, 0, 0),
(4452, '172', '3', 'Villalbilla', 28, 0, 0),
(4453, '173', '9', 'Villamanrique de Tajo', 28, 0, 0),
(4454, '174', '4', 'Villamanta', 28, 0, 0),
(4455, '175', '7', 'Villamantilla', 28, 0, 0),
(4456, '176', '0', 'Villanueva de la Cañada', 28, 0, 0),
(4457, '178', '2', 'Villanueva de Perales', 28, 0, 0),
(4458, '177', '6', 'Villanueva del Pardillo', 28, 0, 0),
(4459, '179', '5', 'Villar del Olmo', 28, 0, 0),
(4460, '180', '9', 'Villarejo de Salvanés', 28, 0, 0),
(4461, '181', '6', 'Villaviciosa de Odón', 28, 0, 0),
(4462, '182', '1', 'Villavieja del Lozoya', 28, 0, 0),
(4463, '183', '7', 'Zarzalejo', 28, 0, 0),
(4464, '1', '7', 'Alameda', 29, 0, 0),
(4465, '2', '2', 'Alcaucín', 29, 0, 0),
(4466, '3', '8', 'Alfarnate', 29, 0, 0),
(4467, '4', '3', 'Alfarnatejo', 29, 0, 0),
(4468, '5', '6', 'Algarrobo', 29, 0, 0),
(4469, '6', '9', 'Algatocín', 29, 0, 0),
(4470, '7', '5', 'Alhaurín de la Torre', 29, 0, 0),
(4471, '8', '1', 'Alhaurín el Grande', 29, 0, 0),
(4472, '9', '4', 'Almáchar', 29, 0, 0),
(4473, '10', '8', 'Almargen', 29, 0, 0),
(4474, '11', '5', 'Almogía', 29, 0, 0),
(4475, '12', '0', 'Álora', 29, 0, 0),
(4476, '13', '6', 'Alozaina', 29, 0, 0),
(4477, '14', '1', 'Alpandeire', 29, 0, 0),
(4478, '15', '4', 'Antequera', 29, 0, 0),
(4479, '16', '7', 'Árchez', 29, 0, 0),
(4480, '17', '3', 'Archidona', 29, 0, 0),
(4481, '18', '9', 'Ardales', 29, 0, 0),
(4482, '19', '2', 'Arenas', 29, 0, 0),
(4483, '20', '6', 'Arriate', 29, 0, 0),
(4484, '21', '3', 'Atajate', 29, 0, 0),
(4485, '22', '8', 'Benadalid', 29, 0, 0),
(4486, '23', '4', 'Benahavís', 29, 0, 0),
(4487, '24', '9', 'Benalauría', 29, 0, 0),
(4488, '25', '2', 'Benalmádena', 29, 0, 0),
(4489, '26', '5', 'Benamargosa', 29, 0, 0),
(4490, '27', '1', 'Benamocarra', 29, 0, 0),
(4491, '28', '7', 'Benaoján', 29, 0, 0),
(4492, '29', '0', 'Benarrabá', 29, 0, 0),
(4493, '30', '4', 'Borge, El', 29, 0, 0),
(4494, '31', '1', 'Burgo, El', 29, 0, 0),
(4495, '32', '6', 'Campillos', 29, 0, 0),
(4496, '33', '2', 'Canillas de Aceituno', 29, 0, 0),
(4497, '34', '7', 'Canillas de Albaida', 29, 0, 0),
(4498, '35', '0', 'Cañete la Real', 29, 0, 0),
(4499, '36', '3', 'Carratraca', 29, 0, 0),
(4500, '37', '9', 'Cartajima', 29, 0, 0),
(4501, '38', '5', 'Cártama', 29, 0, 0),
(4502, '39', '8', 'Casabermeja', 29, 0, 0),
(4503, '40', '2', 'Casarabonela', 29, 0, 0),
(4504, '41', '9', 'Casares', 29, 0, 0),
(4505, '42', '4', 'Coín', 29, 0, 0),
(4506, '43', '0', 'Colmenar', 29, 0, 0),
(4507, '44', '5', 'Comares', 29, 0, 0),
(4508, '45', '8', 'Cómpeta', 29, 0, 0),
(4509, '46', '1', 'Cortes de la Frontera', 29, 0, 0),
(4510, '47', '7', 'Cuevas Bajas', 29, 0, 0),
(4511, '49', '6', 'Cuevas de San Marcos', 29, 0, 0),
(4512, '48', '3', 'Cuevas del Becerro', 29, 0, 0),
(4513, '50', '9', 'Cútar', 29, 0, 0),
(4514, '51', '6', 'Estepona', 29, 0, 0),
(4515, '52', '1', 'Faraján', 29, 0, 0),
(4516, '53', '7', 'Frigiliana', 29, 0, 0),
(4517, '54', '2', 'Fuengirola', 29, 0, 0),
(4518, '55', '5', 'Fuente de Piedra', 29, 0, 0),
(4519, '56', '8', 'Gaucín', 29, 0, 0),
(4520, '57', '4', 'Genalguacil', 29, 0, 0),
(4521, '58', '0', 'Guaro', 29, 0, 0),
(4522, '59', '3', 'Humilladero', 29, 0, 0),
(4523, '60', '7', 'Igualeja', 29, 0, 0),
(4524, '61', '4', 'Istán', 29, 0, 0),
(4525, '62', '9', 'Iznate', 29, 0, 0),
(4526, '63', '5', 'Jimera de Líbar', 29, 0, 0),
(4527, '64', '0', 'Jubrique', 29, 0, 0),
(4528, '65', '3', 'Júzcar', 29, 0, 0),
(4529, '66', '6', 'Macharaviaya', 29, 0, 0),
(4530, '67', '2', 'Málaga', 29, 0, 0),
(4531, '68', '8', 'Manilva', 29, 0, 0),
(4532, '69', '1', 'Marbella', 29, 0, 0),
(4533, '70', '5', 'Mijas', 29, 0, 0),
(4534, '71', '2', 'Moclinejo', 29, 0, 0),
(4535, '72', '7', 'Mollina', 29, 0, 0),
(4536, '73', '3', 'Monda', 29, 0, 0),
(4537, '903', '9', 'Montecorto', 29, 0, 0),
(4538, '74', '8', 'Montejaque', 29, 0, 0),
(4539, '75', '1', 'Nerja', 29, 0, 0),
(4540, '76', '4', 'Ojén', 29, 0, 0),
(4541, '77', '0', 'Parauta', 29, 0, 0),
(4542, '79', '9', 'Periana', 29, 0, 0),
(4543, '80', '3', 'Pizarra', 29, 0, 0),
(4544, '81', '0', 'Pujerra', 29, 0, 0),
(4545, '82', '5', 'Rincón de la Victoria', 29, 0, 0),
(4546, '83', '1', 'Riogordo', 29, 0, 0),
(4547, '84', '6', 'Ronda', 29, 0, 0),
(4548, '85', '9', 'Salares', 29, 0, 0),
(4549, '86', '2', 'Sayalonga', 29, 0, 0),
(4550, '87', '8', 'Sedella', 29, 0, 0),
(4551, '904', '4', 'Serrato', 29, 0, 0),
(4552, '88', '4', 'Sierra de Yeguas', 29, 0, 0),
(4553, '89', '7', 'Teba', 29, 0, 0),
(4554, '90', '1', 'Tolox', 29, 0, 0),
(4555, '901', '8', 'Torremolinos', 29, 0, 0),
(4556, '91', '8', 'Torrox', 29, 0, 0),
(4557, '92', '3', 'Totalán', 29, 0, 0),
(4558, '93', '9', 'Valle de Abdalajís', 29, 0, 0),
(4559, '94', '4', 'Vélez-Málaga', 29, 0, 0),
(4560, '95', '7', 'Villanueva de Algaidas', 29, 0, 0),
(4561, '902', '3', 'Villanueva de la Concepción', 29, 0, 0),
(4562, '98', '2', 'Villanueva de Tapia', 29, 0, 0),
(4563, '96', '0', 'Villanueva del Rosario', 29, 0, 0),
(4564, '97', '6', 'Villanueva del Trabuco', 29, 0, 0),
(4565, '99', '5', 'Viñuela', 29, 0, 0),
(4566, '100', '9', 'Yunquera', 29, 0, 0),
(4567, '1', '1', 'Abanilla', 30, 1, 0),
(4568, '2', '6', 'Abarán', 30, 1, 0),
(4569, '3', '2', 'Águilas', 30, 1, 0),
(4570, '4', '7', 'Albudeite', 30, 1, 0),
(4571, '5', '0', 'Alcantarilla', 30, 1, 0),
(4572, '902', '7', 'Alcázares, Los', 30, 1, 0),
(4573, '6', '3', 'Aledo', 30, 1, 0),
(4574, '7', '9', 'Alguazas', 30, 1, 0),
(4575, '8', '5', 'Alhama de Murcia', 30, 1, 0),
(4576, '9', '8', 'Archena', 30, 1, 0),
(4577, '10', '2', 'Beniel', 30, 1, 0),
(4578, '11', '9', 'Blanca', 30, 1, 0),
(4579, '12', '4', 'Bullas', 30, 1, 0),
(4580, '13', '0', 'Calasparra', 30, 1, 0),
(4581, '14', '5', 'Campos del Río', 30, 1, 0),
(4582, '15', '8', 'Caravaca de la Cruz', 30, 1, 0),
(4583, '16', '1', 'Cartagena', 30, 1, 0),
(4584, '17', '7', 'Cehegín', 30, 1, 0),
(4585, '18', '3', 'Ceutí', 30, 1, 0),
(4586, '19', '6', 'Cieza', 30, 1, 0),
(4587, '20', '0', 'Fortuna', 30, 1, 0),
(4588, '21', '7', 'Fuente Álamo de Murcia', 30, 1, 0),
(4589, '22', '2', 'Jumilla', 30, 1, 0),
(4590, '23', '8', 'Librilla', 30, 1, 0),
(4591, '24', '3', 'Lorca', 30, 1, 0),
(4592, '25', '6', 'Lorquí', 30, 1, 0),
(4593, '26', '9', 'Mazarrón', 30, 1, 0);
INSERT INTO `poblaciones` (`id`, `codigo`, `cp`, `poblacion`, `provincia_id`, `activa`, `defecto`) VALUES
(4594, '27', '5', 'Molina de Segura', 30, 1, 0),
(4595, '28', '1', 'Moratalla', 30, 1, 0),
(4596, '29', '4', 'Mula', 30, 1, 0),
(4597, '30', '8', 'Murcia', 30, 1, 0),
(4598, '31', '5', 'Ojós', 30, 1, 0),
(4599, '32', '0', 'Pliego', 30, 1, 0),
(4600, '33', '6', 'Puerto Lumbreras', 30, 1, 0),
(4601, '34', '1', 'Ricote', 30, 1, 0),
(4602, '35', '4', 'San Javier', 30, 1, 0),
(4603, '36', '7', 'San Pedro del Pinatar', 30, 1, 0),
(4604, '901', '2', 'Santomera', 30, 1, 0),
(4605, '37', '3', 'Torre-Pacheco', 30, 1, 0),
(4606, '38', '9', 'Torres de Cotillas, Las', 30, 1, 0),
(4607, '39', '2', 'Totana', 30, 1, 0),
(4608, '40', '6', 'Ulea', 30, 1, 0),
(4609, '41', '3', 'Unión, La', 30, 1, 0),
(4610, '42', '8', 'Villanueva del Río Segura', 30, 1, 0),
(4611, '43', '4', 'Yecla', 30, 1, 0),
(4612, '1', '8', 'Abáigar', 31, 0, 0),
(4613, '2', '3', 'Abárzuza/Abartzuza', 31, 0, 0),
(4614, '3', '9', 'Abaurregaina/Abaurrea Alta', 31, 0, 0),
(4615, '4', '4', 'Abaurrepea/Abaurrea Baja', 31, 0, 0),
(4616, '5', '7', 'Aberin', 31, 0, 0),
(4617, '6', '0', 'Ablitas', 31, 0, 0),
(4618, '7', '6', 'Adiós', 31, 0, 0),
(4619, '8', '2', 'Aguilar de Codés', 31, 0, 0),
(4620, '9', '5', 'Aibar/Oibar', 31, 0, 0),
(4621, '11', '6', 'Allín/Allin', 31, 0, 0),
(4622, '12', '1', 'Allo', 31, 0, 0),
(4623, '10', '9', 'Altsasu/Alsasua', 31, 0, 0),
(4624, '13', '7', 'Améscoa Baja', 31, 0, 0),
(4625, '14', '2', 'Ancín/Antzin', 31, 0, 0),
(4626, '15', '5', 'Andosilla', 31, 0, 0),
(4627, '16', '8', 'Ansoáin/Antsoain', 31, 0, 0),
(4628, '17', '4', 'Anue', 31, 0, 0),
(4629, '18', '0', 'Añorbe', 31, 0, 0),
(4630, '19', '3', 'Aoiz/Agoitz', 31, 0, 0),
(4631, '20', '7', 'Araitz', 31, 0, 0),
(4632, '25', '3', 'Arakil', 31, 0, 0),
(4633, '21', '4', 'Aranarache/Aranaratxe', 31, 0, 0),
(4634, '23', '5', 'Aranguren', 31, 0, 0),
(4635, '24', '0', 'Arano', 31, 0, 0),
(4636, '22', '9', 'Arantza', 31, 0, 0),
(4637, '26', '6', 'Aras', 31, 0, 0),
(4638, '27', '2', 'Arbizu', 31, 0, 0),
(4639, '28', '8', 'Arce/Artzi', 31, 0, 0),
(4640, '29', '1', 'Arcos, Los', 31, 0, 0),
(4641, '30', '5', 'Arellano', 31, 0, 0),
(4642, '31', '2', 'Areso', 31, 0, 0),
(4643, '32', '7', 'Arguedas', 31, 0, 0),
(4644, '33', '3', 'Aria', 31, 0, 0),
(4645, '34', '8', 'Aribe', 31, 0, 0),
(4646, '35', '1', 'Armañanzas', 31, 0, 0),
(4647, '36', '4', 'Arróniz', 31, 0, 0),
(4648, '37', '0', 'Arruazu', 31, 0, 0),
(4649, '38', '6', 'Artajona', 31, 0, 0),
(4650, '39', '9', 'Artazu', 31, 0, 0),
(4651, '40', '3', 'Atez/Atetz', 31, 0, 0),
(4652, '58', '1', 'Auritz/Burguete', 31, 0, 0),
(4653, '41', '0', 'Ayegui/Aiegi', 31, 0, 0),
(4654, '42', '5', 'Azagra', 31, 0, 0),
(4655, '43', '1', 'Azuelo', 31, 0, 0),
(4656, '44', '6', 'Bakaiku', 31, 0, 0),
(4657, '901', '9', 'Barañáin/Barañain', 31, 0, 0),
(4658, '45', '9', 'Barásoain', 31, 0, 0),
(4659, '46', '2', 'Barbarin', 31, 0, 0),
(4660, '47', '8', 'Bargota', 31, 0, 0),
(4661, '48', '4', 'Barillas', 31, 0, 0),
(4662, '49', '7', 'Basaburua', 31, 0, 0),
(4663, '50', '0', 'Baztan', 31, 0, 0),
(4664, '137', '9', 'Beintza-Labaien', 31, 0, 0),
(4665, '51', '7', 'Beire', 31, 0, 0),
(4666, '52', '2', 'Belascoáin', 31, 0, 0),
(4667, '250', '8', 'Bera', 31, 0, 0),
(4668, '53', '8', 'Berbinzana', 31, 0, 0),
(4669, '905', '8', 'Beriáin', 31, 0, 0),
(4670, '902', '4', 'Berrioplano/Berriobeiti', 31, 0, 0),
(4671, '903', '0', 'Berriozar', 31, 0, 0),
(4672, '54', '3', 'Bertizarana', 31, 0, 0),
(4673, '55', '6', 'Betelu', 31, 0, 0),
(4674, '253', '6', 'Bidaurreta', 31, 0, 0),
(4675, '56', '9', 'Biurrun-Olcoz', 31, 0, 0),
(4676, '57', '5', 'Buñuel', 31, 0, 0),
(4677, '59', '4', 'Burgui/Burgi', 31, 0, 0),
(4678, '60', '8', 'Burlada/Burlata', 31, 0, 0),
(4679, '61', '5', 'Busto, El', 31, 0, 0),
(4680, '62', '0', 'Cabanillas', 31, 0, 0),
(4681, '63', '6', 'Cabredo', 31, 0, 0),
(4682, '64', '1', 'Cadreita', 31, 0, 0),
(4683, '65', '4', 'Caparroso', 31, 0, 0),
(4684, '66', '7', 'Cárcar', 31, 0, 0),
(4685, '67', '3', 'Carcastillo', 31, 0, 0),
(4686, '68', '9', 'Cascante', 31, 0, 0),
(4687, '69', '2', 'Cáseda', 31, 0, 0),
(4688, '70', '6', 'Castejón', 31, 0, 0),
(4689, '71', '3', 'Castillonuevo', 31, 0, 0),
(4690, '193', '9', 'Cendea de Olza/Oltza Zendea', 31, 0, 0),
(4691, '72', '8', 'Cintruénigo', 31, 0, 0),
(4692, '74', '9', 'Cirauqui/Zirauki', 31, 0, 0),
(4693, '75', '2', 'Ciriza/Ziritza', 31, 0, 0),
(4694, '76', '5', 'Cizur', 31, 0, 0),
(4695, '77', '1', 'Corella', 31, 0, 0),
(4696, '78', '7', 'Cortes', 31, 0, 0),
(4697, '79', '0', 'Desojo', 31, 0, 0),
(4698, '80', '4', 'Dicastillo', 31, 0, 0),
(4699, '81', '1', 'Donamaria', 31, 0, 0),
(4700, '221', '2', 'Doneztebe/Santesteban', 31, 0, 0),
(4701, '83', '2', 'Echarri/Etxarri', 31, 0, 0),
(4702, '87', '9', 'Elgorriaga', 31, 0, 0),
(4703, '89', '8', 'Enériz/Eneritz', 31, 0, 0),
(4704, '90', '2', 'Eratsun', 31, 0, 0),
(4705, '91', '9', 'Ergoiena', 31, 0, 0),
(4706, '92', '4', 'Erro', 31, 0, 0),
(4707, '94', '5', 'Eslava', 31, 0, 0),
(4708, '95', '8', 'Esparza de Salazar/Espartza Zaraitzu', 31, 0, 0),
(4709, '96', '1', 'Espronceda', 31, 0, 0),
(4710, '97', '7', 'Estella-Lizarra', 31, 0, 0),
(4711, '98', '3', 'Esteribar', 31, 0, 0),
(4712, '99', '6', 'Etayo', 31, 0, 0),
(4713, '82', '6', 'Etxalar', 31, 0, 0),
(4714, '84', '7', 'Etxarri Aranatz', 31, 0, 0),
(4715, '85', '0', 'Etxauri', 31, 0, 0),
(4716, '100', '0', 'Eulate', 31, 0, 0),
(4717, '101', '7', 'Ezcabarte', 31, 0, 0),
(4718, '93', '0', 'Ezcároz/Ezkaroze', 31, 0, 0),
(4719, '102', '2', 'Ezkurra', 31, 0, 0),
(4720, '103', '8', 'Ezprogui', 31, 0, 0),
(4721, '104', '3', 'Falces', 31, 0, 0),
(4722, '105', '6', 'Fitero', 31, 0, 0),
(4723, '106', '9', 'Fontellas', 31, 0, 0),
(4724, '107', '5', 'Funes', 31, 0, 0),
(4725, '108', '1', 'Fustiñana', 31, 0, 0),
(4726, '109', '4', 'Galar', 31, 0, 0),
(4727, '110', '8', 'Gallipienzo/Galipentzu', 31, 0, 0),
(4728, '111', '5', 'Gallués/Galoze', 31, 0, 0),
(4729, '112', '0', 'Garaioa', 31, 0, 0),
(4730, '113', '6', 'Garde', 31, 0, 0),
(4731, '114', '1', 'Garínoain', 31, 0, 0),
(4732, '115', '4', 'Garralda', 31, 0, 0),
(4733, '116', '7', 'Genevilla', 31, 0, 0),
(4734, '117', '3', 'Goizueta', 31, 0, 0),
(4735, '118', '9', 'Goñi', 31, 0, 0),
(4736, '119', '2', 'Güesa/Gorza', 31, 0, 0),
(4737, '120', '6', 'Guesálaz/Gesalatz', 31, 0, 0),
(4738, '121', '3', 'Guirguillano', 31, 0, 0),
(4739, '256', '7', 'Hiriberri/Villanueva de Aezkoa', 31, 0, 0),
(4740, '122', '8', 'Huarte/Uharte', 31, 0, 0),
(4741, '124', '9', 'Ibargoiti', 31, 0, 0),
(4742, '259', '2', 'Igantzi', 31, 0, 0),
(4743, '125', '2', 'Igúzquiza', 31, 0, 0),
(4744, '126', '5', 'Imotz', 31, 0, 0),
(4745, '127', '1', 'Irañeta', 31, 0, 0),
(4746, '904', '5', 'Irurtzun', 31, 0, 0),
(4747, '128', '7', 'Isaba/Izaba', 31, 0, 0),
(4748, '129', '0', 'Ituren', 31, 0, 0),
(4749, '130', '4', 'Iturmendi', 31, 0, 0),
(4750, '131', '1', 'Iza/Itza', 31, 0, 0),
(4751, '132', '6', 'Izagaondoa', 31, 0, 0),
(4752, '133', '2', 'Izalzu/Itzaltzu', 31, 0, 0),
(4753, '134', '7', 'Jaurrieta', 31, 0, 0),
(4754, '135', '0', 'Javier', 31, 0, 0),
(4755, '136', '3', 'Juslapeña', 31, 0, 0),
(4756, '138', '5', 'Lakuntza', 31, 0, 0),
(4757, '139', '8', 'Lana', 31, 0, 0),
(4758, '140', '2', 'Lantz', 31, 0, 0),
(4759, '141', '9', 'Lapoblación', 31, 0, 0),
(4760, '142', '4', 'Larraga', 31, 0, 0),
(4761, '143', '0', 'Larraona', 31, 0, 0),
(4762, '144', '5', 'Larraun', 31, 0, 0),
(4763, '145', '8', 'Lazagurría', 31, 0, 0),
(4764, '146', '1', 'Leache/Leatxe', 31, 0, 0),
(4765, '147', '7', 'Legarda', 31, 0, 0),
(4766, '148', '3', 'Legaria', 31, 0, 0),
(4767, '149', '6', 'Leitza', 31, 0, 0),
(4768, '908', '3', 'Lekunberri', 31, 0, 0),
(4769, '150', '9', 'Leoz/Leotz', 31, 0, 0),
(4770, '151', '6', 'Lerga', 31, 0, 0),
(4771, '152', '1', 'Lerín', 31, 0, 0),
(4772, '153', '7', 'Lesaka', 31, 0, 0),
(4773, '154', '2', 'Lezáun', 31, 0, 0),
(4774, '155', '5', 'Liédena', 31, 0, 0),
(4775, '156', '8', 'Lizoáin-Arriasgoiti', 31, 0, 0),
(4776, '157', '4', 'Lodosa', 31, 0, 0),
(4777, '158', '0', 'Lónguida/Longida', 31, 0, 0),
(4778, '159', '3', 'Lumbier', 31, 0, 0),
(4779, '160', '7', 'Luquin', 31, 0, 0),
(4780, '248', '2', 'Luzaide/Valcarlos', 31, 0, 0),
(4781, '161', '4', 'Mañeru', 31, 0, 0),
(4782, '162', '9', 'Marañón', 31, 0, 0),
(4783, '163', '5', 'Marcilla', 31, 0, 0),
(4784, '164', '0', 'Mélida', 31, 0, 0),
(4785, '165', '3', 'Mendavia', 31, 0, 0),
(4786, '166', '6', 'Mendaza', 31, 0, 0),
(4787, '167', '2', 'Mendigorría', 31, 0, 0),
(4788, '168', '8', 'Metauten', 31, 0, 0),
(4789, '169', '1', 'Milagro', 31, 0, 0),
(4790, '170', '5', 'Mirafuentes', 31, 0, 0),
(4791, '171', '2', 'Miranda de Arga', 31, 0, 0),
(4792, '172', '7', 'Monreal/Elo', 31, 0, 0),
(4793, '173', '3', 'Monteagudo', 31, 0, 0),
(4794, '174', '8', 'Morentin', 31, 0, 0),
(4795, '175', '1', 'Mues', 31, 0, 0),
(4796, '176', '4', 'Murchante', 31, 0, 0),
(4797, '177', '0', 'Murieta', 31, 0, 0),
(4798, '178', '6', 'Murillo el Cuende', 31, 0, 0),
(4799, '179', '9', 'Murillo el Fruto', 31, 0, 0),
(4800, '180', '3', 'Muruzábal', 31, 0, 0),
(4801, '181', '0', 'Navascués/Nabaskoze', 31, 0, 0),
(4802, '182', '5', 'Nazar', 31, 0, 0),
(4803, '88', '5', 'Noáin (Valle de Elorz)/Noain (Elortzibar)', 31, 0, 0),
(4804, '183', '1', 'Obanos', 31, 0, 0),
(4805, '185', '9', 'Ochagavía/Otsagabia', 31, 0, 0),
(4806, '184', '6', 'Oco', 31, 0, 0),
(4807, '186', '2', 'Odieta', 31, 0, 0),
(4808, '187', '8', 'Oiz', 31, 0, 0),
(4809, '188', '4', 'Olaibar', 31, 0, 0),
(4810, '189', '7', 'Olazti/Olazagutía', 31, 0, 0),
(4811, '190', '1', 'Olejua', 31, 0, 0),
(4812, '191', '8', 'Olite/Erriberri', 31, 0, 0),
(4813, '192', '3', 'Olóriz/Oloritz', 31, 0, 0),
(4814, '195', '7', 'Orbaizeta', 31, 0, 0),
(4815, '196', '0', 'Orbara', 31, 0, 0),
(4816, '197', '6', 'Orísoain', 31, 0, 0),
(4817, '906', '1', 'Orkoien', 31, 0, 0),
(4818, '198', '2', 'Oronz/Orontze', 31, 0, 0),
(4819, '199', '5', 'Oroz-Betelu/Orotz-Betelu', 31, 0, 0),
(4820, '211', '4', 'Orreaga/Roncesvalles', 31, 0, 0),
(4821, '200', '9', 'Oteiza', 31, 0, 0),
(4822, '201', '6', 'Pamplona/Iruña', 31, 0, 0),
(4823, '202', '1', 'Peralta/Azkoien', 31, 0, 0),
(4824, '203', '7', 'Petilla de Aragón', 31, 0, 0),
(4825, '204', '2', 'Piedramillera', 31, 0, 0),
(4826, '205', '5', 'Pitillas', 31, 0, 0),
(4827, '206', '8', 'Puente la Reina/Gares', 31, 0, 0),
(4828, '207', '4', 'Pueyo', 31, 0, 0),
(4829, '208', '0', 'Ribaforada', 31, 0, 0),
(4830, '209', '3', 'Romanzado', 31, 0, 0),
(4831, '210', '7', 'Roncal/Erronkari', 31, 0, 0),
(4832, '212', '9', 'Sada', 31, 0, 0),
(4833, '213', '5', 'Saldías', 31, 0, 0),
(4834, '214', '0', 'Salinas de Oro/Jaitz', 31, 0, 0),
(4835, '215', '3', 'San Adrián', 31, 0, 0),
(4836, '217', '2', 'San Martín de Unx', 31, 0, 0),
(4837, '216', '6', 'Sangüesa/Zangoza', 31, 0, 0),
(4838, '219', '1', 'Sansol', 31, 0, 0),
(4839, '220', '5', 'Santacara', 31, 0, 0),
(4840, '222', '7', 'Sarriés/Sartze', 31, 0, 0),
(4841, '223', '3', 'Sartaguda', 31, 0, 0),
(4842, '224', '8', 'Sesma', 31, 0, 0),
(4843, '225', '1', 'Sorlada', 31, 0, 0),
(4844, '226', '4', 'Sunbilla', 31, 0, 0),
(4845, '227', '0', 'Tafalla', 31, 0, 0),
(4846, '228', '6', 'Tiebas-Muruarte de Reta', 31, 0, 0),
(4847, '229', '9', 'Tirapu', 31, 0, 0),
(4848, '230', '3', 'Torralba del Río', 31, 0, 0),
(4849, '231', '0', 'Torres del Río', 31, 0, 0),
(4850, '232', '5', 'Tudela', 31, 0, 0),
(4851, '233', '1', 'Tulebras', 31, 0, 0),
(4852, '234', '6', 'Ucar', 31, 0, 0),
(4853, '123', '4', 'Uharte Arakil', 31, 0, 0),
(4854, '235', '9', 'Ujué', 31, 0, 0),
(4855, '236', '2', 'Ultzama', 31, 0, 0),
(4856, '237', '8', 'Unciti', 31, 0, 0),
(4857, '238', '4', 'Unzué/Untzue', 31, 0, 0),
(4858, '239', '7', 'Urdazubi/Urdax', 31, 0, 0),
(4859, '240', '1', 'Urdiain', 31, 0, 0),
(4860, '241', '8', 'Urraul Alto', 31, 0, 0),
(4861, '242', '3', 'Urraul Bajo', 31, 0, 0),
(4862, '244', '4', 'Urroz', 31, 0, 0),
(4863, '243', '9', 'Urroz-Villa', 31, 0, 0),
(4864, '245', '7', 'Urzainqui/Urzainki', 31, 0, 0),
(4865, '246', '0', 'Uterga', 31, 0, 0),
(4866, '247', '6', 'Uztárroz/Uztarroze', 31, 0, 0),
(4867, '86', '3', 'Valle de Egüés/Eguesibar', 31, 0, 0),
(4868, '194', '4', 'Valle de Ollo/Ollaran', 31, 0, 0),
(4869, '260', '6', 'Valle de Yerri/Deierri', 31, 0, 0),
(4870, '249', '5', 'Valtierra', 31, 0, 0),
(4871, '251', '5', 'Viana', 31, 0, 0),
(4872, '252', '0', 'Vidángoz/Bidankoze', 31, 0, 0),
(4873, '254', '1', 'Villafranca', 31, 0, 0),
(4874, '255', '4', 'Villamayor de Monjardín', 31, 0, 0),
(4875, '257', '3', 'Villatuerta', 31, 0, 0),
(4876, '258', '9', 'Villava/Atarrabia', 31, 0, 0),
(4877, '261', '3', 'Yesa', 31, 0, 0),
(4878, '262', '8', 'Zabalza/Zabaltza', 31, 0, 0),
(4879, '73', '4', 'Ziordia', 31, 0, 0),
(4880, '907', '7', 'Zizur Mayor/Zizur Nagusia', 31, 0, 0),
(4881, '263', '4', 'Zubieta', 31, 0, 0),
(4882, '264', '9', 'Zugarramurdi', 31, 0, 0),
(4883, '265', '2', 'Zúñiga', 31, 0, 0),
(4884, '1', '3', 'Allariz', 32, 0, 0),
(4885, '2', '8', 'Amoeiro', 32, 0, 0),
(4886, '3', '4', 'Arnoia, A', 32, 0, 0),
(4887, '4', '9', 'Avión', 32, 0, 0),
(4888, '5', '2', 'Baltar', 32, 0, 0),
(4889, '6', '5', 'Bande', 32, 0, 0),
(4890, '7', '1', 'Baños de Molgas', 32, 0, 0),
(4891, '8', '7', 'Barbadás', 32, 0, 0),
(4892, '9', '0', 'Barco de Valdeorras, O', 32, 0, 0),
(4893, '10', '4', 'Beade', 32, 0, 0),
(4894, '11', '1', 'Beariz', 32, 0, 0),
(4895, '12', '6', 'Blancos, Os', 32, 0, 0),
(4896, '13', '2', 'Boborás', 32, 0, 0),
(4897, '14', '7', 'Bola, A', 32, 0, 0),
(4898, '15', '0', 'Bolo, O', 32, 0, 0),
(4899, '16', '3', 'Calvos de Randín', 32, 0, 0),
(4900, '18', '5', 'Carballeda de Avia', 32, 0, 0),
(4901, '17', '9', 'Carballeda de Valdeorras', 32, 0, 0),
(4902, '19', '8', 'Carballiño, O', 32, 0, 0),
(4903, '20', '2', 'Cartelle', 32, 0, 0),
(4904, '22', '4', 'Castrelo de Miño', 32, 0, 0),
(4905, '21', '9', 'Castrelo do Val', 32, 0, 0),
(4906, '23', '0', 'Castro Caldelas', 32, 0, 0),
(4907, '24', '5', 'Celanova', 32, 0, 0),
(4908, '25', '8', 'Cenlle', 32, 0, 0),
(4909, '29', '6', 'Chandrexa de Queixa', 32, 0, 0),
(4910, '26', '1', 'Coles', 32, 0, 0),
(4911, '27', '7', 'Cortegada', 32, 0, 0),
(4912, '28', '3', 'Cualedro', 32, 0, 0),
(4913, '30', '0', 'Entrimo', 32, 0, 0),
(4914, '31', '7', 'Esgos', 32, 0, 0),
(4915, '33', '8', 'Gomesende', 32, 0, 0),
(4916, '34', '3', 'Gudiña, A', 32, 0, 0),
(4917, '35', '6', 'Irixo, O', 32, 0, 0),
(4918, '38', '1', 'Larouco', 32, 0, 0),
(4919, '39', '4', 'Laza', 32, 0, 0),
(4920, '40', '8', 'Leiro', 32, 0, 0),
(4921, '41', '5', 'Lobeira', 32, 0, 0),
(4922, '42', '0', 'Lobios', 32, 0, 0),
(4923, '43', '6', 'Maceda', 32, 0, 0),
(4924, '44', '1', 'Manzaneda', 32, 0, 0),
(4925, '45', '4', 'Maside', 32, 0, 0),
(4926, '46', '7', 'Melón', 32, 0, 0),
(4927, '47', '3', 'Merca, A', 32, 0, 0),
(4928, '48', '9', 'Mezquita, A', 32, 0, 0),
(4929, '49', '2', 'Montederramo', 32, 0, 0),
(4930, '50', '5', 'Monterrei', 32, 0, 0),
(4931, '51', '2', 'Muíños', 32, 0, 0),
(4932, '52', '7', 'Nogueira de Ramuín', 32, 0, 0),
(4933, '53', '3', 'Oímbra', 32, 0, 0),
(4934, '54', '8', 'Ourense', 32, 0, 0),
(4935, '55', '1', 'Paderne de Allariz', 32, 0, 0),
(4936, '56', '4', 'Padrenda', 32, 0, 0),
(4937, '57', '0', 'Parada de Sil', 32, 0, 0),
(4938, '58', '6', 'Pereiro de Aguiar, O', 32, 0, 0),
(4939, '59', '9', 'Peroxa, A', 32, 0, 0),
(4940, '60', '3', 'Petín', 32, 0, 0),
(4941, '61', '0', 'Piñor', 32, 0, 0),
(4942, '63', '1', 'Pobra de Trives, A', 32, 0, 0),
(4943, '64', '6', 'Pontedeva', 32, 0, 0),
(4944, '62', '5', 'Porqueira', 32, 0, 0),
(4945, '65', '9', 'Punxín', 32, 0, 0),
(4946, '66', '2', 'Quintela de Leirado', 32, 0, 0),
(4947, '67', '8', 'Rairiz de Veiga', 32, 0, 0),
(4948, '68', '4', 'Ramirás', 32, 0, 0),
(4949, '69', '7', 'Ribadavia', 32, 0, 0),
(4950, '71', '8', 'Riós', 32, 0, 0),
(4951, '72', '3', 'Rúa, A', 32, 0, 0),
(4952, '73', '9', 'Rubiá', 32, 0, 0),
(4953, '74', '4', 'San Amaro', 32, 0, 0),
(4954, '75', '7', 'San Cibrao das Viñas', 32, 0, 0),
(4955, '76', '0', 'San Cristovo de Cea', 32, 0, 0),
(4956, '70', '1', 'San Xoán de Río', 32, 0, 0),
(4957, '77', '6', 'Sandiás', 32, 0, 0),
(4958, '78', '2', 'Sarreaus', 32, 0, 0),
(4959, '79', '5', 'Taboadela', 32, 0, 0),
(4960, '80', '9', 'Teixeira, A', 32, 0, 0),
(4961, '81', '6', 'Toén', 32, 0, 0),
(4962, '82', '1', 'Trasmiras', 32, 0, 0),
(4963, '83', '7', 'Veiga, A', 32, 0, 0),
(4964, '84', '2', 'Verea', 32, 0, 0),
(4965, '85', '5', 'Verín', 32, 0, 0),
(4966, '86', '8', 'Viana do Bolo', 32, 0, 0),
(4967, '87', '4', 'Vilamarín', 32, 0, 0),
(4968, '88', '0', 'Vilamartín de Valdeorras', 32, 0, 0),
(4969, '89', '3', 'Vilar de Barrio', 32, 0, 0),
(4970, '90', '7', 'Vilar de Santos', 32, 0, 0),
(4971, '91', '4', 'Vilardevós', 32, 0, 0),
(4972, '92', '9', 'Vilariño de Conso', 32, 0, 0),
(4973, '32', '2', 'Xinzo de Limia', 32, 0, 0),
(4974, '36', '9', 'Xunqueira de Ambía', 32, 0, 0),
(4975, '37', '5', 'Xunqueira de Espadanedo', 32, 0, 0),
(4976, '1', '9', 'Allande', 33, 0, 0),
(4977, '2', '4', 'Aller', 33, 0, 0),
(4978, '3', '0', 'Amieva', 33, 0, 0),
(4979, '4', '5', 'Avilés', 33, 0, 0),
(4980, '5', '8', 'Belmonte de Miranda', 33, 0, 0),
(4981, '6', '1', 'Bimenes', 33, 0, 0),
(4982, '7', '7', 'Boal', 33, 0, 0),
(4983, '8', '3', 'Cabrales', 33, 0, 0),
(4984, '9', '6', 'Cabranes', 33, 0, 0),
(4985, '10', '0', 'Candamo', 33, 0, 0),
(4986, '12', '2', 'Cangas de Onís', 33, 0, 0),
(4987, '11', '7', 'Cangas del Narcea', 33, 0, 0),
(4988, '13', '8', 'Caravia', 33, 0, 0),
(4989, '14', '3', 'Carreño', 33, 0, 0),
(4990, '15', '6', 'Caso', 33, 0, 0),
(4991, '16', '9', 'Castrillón', 33, 0, 0),
(4992, '17', '5', 'Castropol', 33, 0, 0),
(4993, '18', '1', 'Coaña', 33, 0, 0),
(4994, '19', '4', 'Colunga', 33, 0, 0),
(4995, '20', '8', 'Corvera de Asturias', 33, 0, 0),
(4996, '21', '5', 'Cudillero', 33, 0, 0),
(4997, '22', '0', 'Degaña', 33, 0, 0),
(4998, '23', '6', 'Franco, El', 33, 0, 0),
(4999, '24', '1', 'Gijón', 33, 0, 0),
(5000, '25', '4', 'Gozón', 33, 0, 0),
(5001, '26', '7', 'Grado', 33, 0, 0),
(5002, '27', '3', 'Grandas de Salime', 33, 0, 0),
(5003, '28', '9', 'Ibias', 33, 0, 0),
(5004, '29', '2', 'Illano', 33, 0, 0),
(5005, '30', '6', 'Illas', 33, 0, 0),
(5006, '31', '3', 'Langreo', 33, 0, 0),
(5007, '32', '8', 'Laviana', 33, 0, 0),
(5008, '33', '4', 'Lena', 33, 0, 0),
(5009, '35', '2', 'Llanera', 33, 0, 0),
(5010, '36', '5', 'Llanes', 33, 0, 0),
(5011, '37', '1', 'Mieres', 33, 0, 0),
(5012, '38', '7', 'Morcín', 33, 0, 0),
(5013, '39', '0', 'Muros de Nalón', 33, 0, 0),
(5014, '40', '4', 'Nava', 33, 0, 0),
(5015, '41', '1', 'Navia', 33, 0, 0),
(5016, '42', '6', 'Noreña', 33, 0, 0),
(5017, '43', '2', 'Onís', 33, 0, 0),
(5018, '44', '7', 'Oviedo', 33, 0, 0),
(5019, '45', '0', 'Parres', 33, 0, 0),
(5020, '46', '3', 'Peñamellera Alta', 33, 0, 0),
(5021, '47', '9', 'Peñamellera Baja', 33, 0, 0),
(5022, '48', '5', 'Pesoz', 33, 0, 0),
(5023, '49', '8', 'Piloña', 33, 0, 0),
(5024, '50', '1', 'Ponga', 33, 0, 0),
(5025, '51', '8', 'Pravia', 33, 0, 0),
(5026, '52', '3', 'Proaza', 33, 0, 0),
(5027, '53', '9', 'Quirós', 33, 0, 0),
(5028, '54', '4', 'Regueras, Las', 33, 0, 0),
(5029, '55', '7', 'Ribadedeva', 33, 0, 0),
(5030, '56', '0', 'Ribadesella', 33, 0, 0),
(5031, '57', '6', 'Ribera de Arriba', 33, 0, 0),
(5032, '58', '2', 'Riosa', 33, 0, 0),
(5033, '59', '5', 'Salas', 33, 0, 0),
(5034, '61', '6', 'San Martín de Oscos', 33, 0, 0),
(5035, '60', '9', 'San Martín del Rey Aurelio', 33, 0, 0),
(5036, '63', '7', 'San Tirso de Abres', 33, 0, 0),
(5037, '62', '1', 'Santa Eulalia de Oscos', 33, 0, 0),
(5038, '64', '2', 'Santo Adriano', 33, 0, 0),
(5039, '65', '5', 'Sariego', 33, 0, 0),
(5040, '66', '8', 'Siero', 33, 0, 0),
(5041, '67', '4', 'Sobrescobio', 33, 0, 0),
(5042, '68', '0', 'Somiedo', 33, 0, 0),
(5043, '69', '3', 'Soto del Barco', 33, 0, 0),
(5044, '70', '7', 'Tapia de Casariego', 33, 0, 0),
(5045, '71', '4', 'Taramundi', 33, 0, 0),
(5046, '72', '9', 'Teverga', 33, 0, 0),
(5047, '73', '5', 'Tineo', 33, 0, 0),
(5048, '34', '9', 'Valdés', 33, 0, 0),
(5049, '74', '0', 'Vegadeo', 33, 0, 0),
(5050, '75', '3', 'Villanueva de Oscos', 33, 0, 0),
(5051, '76', '6', 'Villaviciosa', 33, 0, 0),
(5052, '77', '2', 'Villayón', 33, 0, 0),
(5053, '78', '8', 'Yernes y Tameza', 33, 0, 0),
(5054, '1', '4', 'Abarca de Campos', 34, 0, 0),
(5055, '3', '5', 'Abia de las Torres', 34, 0, 0),
(5056, '4', '0', 'Aguilar de Campoo', 34, 0, 0),
(5057, '5', '3', 'Alar del Rey', 34, 0, 0),
(5058, '6', '6', 'Alba de Cerrato', 34, 0, 0),
(5059, '9', '1', 'Amayuelas de Arriba', 34, 0, 0),
(5060, '10', '5', 'Ampudia', 34, 0, 0),
(5061, '11', '2', 'Amusco', 34, 0, 0),
(5062, '12', '7', 'Antigüedad', 34, 0, 0),
(5063, '15', '1', 'Arconada', 34, 0, 0),
(5064, '17', '0', 'Astudillo', 34, 0, 0),
(5065, '18', '6', 'Autilla del Pino', 34, 0, 0),
(5066, '19', '9', 'Autillo de Campos', 34, 0, 0),
(5067, '20', '3', 'Ayuela', 34, 0, 0),
(5068, '22', '5', 'Baltanás', 34, 0, 0),
(5069, '24', '6', 'Baquerín de Campos', 34, 0, 0),
(5070, '25', '9', 'Bárcena de Campos', 34, 0, 0),
(5071, '27', '8', 'Barruelo de Santullán', 34, 0, 0),
(5072, '28', '4', 'Báscones de Ojeda', 34, 0, 0),
(5073, '29', '7', 'Becerril de Campos', 34, 0, 0),
(5074, '31', '8', 'Belmonte de Campos', 34, 0, 0),
(5075, '32', '3', 'Berzosilla', 34, 0, 0),
(5076, '33', '9', 'Boada de Campos', 34, 0, 0),
(5077, '35', '7', 'Boadilla de Rioseco', 34, 0, 0),
(5078, '34', '4', 'Boadilla del Camino', 34, 0, 0),
(5079, '36', '0', 'Brañosera', 34, 0, 0),
(5080, '37', '6', 'Buenavista de Valdavia', 34, 0, 0),
(5081, '38', '2', 'Bustillo de la Vega', 34, 0, 0),
(5082, '39', '5', 'Bustillo del Páramo de Carrión', 34, 0, 0),
(5083, '41', '6', 'Calahorra de Boedo', 34, 0, 0),
(5084, '42', '1', 'Calzada de los Molinos', 34, 0, 0),
(5085, '45', '5', 'Capillas', 34, 0, 0),
(5086, '46', '8', 'Cardeñosa de Volpejera', 34, 0, 0),
(5087, '47', '4', 'Carrión de los Condes', 34, 0, 0),
(5088, '48', '0', 'Castil de Vela', 34, 0, 0),
(5089, '49', '3', 'Castrejón de la Peña', 34, 0, 0),
(5090, '50', '6', 'Castrillo de Don Juan', 34, 0, 0),
(5091, '51', '3', 'Castrillo de Onielo', 34, 0, 0),
(5092, '52', '8', 'Castrillo de Villavega', 34, 0, 0),
(5093, '53', '4', 'Castromocho', 34, 0, 0),
(5094, '55', '2', 'Cervatos de la Cueza', 34, 0, 0),
(5095, '56', '5', 'Cervera de Pisuerga', 34, 0, 0),
(5096, '57', '1', 'Cevico de la Torre', 34, 0, 0),
(5097, '58', '7', 'Cevico Navero', 34, 0, 0),
(5098, '59', '0', 'Cisneros', 34, 0, 0),
(5099, '60', '4', 'Cobos de Cerrato', 34, 0, 0),
(5100, '61', '1', 'Collazos de Boedo', 34, 0, 0),
(5101, '62', '6', 'Congosto de Valdavia', 34, 0, 0),
(5102, '63', '2', 'Cordovilla la Real', 34, 0, 0),
(5103, '66', '3', 'Cubillas de Cerrato', 34, 0, 0),
(5104, '67', '9', 'Dehesa de Montejo', 34, 0, 0),
(5105, '68', '5', 'Dehesa de Romanos', 34, 0, 0),
(5106, '69', '8', 'Dueñas', 34, 0, 0),
(5107, '70', '2', 'Espinosa de Cerrato', 34, 0, 0),
(5108, '71', '9', 'Espinosa de Villagonzalo', 34, 0, 0),
(5109, '72', '4', 'Frechilla', 34, 0, 0),
(5110, '73', '0', 'Fresno del Río', 34, 0, 0),
(5111, '74', '5', 'Frómista', 34, 0, 0),
(5112, '76', '1', 'Fuentes de Nava', 34, 0, 0),
(5113, '77', '7', 'Fuentes de Valdepero', 34, 0, 0),
(5114, '79', '6', 'Grijota', 34, 0, 0),
(5115, '80', '0', 'Guardo', 34, 0, 0),
(5116, '81', '7', 'Guaza de Campos', 34, 0, 0),
(5117, '82', '2', 'Hérmedes de Cerrato', 34, 0, 0),
(5118, '83', '8', 'Herrera de Pisuerga', 34, 0, 0),
(5119, '84', '3', 'Herrera de Valdecañas', 34, 0, 0),
(5120, '86', '9', 'Hontoria de Cerrato', 34, 0, 0),
(5121, '87', '5', 'Hornillos de Cerrato', 34, 0, 0),
(5122, '88', '1', 'Husillos', 34, 0, 0),
(5123, '89', '4', 'Itero de la Vega', 34, 0, 0),
(5124, '91', '5', 'Lagartos', 34, 0, 0),
(5125, '92', '0', 'Lantadilla', 34, 0, 0),
(5126, '94', '1', 'Ledigos', 34, 0, 0),
(5127, '903', '6', 'Loma de Ucieza', 34, 0, 0),
(5128, '96', '7', 'Lomas', 34, 0, 0),
(5129, '98', '9', 'Magaz de Pisuerga', 34, 0, 0),
(5130, '99', '2', 'Manquillos', 34, 0, 0),
(5131, '100', '6', 'Mantinos', 34, 0, 0),
(5132, '101', '3', 'Marcilla de Campos', 34, 0, 0),
(5133, '102', '8', 'Mazariegos', 34, 0, 0),
(5134, '103', '4', 'Mazuecos de Valdeginate', 34, 0, 0),
(5135, '104', '9', 'Melgar de Yuso', 34, 0, 0),
(5136, '106', '5', 'Meneses de Campos', 34, 0, 0),
(5137, '107', '1', 'Micieces de Ojeda', 34, 0, 0),
(5138, '108', '7', 'Monzón de Campos', 34, 0, 0),
(5139, '109', '0', 'Moratinos', 34, 0, 0),
(5140, '110', '4', 'Mudá', 34, 0, 0),
(5141, '112', '6', 'Nogal de las Huertas', 34, 0, 0),
(5142, '113', '2', 'Olea de Boedo', 34, 0, 0),
(5143, '114', '7', 'Olmos de Ojeda', 34, 0, 0),
(5144, '116', '3', 'Osornillo', 34, 0, 0),
(5145, '901', '5', 'Osorno la Mayor', 34, 0, 0),
(5146, '120', '2', 'Palencia', 34, 0, 0),
(5147, '121', '9', 'Palenzuela', 34, 0, 0),
(5148, '122', '4', 'Páramo de Boedo', 34, 0, 0),
(5149, '123', '0', 'Paredes de Nava', 34, 0, 0),
(5150, '124', '5', 'Payo de Ojeda', 34, 0, 0),
(5151, '125', '8', 'Pedraza de Campos', 34, 0, 0),
(5152, '126', '1', 'Pedrosa de la Vega', 34, 0, 0),
(5153, '127', '7', 'Perales', 34, 0, 0),
(5154, '904', '1', 'Pernía, La', 34, 0, 0),
(5155, '129', '6', 'Pino del Río', 34, 0, 0),
(5156, '130', '0', 'Piña de Campos', 34, 0, 0),
(5157, '131', '7', 'Población de Arroyo', 34, 0, 0),
(5158, '132', '2', 'Población de Campos', 34, 0, 0),
(5159, '133', '8', 'Población de Cerrato', 34, 0, 0),
(5160, '134', '3', 'Polentinos', 34, 0, 0),
(5161, '135', '6', 'Pomar de Valdivia', 34, 0, 0),
(5162, '136', '9', 'Poza de la Vega', 34, 0, 0),
(5163, '137', '5', 'Pozo de Urama', 34, 0, 0),
(5164, '139', '4', 'Prádanos de Ojeda', 34, 0, 0),
(5165, '140', '8', 'Puebla de Valdavia, La', 34, 0, 0),
(5166, '141', '5', 'Quintana del Puente', 34, 0, 0),
(5167, '143', '6', 'Quintanilla de Onsoña', 34, 0, 0),
(5168, '146', '7', 'Reinoso de Cerrato', 34, 0, 0),
(5169, '147', '3', 'Renedo de la Vega', 34, 0, 0),
(5170, '149', '2', 'Requena de Campos', 34, 0, 0),
(5171, '151', '2', 'Respenda de la Peña', 34, 0, 0),
(5172, '152', '7', 'Revenga de Campos', 34, 0, 0),
(5173, '154', '8', 'Revilla de Collazos', 34, 0, 0),
(5174, '155', '1', 'Ribas de Campos', 34, 0, 0),
(5175, '156', '4', 'Riberos de la Cueza', 34, 0, 0),
(5176, '157', '0', 'Saldaña', 34, 0, 0),
(5177, '158', '6', 'Salinas de Pisuerga', 34, 0, 0),
(5178, '159', '9', 'San Cebrián de Campos', 34, 0, 0),
(5179, '160', '3', 'San Cebrián de Mudá', 34, 0, 0),
(5180, '161', '0', 'San Cristóbal de Boedo', 34, 0, 0),
(5181, '163', '1', 'San Mamés de Campos', 34, 0, 0),
(5182, '165', '9', 'San Román de la Cuba', 34, 0, 0),
(5183, '167', '8', 'Santa Cecilia del Alcor', 34, 0, 0),
(5184, '168', '4', 'Santa Cruz de Boedo', 34, 0, 0),
(5185, '169', '7', 'Santervás de la Vega', 34, 0, 0),
(5186, '170', '1', 'Santibáñez de Ecla', 34, 0, 0),
(5187, '171', '8', 'Santibáñez de la Peña', 34, 0, 0),
(5188, '174', '4', 'Santoyo', 34, 0, 0),
(5189, '175', '7', 'Serna, La', 34, 0, 0),
(5190, '177', '6', 'Soto de Cerrato', 34, 0, 0),
(5191, '176', '0', 'Sotobañado y Priorato', 34, 0, 0),
(5192, '178', '2', 'Tabanera de Cerrato', 34, 0, 0),
(5193, '179', '5', 'Tabanera de Valdavia', 34, 0, 0),
(5194, '180', '9', 'Támara de Campos', 34, 0, 0),
(5195, '181', '6', 'Tariego de Cerrato', 34, 0, 0),
(5196, '182', '1', 'Torquemada', 34, 0, 0),
(5197, '184', '2', 'Torremormojón', 34, 0, 0),
(5198, '185', '5', 'Triollo', 34, 0, 0),
(5199, '186', '8', 'Valbuena de Pisuerga', 34, 0, 0),
(5200, '189', '3', 'Valdeolmillos', 34, 0, 0),
(5201, '190', '7', 'Valderrábano', 34, 0, 0),
(5202, '192', '9', 'Valde-Ucieza', 34, 0, 0),
(5203, '196', '6', 'Valle de Cerrato', 34, 0, 0),
(5204, '902', '0', 'Valle del Retortillo', 34, 0, 0),
(5205, '199', '1', 'Velilla del Río Carrión', 34, 0, 0),
(5206, '23', '1', 'Venta de Baños', 34, 0, 0),
(5207, '201', '2', 'Vertavillo', 34, 0, 0),
(5208, '93', '6', 'Vid de Ojeda, La', 34, 0, 0),
(5209, '202', '7', 'Villabasta de Valdavia', 34, 0, 0),
(5210, '204', '8', 'Villacidaler', 34, 0, 0),
(5211, '205', '1', 'Villaconancio', 34, 0, 0),
(5212, '206', '4', 'Villada', 34, 0, 0),
(5213, '208', '6', 'Villaeles de Valdavia', 34, 0, 0),
(5214, '210', '3', 'Villahán', 34, 0, 0),
(5215, '211', '0', 'Villaherreros', 34, 0, 0),
(5216, '213', '1', 'Villalaco', 34, 0, 0),
(5217, '214', '6', 'Villalba de Guardo', 34, 0, 0),
(5218, '215', '9', 'Villalcázar de Sirga', 34, 0, 0),
(5219, '216', '2', 'Villalcón', 34, 0, 0),
(5220, '217', '8', 'Villalobón', 34, 0, 0),
(5221, '218', '4', 'Villaluenga de la Vega', 34, 0, 0),
(5222, '220', '1', 'Villamartín de Campos', 34, 0, 0),
(5223, '221', '8', 'Villamediana', 34, 0, 0),
(5224, '222', '3', 'Villameriel', 34, 0, 0),
(5225, '223', '9', 'Villamoronta', 34, 0, 0),
(5226, '224', '4', 'Villamuera de la Cueza', 34, 0, 0),
(5227, '225', '7', 'Villamuriel de Cerrato', 34, 0, 0),
(5228, '227', '6', 'Villanueva del Rebollar', 34, 0, 0),
(5229, '228', '2', 'Villanuño de Valdavia', 34, 0, 0),
(5230, '229', '5', 'Villaprovedo', 34, 0, 0),
(5231, '230', '9', 'Villarmentero de Campos', 34, 0, 0),
(5232, '231', '6', 'Villarrabé', 34, 0, 0),
(5233, '232', '1', 'Villarramiel', 34, 0, 0),
(5234, '233', '7', 'Villasarracino', 34, 0, 0),
(5235, '234', '2', 'Villasila de Valdavia', 34, 0, 0),
(5236, '236', '8', 'Villaturde', 34, 0, 0),
(5237, '237', '4', 'Villaumbrales', 34, 0, 0),
(5238, '238', '0', 'Villaviudas', 34, 0, 0),
(5239, '240', '7', 'Villerías de Campos', 34, 0, 0),
(5240, '241', '4', 'Villodre', 34, 0, 0),
(5241, '242', '9', 'Villodrigo', 34, 0, 0),
(5242, '243', '5', 'Villoldo', 34, 0, 0),
(5243, '245', '3', 'Villota del Páramo', 34, 0, 0),
(5244, '246', '6', 'Villovieco', 34, 0, 0),
(5245, '1', '7', 'Agaete', 35, 0, 0),
(5246, '2', '2', 'Agüimes', 35, 0, 0),
(5247, '20', '6', 'Aldea de San Nicolás, La', 35, 0, 0),
(5248, '3', '8', 'Antigua', 35, 0, 0),
(5249, '4', '3', 'Arrecife', 35, 0, 0),
(5250, '5', '6', 'Artenara', 35, 0, 0),
(5251, '6', '9', 'Arucas', 35, 0, 0),
(5252, '7', '5', 'Betancuria', 35, 0, 0),
(5253, '8', '1', 'Firgas', 35, 0, 0),
(5254, '9', '4', 'Gáldar', 35, 0, 0),
(5255, '10', '8', 'Haría', 35, 0, 0),
(5256, '11', '5', 'Ingenio', 35, 0, 0),
(5257, '12', '0', 'Mogán', 35, 0, 0),
(5258, '13', '6', 'Moya', 35, 0, 0),
(5259, '14', '1', 'Oliva, La', 35, 0, 0),
(5260, '15', '4', 'Pájara', 35, 0, 0),
(5261, '16', '7', 'Palmas de Gran Canaria, Las', 35, 0, 0),
(5262, '17', '3', 'Puerto del Rosario', 35, 0, 0),
(5263, '18', '9', 'San Bartolomé', 35, 0, 0),
(5264, '19', '2', 'San Bartolomé de Tirajana', 35, 0, 0),
(5265, '21', '3', 'Santa Brígida', 35, 0, 0),
(5266, '22', '8', 'Santa Lucía de Tirajana', 35, 0, 0),
(5267, '23', '4', 'Santa María de Guía de Gran Canaria', 35, 0, 0),
(5268, '24', '9', 'Teguise', 35, 0, 0),
(5269, '25', '2', 'Tejeda', 35, 0, 0),
(5270, '26', '5', 'Telde', 35, 0, 0),
(5271, '27', '1', 'Teror', 35, 0, 0),
(5272, '28', '7', 'Tías', 35, 0, 0),
(5273, '29', '0', 'Tinajo', 35, 0, 0),
(5274, '30', '4', 'Tuineje', 35, 0, 0),
(5275, '32', '6', 'Valleseco', 35, 0, 0),
(5276, '31', '1', 'Valsequillo de Gran Canaria', 35, 0, 0),
(5277, '33', '2', 'Vega de San Mateo', 35, 0, 0),
(5278, '34', '7', 'Yaiza', 35, 0, 0),
(5279, '20', '9', 'Agolada', 36, 0, 0),
(5280, '1', '0', 'Arbo', 36, 0, 0),
(5281, '3', '1', 'Baiona', 36, 0, 0),
(5282, '2', '5', 'Barro', 36, 0, 0),
(5283, '4', '6', 'Bueu', 36, 0, 0),
(5284, '5', '9', 'Caldas de Reis', 36, 0, 0),
(5285, '6', '2', 'Cambados', 36, 0, 0),
(5286, '7', '8', 'Campo Lameiro', 36, 0, 0),
(5287, '8', '4', 'Cangas', 36, 0, 0),
(5288, '9', '7', 'Cañiza, A', 36, 0, 0),
(5289, '10', '1', 'Catoira', 36, 0, 0),
(5290, '902', '6', 'Cerdedo-Cotobade', 36, 0, 0),
(5291, '13', '9', 'Covelo', 36, 0, 0),
(5292, '14', '4', 'Crecente', 36, 0, 0),
(5293, '15', '7', 'Cuntis', 36, 0, 0),
(5294, '16', '0', 'Dozón', 36, 0, 0),
(5295, '17', '6', 'Estrada, A', 36, 0, 0),
(5296, '18', '2', 'Forcarei', 36, 0, 0),
(5297, '19', '5', 'Fornelos de Montes', 36, 0, 0),
(5298, '21', '6', 'Gondomar', 36, 0, 0),
(5299, '22', '1', 'Grove, O', 36, 0, 0),
(5300, '23', '7', 'Guarda, A', 36, 0, 0),
(5301, '901', '1', 'Illa de Arousa, A', 36, 0, 0),
(5302, '24', '2', 'Lalín', 36, 0, 0),
(5303, '25', '5', 'Lama, A', 36, 0, 0),
(5304, '26', '8', 'Marín', 36, 0, 0),
(5305, '27', '4', 'Meaño', 36, 0, 0),
(5306, '28', '0', 'Meis', 36, 0, 0),
(5307, '29', '3', 'Moaña', 36, 0, 0),
(5308, '30', '7', 'Mondariz', 36, 0, 0),
(5309, '31', '4', 'Mondariz-Balneario', 36, 0, 0),
(5310, '32', '9', 'Moraña', 36, 0, 0),
(5311, '33', '5', 'Mos', 36, 0, 0),
(5312, '34', '0', 'Neves, As', 36, 0, 0),
(5313, '35', '3', 'Nigrán', 36, 0, 0),
(5314, '36', '6', 'Oia', 36, 0, 0),
(5315, '37', '2', 'Pazos de Borbén', 36, 0, 0),
(5316, '41', '2', 'Poio', 36, 0, 0),
(5317, '43', '3', 'Ponte Caldelas', 36, 0, 0),
(5318, '42', '7', 'Ponteareas', 36, 0, 0),
(5319, '44', '8', 'Pontecesures', 36, 0, 0),
(5320, '38', '8', 'Pontevedra', 36, 0, 0),
(5321, '39', '1', 'Porriño, O', 36, 0, 0),
(5322, '40', '5', 'Portas', 36, 0, 0),
(5323, '45', '1', 'Redondela', 36, 0, 0),
(5324, '46', '4', 'Ribadumia', 36, 0, 0),
(5325, '47', '0', 'Rodeiro', 36, 0, 0),
(5326, '48', '6', 'Rosal, O', 36, 0, 0),
(5327, '49', '9', 'Salceda de Caselas', 36, 0, 0),
(5328, '50', '2', 'Salvaterra de Miño', 36, 0, 0),
(5329, '51', '9', 'Sanxenxo', 36, 0, 0),
(5330, '52', '4', 'Silleda', 36, 0, 0),
(5331, '53', '0', 'Soutomaior', 36, 0, 0),
(5332, '54', '5', 'Tomiño', 36, 0, 0),
(5333, '55', '8', 'Tui', 36, 0, 0),
(5334, '56', '1', 'Valga', 36, 0, 0),
(5335, '57', '7', 'Vigo', 36, 0, 0),
(5336, '59', '6', 'Vila de Cruces', 36, 0, 0),
(5337, '58', '3', 'Vilaboa', 36, 0, 0),
(5338, '60', '0', 'Vilagarcía de Arousa', 36, 0, 0),
(5339, '61', '7', 'Vilanova de Arousa', 36, 0, 0),
(5340, '1', '6', 'Abusejo', 37, 0, 0),
(5341, '2', '1', 'Agallas', 37, 0, 0),
(5342, '3', '7', 'Ahigal de los Aceiteros', 37, 0, 0),
(5343, '4', '2', 'Ahigal de Villarino', 37, 0, 0),
(5344, '5', '5', 'Alameda de Gardón, La', 37, 0, 0),
(5345, '6', '8', 'Alamedilla, La', 37, 0, 0),
(5346, '7', '4', 'Alaraz', 37, 0, 0),
(5347, '8', '0', 'Alba de Tormes', 37, 0, 0),
(5348, '9', '3', 'Alba de Yeltes', 37, 0, 0),
(5349, '10', '7', 'Alberca, La', 37, 0, 0),
(5350, '11', '4', 'Alberguería de Argañán, La', 37, 0, 0),
(5351, '12', '9', 'Alconada', 37, 0, 0),
(5352, '15', '3', 'Aldea del Obispo', 37, 0, 0),
(5353, '13', '5', 'Aldeacipreste', 37, 0, 0),
(5354, '14', '0', 'Aldeadávila de la Ribera', 37, 0, 0),
(5355, '16', '6', 'Aldealengua', 37, 0, 0),
(5356, '17', '2', 'Aldeanueva de Figueroa', 37, 0, 0),
(5357, '18', '8', 'Aldeanueva de la Sierra', 37, 0, 0),
(5358, '19', '1', 'Aldearrodrigo', 37, 0, 0),
(5359, '20', '5', 'Aldearrubia', 37, 0, 0),
(5360, '21', '2', 'Aldeaseca de Alba', 37, 0, 0),
(5361, '22', '7', 'Aldeaseca de la Frontera', 37, 0, 0),
(5362, '23', '3', 'Aldeatejada', 37, 0, 0),
(5363, '24', '8', 'Aldeavieja de Tormes', 37, 0, 0),
(5364, '25', '1', 'Aldehuela de la Bóveda', 37, 0, 0),
(5365, '26', '4', 'Aldehuela de Yeltes', 37, 0, 0),
(5366, '27', '0', 'Almenara de Tormes', 37, 0, 0),
(5367, '28', '6', 'Almendra', 37, 0, 0),
(5368, '29', '9', 'Anaya de Alba', 37, 0, 0),
(5369, '30', '3', 'Añover de Tormes', 37, 0, 0),
(5370, '31', '0', 'Arabayona de Mógica', 37, 0, 0),
(5371, '32', '5', 'Arapiles', 37, 0, 0),
(5372, '33', '1', 'Arcediano', 37, 0, 0),
(5373, '34', '6', 'Arco, El', 37, 0, 0),
(5374, '35', '9', 'Armenteros', 37, 0, 0),
(5375, '37', '8', 'Atalaya, La', 37, 0, 0),
(5376, '38', '4', 'Babilafuente', 37, 0, 0),
(5377, '39', '7', 'Bañobárez', 37, 0, 0),
(5378, '40', '1', 'Barbadillo', 37, 0, 0),
(5379, '41', '8', 'Barbalos', 37, 0, 0),
(5380, '42', '3', 'Barceo', 37, 0, 0),
(5381, '44', '4', 'Barruecopardo', 37, 0, 0),
(5382, '45', '7', 'Bastida, La', 37, 0, 0),
(5383, '46', '0', 'Béjar', 37, 0, 0),
(5384, '47', '6', 'Beleña', 37, 0, 0),
(5385, '49', '5', 'Bermellar', 37, 0, 0),
(5386, '50', '8', 'Berrocal de Huebra', 37, 0, 0),
(5387, '51', '5', 'Berrocal de Salvatierra', 37, 0, 0),
(5388, '52', '0', 'Boada', 37, 0, 0),
(5389, '54', '1', 'Bodón, El', 37, 0, 0),
(5390, '55', '4', 'Bogajo', 37, 0, 0),
(5391, '56', '7', 'Bouza, La', 37, 0, 0),
(5392, '57', '3', 'Bóveda del Río Almar', 37, 0, 0),
(5393, '58', '9', 'Brincones', 37, 0, 0),
(5394, '59', '2', 'Buenamadre', 37, 0, 0),
(5395, '60', '6', 'Buenavista', 37, 0, 0),
(5396, '61', '3', 'Cabaco, El', 37, 0, 0),
(5397, '63', '4', 'Cabeza de Béjar, La', 37, 0, 0),
(5398, '65', '2', 'Cabeza del Caballo', 37, 0, 0),
(5399, '62', '8', 'Cabezabellosa de la Calzada', 37, 0, 0),
(5400, '67', '1', 'Cabrerizos', 37, 0, 0),
(5401, '68', '7', 'Cabrillas', 37, 0, 0),
(5402, '69', '0', 'Calvarrasa de Abajo', 37, 0, 0),
(5403, '70', '4', 'Calvarrasa de Arriba', 37, 0, 0),
(5404, '71', '1', 'Calzada de Béjar, La', 37, 0, 0),
(5405, '72', '6', 'Calzada de Don Diego', 37, 0, 0),
(5406, '73', '2', 'Calzada de Valdunciel', 37, 0, 0),
(5407, '74', '7', 'Campillo de Azaba', 37, 0, 0),
(5408, '77', '9', 'Campo de Peñaranda, El', 37, 0, 0),
(5409, '78', '5', 'Candelario', 37, 0, 0),
(5410, '79', '8', 'Canillas de Abajo', 37, 0, 0),
(5411, '80', '2', 'Cantagallo', 37, 0, 0),
(5412, '81', '9', 'Cantalapiedra', 37, 0, 0),
(5413, '82', '4', 'Cantalpino', 37, 0, 0),
(5414, '83', '0', 'Cantaracillo', 37, 0, 0),
(5415, '85', '8', 'Carbajosa de la Sagrada', 37, 0, 0),
(5416, '86', '1', 'Carpio de Azaba', 37, 0, 0),
(5417, '87', '7', 'Carrascal de Barregas', 37, 0, 0),
(5418, '88', '3', 'Carrascal del Obispo', 37, 0, 0),
(5419, '89', '6', 'Casafranca', 37, 0, 0),
(5420, '90', '0', 'Casas del Conde, Las', 37, 0, 0),
(5421, '91', '7', 'Casillas de Flores', 37, 0, 0),
(5422, '92', '2', 'Castellanos de Moriscos', 37, 0, 0),
(5423, '185', '7', 'Castellanos de Villiquera', 37, 0, 0),
(5424, '96', '9', 'Castillejo de Martín Viejo', 37, 0, 0),
(5425, '97', '5', 'Castraz', 37, 0, 0),
(5426, '98', '1', 'Cepeda', 37, 0, 0),
(5427, '99', '4', 'Cereceda de la Sierra', 37, 0, 0),
(5428, '100', '8', 'Cerezal de Peñahorcada', 37, 0, 0),
(5429, '101', '5', 'Cerralbo', 37, 0, 0),
(5430, '102', '0', 'Cerro, El', 37, 0, 0),
(5431, '103', '6', 'Cespedosa de Tormes', 37, 0, 0),
(5432, '114', '9', 'Chagarcía Medianero', 37, 0, 0),
(5433, '104', '1', 'Cilleros de la Bastida', 37, 0, 0),
(5434, '106', '7', 'Cipérez', 37, 0, 0),
(5435, '107', '3', 'Ciudad Rodrigo', 37, 0, 0),
(5436, '108', '9', 'Coca de Alba', 37, 0, 0),
(5437, '109', '2', 'Colmenar de Montemayor', 37, 0, 0),
(5438, '110', '6', 'Cordovilla', 37, 0, 0),
(5439, '112', '8', 'Cristóbal', 37, 0, 0),
(5440, '113', '4', 'Cubo de Don Sancho, El', 37, 0, 0),
(5441, '115', '2', 'Dios le Guarde', 37, 0, 0),
(5442, '116', '5', 'Doñinos de Ledesma', 37, 0, 0),
(5443, '117', '1', 'Doñinos de Salamanca', 37, 0, 0),
(5444, '118', '7', 'Ejeme', 37, 0, 0),
(5445, '120', '4', 'Encina de San Silvestre', 37, 0, 0),
(5446, '119', '0', 'Encina, La', 37, 0, 0),
(5447, '121', '1', 'Encinas de Abajo', 37, 0, 0),
(5448, '122', '6', 'Encinas de Arriba', 37, 0, 0),
(5449, '123', '2', 'Encinasola de los Comendadores', 37, 0, 0),
(5450, '124', '7', 'Endrinal', 37, 0, 0),
(5451, '125', '0', 'Escurial de la Sierra', 37, 0, 0),
(5452, '126', '3', 'Espadaña', 37, 0, 0),
(5453, '127', '9', 'Espeja', 37, 0, 0),
(5454, '128', '5', 'Espino de la Orbada', 37, 0, 0),
(5455, '129', '8', 'Florida de Liébana', 37, 0, 0),
(5456, '130', '2', 'Forfoleda', 37, 0, 0),
(5457, '131', '9', 'Frades de la Sierra', 37, 0, 0),
(5458, '132', '4', 'Fregeneda, La', 37, 0, 0),
(5459, '133', '0', 'Fresnedoso', 37, 0, 0),
(5460, '134', '5', 'Fresno Alhándiga', 37, 0, 0),
(5461, '135', '8', 'Fuente de San Esteban, La', 37, 0, 0),
(5462, '136', '1', 'Fuenteguinaldo', 37, 0, 0),
(5463, '137', '7', 'Fuenteliante', 37, 0, 0),
(5464, '138', '3', 'Fuenterroble de Salvatierra', 37, 0, 0),
(5465, '139', '6', 'Fuentes de Béjar', 37, 0, 0),
(5466, '140', '0', 'Fuentes de Oñoro', 37, 0, 0),
(5467, '141', '7', 'Gajates', 37, 0, 0),
(5468, '142', '2', 'Galindo y Perahuy', 37, 0, 0),
(5469, '143', '8', 'Galinduste', 37, 0, 0),
(5470, '144', '3', 'Galisancho', 37, 0, 0),
(5471, '145', '6', 'Gallegos de Argañán', 37, 0, 0),
(5472, '146', '9', 'Gallegos de Solmirón', 37, 0, 0),
(5473, '147', '5', 'Garcibuey', 37, 0, 0),
(5474, '148', '1', 'Garcihernández', 37, 0, 0),
(5475, '149', '4', 'Garcirrey', 37, 0, 0),
(5476, '150', '7', 'Gejuelo del Barro', 37, 0, 0),
(5477, '151', '4', 'Golpejas', 37, 0, 0),
(5478, '152', '9', 'Gomecello', 37, 0, 0),
(5479, '154', '0', 'Guadramiro', 37, 0, 0),
(5480, '155', '3', 'Guijo de Ávila', 37, 0, 0),
(5481, '156', '6', 'Guijuelo', 37, 0, 0),
(5482, '157', '2', 'Herguijuela de Ciudad Rodrigo', 37, 0, 0),
(5483, '158', '8', 'Herguijuela de la Sierra', 37, 0, 0),
(5484, '159', '1', 'Herguijuela del Campo', 37, 0, 0),
(5485, '160', '5', 'Hinojosa de Duero', 37, 0, 0),
(5486, '161', '2', 'Horcajo de Montemayor', 37, 0, 0),
(5487, '162', '7', 'Horcajo Medianero', 37, 0, 0),
(5488, '163', '3', 'Hoya, La', 37, 0, 0),
(5489, '164', '8', 'Huerta', 37, 0, 0),
(5490, '165', '1', 'Iruelos', 37, 0, 0),
(5491, '166', '4', 'Ituero de Azaba', 37, 0, 0),
(5492, '167', '0', 'Juzbado', 37, 0, 0),
(5493, '168', '6', 'Lagunilla', 37, 0, 0),
(5494, '169', '9', 'Larrodrigo', 37, 0, 0),
(5495, '170', '3', 'Ledesma', 37, 0, 0),
(5496, '171', '0', 'Ledrada', 37, 0, 0),
(5497, '172', '5', 'Linares de Riofrío', 37, 0, 0),
(5498, '173', '1', 'Lumbrales', 37, 0, 0),
(5499, '175', '9', 'Machacón', 37, 0, 0),
(5500, '174', '6', 'Macotera', 37, 0, 0),
(5501, '176', '2', 'Madroñal', 37, 0, 0),
(5502, '177', '8', 'Maíllo, El', 37, 0, 0),
(5503, '178', '4', 'Malpartida', 37, 0, 0),
(5504, '179', '7', 'Mancera de Abajo', 37, 0, 0),
(5505, '180', '1', 'Manzano, El', 37, 0, 0),
(5506, '181', '8', 'Martiago', 37, 0, 0),
(5507, '183', '9', 'Martín de Yeltes', 37, 0, 0),
(5508, '182', '3', 'Martinamor', 37, 0, 0),
(5509, '184', '4', 'Masueco', 37, 0, 0),
(5510, '186', '0', 'Mata de Ledesma, La', 37, 0, 0),
(5511, '187', '6', 'Matilla de los Caños del Río', 37, 0, 0),
(5512, '188', '2', 'Maya, La', 37, 0, 0),
(5513, '189', '5', 'Membribe de la Sierra', 37, 0, 0),
(5514, '190', '9', 'Mieza', 37, 0, 0),
(5515, '191', '6', 'Milano, El', 37, 0, 0),
(5516, '192', '1', 'Miranda de Azán', 37, 0, 0),
(5517, '193', '7', 'Miranda del Castañar', 37, 0, 0),
(5518, '194', '2', 'Mogarraz', 37, 0, 0),
(5519, '195', '5', 'Molinillo', 37, 0, 0),
(5520, '196', '8', 'Monforte de la Sierra', 37, 0, 0),
(5521, '197', '4', 'Monleón', 37, 0, 0),
(5522, '198', '0', 'Monleras', 37, 0, 0),
(5523, '199', '3', 'Monsagro', 37, 0, 0),
(5524, '200', '7', 'Montejo', 37, 0, 0),
(5525, '201', '4', 'Montemayor del Río', 37, 0, 0),
(5526, '202', '9', 'Monterrubio de Armuña', 37, 0, 0),
(5527, '203', '5', 'Monterrubio de la Sierra', 37, 0, 0),
(5528, '204', '0', 'Morasverdes', 37, 0, 0),
(5529, '205', '3', 'Morille', 37, 0, 0),
(5530, '206', '6', 'Moríñigo', 37, 0, 0),
(5531, '207', '2', 'Moriscos', 37, 0, 0),
(5532, '208', '8', 'Moronta', 37, 0, 0),
(5533, '209', '1', 'Mozárbez', 37, 0, 0),
(5534, '211', '2', 'Narros de Matalayegua', 37, 0, 0),
(5535, '213', '3', 'Nava de Béjar', 37, 0, 0),
(5536, '214', '8', 'Nava de Francia', 37, 0, 0),
(5537, '215', '1', 'Nava de Sotrobal', 37, 0, 0),
(5538, '212', '7', 'Navacarros', 37, 0, 0),
(5539, '216', '4', 'Navales', 37, 0, 0),
(5540, '217', '0', 'Navalmoral de Béjar', 37, 0, 0),
(5541, '218', '6', 'Navamorales', 37, 0, 0),
(5542, '219', '9', 'Navarredonda de la Rinconada', 37, 0, 0),
(5543, '221', '0', 'Navasfrías', 37, 0, 0),
(5544, '222', '5', 'Negrilla de Palencia', 37, 0, 0),
(5545, '223', '1', 'Olmedo de Camaces', 37, 0, 0),
(5546, '224', '6', 'Orbada, La', 37, 0, 0),
(5547, '225', '9', 'Pajares de la Laguna', 37, 0, 0),
(5548, '226', '2', 'Palacios del Arzobispo', 37, 0, 0),
(5549, '228', '4', 'Palaciosrubios', 37, 0, 0),
(5550, '229', '7', 'Palencia de Negrilla', 37, 0, 0),
(5551, '230', '1', 'Parada de Arriba', 37, 0, 0),
(5552, '231', '8', 'Parada de Rubiales', 37, 0, 0),
(5553, '232', '3', 'Paradinas de San Juan', 37, 0, 0),
(5554, '233', '9', 'Pastores', 37, 0, 0),
(5555, '234', '4', 'Payo, El', 37, 0, 0),
(5556, '235', '7', 'Pedraza de Alba', 37, 0, 0),
(5557, '236', '0', 'Pedrosillo de Alba', 37, 0, 0),
(5558, '237', '6', 'Pedrosillo de los Aires', 37, 0, 0),
(5559, '238', '2', 'Pedrosillo el Ralo', 37, 0, 0),
(5560, '239', '5', 'Pedroso de la Armuña, El', 37, 0, 0),
(5561, '240', '9', 'Pelabravo', 37, 0, 0),
(5562, '241', '6', 'Pelarrodríguez', 37, 0, 0),
(5563, '242', '1', 'Pelayos', 37, 0, 0),
(5564, '243', '7', 'Peña, La', 37, 0, 0),
(5565, '244', '2', 'Peñacaballera', 37, 0, 0),
(5566, '245', '5', 'Peñaparda', 37, 0, 0),
(5567, '246', '8', 'Peñaranda de Bracamonte', 37, 0, 0),
(5568, '247', '4', 'Peñarandilla', 37, 0, 0),
(5569, '248', '0', 'Peralejos de Abajo', 37, 0, 0),
(5570, '249', '3', 'Peralejos de Arriba', 37, 0, 0),
(5571, '250', '6', 'Pereña de la Ribera', 37, 0, 0),
(5572, '251', '3', 'Peromingo', 37, 0, 0),
(5573, '252', '8', 'Pinedas', 37, 0, 0),
(5574, '253', '4', 'Pino de Tormes, El', 37, 0, 0),
(5575, '254', '9', 'Pitiegua', 37, 0, 0),
(5576, '255', '2', 'Pizarral', 37, 0, 0),
(5577, '256', '5', 'Poveda de las Cintas', 37, 0, 0),
(5578, '257', '1', 'Pozos de Hinojo', 37, 0, 0),
(5579, '258', '7', 'Puebla de Azaba', 37, 0, 0),
(5580, '259', '0', 'Puebla de San Medel', 37, 0, 0),
(5581, '260', '4', 'Puebla de Yeltes', 37, 0, 0),
(5582, '261', '1', 'Puente del Congosto', 37, 0, 0),
(5583, '262', '6', 'Puertas', 37, 0, 0),
(5584, '263', '2', 'Puerto de Béjar', 37, 0, 0),
(5585, '264', '7', 'Puerto Seguro', 37, 0, 0),
(5586, '265', '0', 'Rágama', 37, 0, 0),
(5587, '266', '3', 'Redonda, La', 37, 0, 0),
(5588, '267', '9', 'Retortillo', 37, 0, 0),
(5589, '268', '5', 'Rinconada de la Sierra, La', 37, 0, 0),
(5590, '269', '8', 'Robleda', 37, 0, 0),
(5591, '270', '2', 'Robliza de Cojos', 37, 0, 0),
(5592, '271', '9', 'Rollán', 37, 0, 0),
(5593, '272', '4', 'Saelices el Chico', 37, 0, 0),
(5594, '273', '0', 'Sagrada, La', 37, 0, 0),
(5595, '303', '4', 'Sahugo, El', 37, 0, 0),
(5596, '274', '5', 'Salamanca', 37, 0, 0),
(5597, '275', '8', 'Saldeana', 37, 0, 0),
(5598, '276', '1', 'Salmoral', 37, 0, 0),
(5599, '277', '7', 'Salvatierra de Tormes', 37, 0, 0),
(5600, '278', '3', 'San Cristóbal de la Cuesta', 37, 0, 0),
(5601, '284', '3', 'San Esteban de la Sierra', 37, 0, 0),
(5602, '285', '6', 'San Felices de los Gallegos', 37, 0, 0),
(5603, '286', '9', 'San Martín del Castañar', 37, 0, 0),
(5604, '287', '5', 'San Miguel de Valero', 37, 0, 0),
(5605, '36', '2', 'San Miguel del Robledo', 37, 0, 0),
(5606, '288', '1', 'San Morales', 37, 0, 0),
(5607, '289', '4', 'San Muñoz', 37, 0, 0),
(5608, '291', '5', 'San Pedro de Rozados', 37, 0, 0),
(5609, '290', '8', 'San Pedro del Valle', 37, 0, 0),
(5610, '292', '0', 'San Pelayo de Guareña', 37, 0, 0),
(5611, '280', '0', 'Sanchón de la Ribera', 37, 0, 0),
(5612, '281', '7', 'Sanchón de la Sagrada', 37, 0, 0),
(5613, '282', '2', 'Sanchotello', 37, 0, 0),
(5614, '279', '6', 'Sancti-Spíritus', 37, 0, 0),
(5615, '283', '8', 'Sando', 37, 0, 0),
(5616, '293', '6', 'Santa María de Sando', 37, 0, 0),
(5617, '294', '1', 'Santa Marta de Tormes', 37, 0, 0),
(5618, '296', '7', 'Santiago de la Puebla', 37, 0, 0),
(5619, '297', '3', 'Santibáñez de Béjar', 37, 0, 0),
(5620, '298', '9', 'Santibáñez de la Sierra', 37, 0, 0),
(5621, '299', '2', 'Santiz', 37, 0, 0),
(5622, '300', '6', 'Santos, Los', 37, 0, 0),
(5623, '301', '3', 'Sardón de los Frailes', 37, 0, 0),
(5624, '302', '8', 'Saucelle', 37, 0, 0),
(5625, '304', '9', 'Sepulcro-Hilario', 37, 0, 0),
(5626, '305', '2', 'Sequeros', 37, 0, 0),
(5627, '306', '5', 'Serradilla del Arroyo', 37, 0, 0),
(5628, '307', '1', 'Serradilla del Llano', 37, 0, 0),
(5629, '309', '0', 'Sierpe, La', 37, 0, 0),
(5630, '310', '4', 'Sieteiglesias de Tormes', 37, 0, 0),
(5631, '311', '1', 'Sobradillo', 37, 0, 0),
(5632, '312', '6', 'Sorihuela', 37, 0, 0),
(5633, '313', '2', 'Sotoserrano', 37, 0, 0),
(5634, '314', '7', 'Tabera de Abajo', 37, 0, 0),
(5635, '315', '0', 'Tala, La', 37, 0, 0),
(5636, '316', '3', 'Tamames', 37, 0, 0),
(5637, '317', '9', 'Tarazona de Guareña', 37, 0, 0),
(5638, '318', '5', 'Tardáguila', 37, 0, 0),
(5639, '319', '8', 'Tejado, El', 37, 0, 0),
(5640, '320', '2', 'Tejeda y Segoyuela', 37, 0, 0),
(5641, '321', '9', 'Tenebrón', 37, 0, 0),
(5642, '322', '4', 'Terradillos', 37, 0, 0),
(5643, '323', '0', 'Topas', 37, 0, 0),
(5644, '324', '5', 'Tordillos', 37, 0, 0),
(5645, '325', '8', 'Tornadizo, El', 37, 0, 0),
(5646, '327', '7', 'Torresmenudas', 37, 0, 0),
(5647, '328', '3', 'Trabanca', 37, 0, 0),
(5648, '329', '6', 'Tremedal de Tormes', 37, 0, 0),
(5649, '330', '0', 'Valdecarros', 37, 0, 0),
(5650, '331', '7', 'Valdefuentes de Sangusín', 37, 0, 0),
(5651, '332', '2', 'Valdehijaderos', 37, 0, 0),
(5652, '333', '8', 'Valdelacasa', 37, 0, 0),
(5653, '334', '3', 'Valdelageve', 37, 0, 0),
(5654, '335', '6', 'Valdelosa', 37, 0, 0),
(5655, '336', '9', 'Valdemierque', 37, 0, 0),
(5656, '337', '5', 'Valderrodrigo', 37, 0, 0),
(5657, '338', '1', 'Valdunciel', 37, 0, 0),
(5658, '339', '4', 'Valero', 37, 0, 0),
(5659, '343', '6', 'Vallejera de Riofrío', 37, 0, 0),
(5660, '340', '8', 'Valsalabroso', 37, 0, 0),
(5661, '341', '5', 'Valverde de Valdelacasa', 37, 0, 0),
(5662, '342', '0', 'Valverdón', 37, 0, 0),
(5663, '344', '1', 'Vecinos', 37, 0, 0),
(5664, '345', '4', 'Vega de Tirados', 37, 0, 0),
(5665, '346', '7', 'Veguillas, Las', 37, 0, 0),
(5666, '347', '3', 'Vellés, La', 37, 0, 0),
(5667, '348', '9', 'Ventosa del Río Almar', 37, 0, 0),
(5668, '349', '2', 'Vídola, La', 37, 0, 0),
(5669, '351', '2', 'Villaflores', 37, 0, 0),
(5670, '352', '7', 'Villagonzalo de Tormes', 37, 0, 0),
(5671, '353', '3', 'Villalba de los Llanos', 37, 0, 0),
(5672, '354', '8', 'Villamayor', 37, 0, 0),
(5673, '355', '1', 'Villanueva del Conde', 37, 0, 0),
(5674, '356', '4', 'Villar de Argañán', 37, 0, 0),
(5675, '357', '0', 'Villar de Ciervo', 37, 0, 0),
(5676, '358', '6', 'Villar de Gallimazo', 37, 0, 0),
(5677, '359', '9', 'Villar de la Yegua', 37, 0, 0),
(5678, '360', '3', 'Villar de Peralonso', 37, 0, 0),
(5679, '361', '0', 'Villar de Samaniego', 37, 0, 0),
(5680, '362', '5', 'Villares de la Reina', 37, 0, 0),
(5681, '363', '1', 'Villares de Yeltes', 37, 0, 0),
(5682, '364', '6', 'Villarino de los Aires', 37, 0, 0),
(5683, '365', '9', 'Villarmayor', 37, 0, 0),
(5684, '366', '2', 'Villarmuerto', 37, 0, 0),
(5685, '367', '8', 'Villasbuenas', 37, 0, 0),
(5686, '368', '4', 'Villasdardo', 37, 0, 0),
(5687, '369', '7', 'Villaseco de los Gamitos', 37, 0, 0),
(5688, '370', '1', 'Villaseco de los Reyes', 37, 0, 0),
(5689, '371', '8', 'Villasrubias', 37, 0, 0),
(5690, '372', '3', 'Villaverde de Guareña', 37, 0, 0),
(5691, '373', '9', 'Villavieja de Yeltes', 37, 0, 0),
(5692, '374', '4', 'Villoria', 37, 0, 0),
(5693, '375', '7', 'Villoruela', 37, 0, 0),
(5694, '350', '5', 'Vilvestre', 37, 0, 0),
(5695, '376', '0', 'Vitigudino', 37, 0, 0),
(5696, '377', '6', 'Yecla de Yeltes', 37, 0, 0),
(5697, '378', '2', 'Zamarra', 37, 0, 0),
(5698, '379', '5', 'Zamayón', 37, 0, 0),
(5699, '380', '9', 'Zarapicos', 37, 0, 0),
(5700, '381', '6', 'Zarza de Pumareda, La', 37, 0, 0),
(5701, '382', '1', 'Zorita de la Frontera', 37, 0, 0),
(5702, '1', '2', 'Adeje', 38, 0, 0),
(5703, '2', '7', 'Agulo', 38, 0, 0),
(5704, '3', '3', 'Alajeró', 38, 0, 0),
(5705, '4', '8', 'Arafo', 38, 0, 0),
(5706, '5', '1', 'Arico', 38, 0, 0),
(5707, '6', '4', 'Arona', 38, 0, 0),
(5708, '7', '0', 'Barlovento', 38, 0, 0),
(5709, '8', '6', 'Breña Alta', 38, 0, 0),
(5710, '9', '9', 'Breña Baja', 38, 0, 0),
(5711, '10', '3', 'Buenavista del Norte', 38, 0, 0),
(5712, '11', '0', 'Candelaria', 38, 0, 0),
(5713, '12', '5', 'Fasnia', 38, 0, 0),
(5714, '13', '1', 'Frontera', 38, 0, 0),
(5715, '14', '6', 'Fuencaliente de la Palma', 38, 0, 0),
(5716, '15', '9', 'Garachico', 38, 0, 0),
(5717, '16', '2', 'Garafía', 38, 0, 0),
(5718, '17', '8', 'Granadilla de Abona', 38, 0, 0),
(5719, '18', '4', 'Guancha, La', 38, 0, 0),
(5720, '19', '7', 'Guía de Isora', 38, 0, 0),
(5721, '20', '1', 'Güímar', 38, 0, 0),
(5722, '21', '8', 'Hermigua', 38, 0, 0),
(5723, '22', '3', 'Icod de los Vinos', 38, 0, 0),
(5724, '24', '4', 'Llanos de Aridane, Los', 38, 0, 0),
(5725, '25', '7', 'Matanza de Acentejo, La', 38, 0, 0),
(5726, '26', '0', 'Orotava, La', 38, 0, 0);
INSERT INTO `poblaciones` (`id`, `codigo`, `cp`, `poblacion`, `provincia_id`, `activa`, `defecto`) VALUES
(5727, '27', '6', 'Paso, El', 38, 0, 0),
(5728, '901', '3', 'Pinar de El Hierro, El', 38, 0, 0),
(5729, '28', '2', 'Puerto de la Cruz', 38, 0, 0),
(5730, '29', '5', 'Puntagorda', 38, 0, 0),
(5731, '30', '9', 'Puntallana', 38, 0, 0),
(5732, '31', '6', 'Realejos, Los', 38, 0, 0),
(5733, '32', '1', 'Rosario, El', 38, 0, 0),
(5734, '33', '7', 'San Andrés y Sauces', 38, 0, 0),
(5735, '23', '9', 'San Cristóbal de La Laguna', 38, 0, 0),
(5736, '34', '2', 'San Juan de la Rambla', 38, 0, 0),
(5737, '35', '5', 'San Miguel de Abona', 38, 0, 0),
(5738, '36', '8', 'San Sebastián de la Gomera', 38, 0, 0),
(5739, '37', '4', 'Santa Cruz de la Palma', 38, 0, 0),
(5740, '38', '0', 'Santa Cruz de Tenerife', 38, 0, 0),
(5741, '39', '3', 'Santa Úrsula', 38, 0, 0),
(5742, '40', '7', 'Santiago del Teide', 38, 0, 0),
(5743, '41', '4', 'Sauzal, El', 38, 0, 0),
(5744, '42', '9', 'Silos, Los', 38, 0, 0),
(5745, '43', '5', 'Tacoronte', 38, 0, 0),
(5746, '44', '0', 'Tanque, El', 38, 0, 0),
(5747, '45', '3', 'Tazacorte', 38, 0, 0),
(5748, '46', '6', 'Tegueste', 38, 0, 0),
(5749, '47', '2', 'Tijarafe', 38, 0, 0),
(5750, '49', '1', 'Valle Gran Rey', 38, 0, 0),
(5751, '50', '4', 'Vallehermoso', 38, 0, 0),
(5752, '48', '8', 'Valverde', 38, 0, 0),
(5753, '51', '1', 'Victoria de Acentejo, La', 38, 0, 0),
(5754, '52', '6', 'Vilaflor de Chasna', 38, 0, 0),
(5755, '53', '2', 'Villa de Mazo', 38, 0, 0),
(5756, '1', '5', 'Alfoz de Lloredo', 39, 0, 0),
(5757, '2', '0', 'Ampuero', 39, 0, 0),
(5758, '3', '6', 'Anievas', 39, 0, 0),
(5759, '4', '1', 'Arenas de Iguña', 39, 0, 0),
(5760, '5', '4', 'Argoños', 39, 0, 0),
(5761, '6', '7', 'Arnuero', 39, 0, 0),
(5762, '7', '3', 'Arredondo', 39, 0, 0),
(5763, '8', '9', 'Astillero, El', 39, 0, 0),
(5764, '9', '2', 'Bárcena de Cicero', 39, 0, 0),
(5765, '10', '6', 'Bárcena de Pie de Concha', 39, 0, 0),
(5766, '11', '3', 'Bareyo', 39, 0, 0),
(5767, '12', '8', 'Cabezón de la Sal', 39, 0, 0),
(5768, '13', '4', 'Cabezón de Liébana', 39, 0, 0),
(5769, '14', '9', 'Cabuérniga', 39, 0, 0),
(5770, '15', '2', 'Camaleño', 39, 0, 0),
(5771, '16', '5', 'Camargo', 39, 0, 0),
(5772, '27', '9', 'Campoo de Enmedio', 39, 0, 0),
(5773, '17', '1', 'Campoo de Yuso', 39, 0, 0),
(5774, '18', '7', 'Cartes', 39, 0, 0),
(5775, '19', '0', 'Castañeda', 39, 0, 0),
(5776, '20', '4', 'Castro-Urdiales', 39, 0, 0),
(5777, '21', '1', 'Cieza', 39, 0, 0),
(5778, '22', '6', 'Cillorigo de Liébana', 39, 0, 0),
(5779, '23', '2', 'Colindres', 39, 0, 0),
(5780, '24', '7', 'Comillas', 39, 0, 0),
(5781, '25', '0', 'Corrales de Buelna, Los', 39, 0, 0),
(5782, '26', '3', 'Corvera de Toranzo', 39, 0, 0),
(5783, '28', '5', 'Entrambasaguas', 39, 0, 0),
(5784, '29', '8', 'Escalante', 39, 0, 0),
(5785, '30', '2', 'Guriezo', 39, 0, 0),
(5786, '31', '9', 'Hazas de Cesto', 39, 0, 0),
(5787, '32', '4', 'Hermandad de Campoo de Suso', 39, 0, 0),
(5788, '33', '0', 'Herrerías', 39, 0, 0),
(5789, '34', '5', 'Lamasón', 39, 0, 0),
(5790, '35', '8', 'Laredo', 39, 0, 0),
(5791, '36', '1', 'Liendo', 39, 0, 0),
(5792, '37', '7', 'Liérganes', 39, 0, 0),
(5793, '38', '3', 'Limpias', 39, 0, 0),
(5794, '39', '6', 'Luena', 39, 0, 0),
(5795, '40', '0', 'Marina de Cudeyo', 39, 0, 0),
(5796, '41', '7', 'Mazcuerras', 39, 0, 0),
(5797, '42', '2', 'Medio Cudeyo', 39, 0, 0),
(5798, '43', '8', 'Meruelo', 39, 0, 0),
(5799, '44', '3', 'Miengo', 39, 0, 0),
(5800, '45', '6', 'Miera', 39, 0, 0),
(5801, '46', '9', 'Molledo', 39, 0, 0),
(5802, '47', '5', 'Noja', 39, 0, 0),
(5803, '48', '1', 'Penagos', 39, 0, 0),
(5804, '49', '4', 'Peñarrubia', 39, 0, 0),
(5805, '50', '7', 'Pesaguero', 39, 0, 0),
(5806, '51', '4', 'Pesquera', 39, 0, 0),
(5807, '52', '9', 'Piélagos', 39, 0, 0),
(5808, '53', '5', 'Polaciones', 39, 0, 0),
(5809, '54', '0', 'Polanco', 39, 0, 0),
(5810, '55', '3', 'Potes', 39, 0, 0),
(5811, '56', '6', 'Puente Viesgo', 39, 0, 0),
(5812, '57', '2', 'Ramales de la Victoria', 39, 0, 0),
(5813, '58', '8', 'Rasines', 39, 0, 0),
(5814, '59', '1', 'Reinosa', 39, 0, 0),
(5815, '60', '5', 'Reocín', 39, 0, 0),
(5816, '61', '2', 'Ribamontán al Mar', 39, 0, 0),
(5817, '62', '7', 'Ribamontán al Monte', 39, 0, 0),
(5818, '63', '3', 'Rionansa', 39, 0, 0),
(5819, '64', '8', 'Riotuerto', 39, 0, 0),
(5820, '65', '1', 'Rozas de Valdearroyo, Las', 39, 0, 0),
(5821, '66', '4', 'Ruente', 39, 0, 0),
(5822, '67', '0', 'Ruesga', 39, 0, 0),
(5823, '68', '6', 'Ruiloba', 39, 0, 0),
(5824, '69', '9', 'San Felices de Buelna', 39, 0, 0),
(5825, '70', '3', 'San Miguel de Aguayo', 39, 0, 0),
(5826, '71', '0', 'San Pedro del Romeral', 39, 0, 0),
(5827, '72', '5', 'San Roque de Riomiera', 39, 0, 0),
(5828, '80', '1', 'San Vicente de la Barquera', 39, 0, 0),
(5829, '73', '1', 'Santa Cruz de Bezana', 39, 0, 0),
(5830, '74', '6', 'Santa María de Cayón', 39, 0, 0),
(5831, '75', '9', 'Santander', 39, 0, 0),
(5832, '76', '2', 'Santillana del Mar', 39, 0, 0),
(5833, '77', '8', 'Santiurde de Reinosa', 39, 0, 0),
(5834, '78', '4', 'Santiurde de Toranzo', 39, 0, 0),
(5835, '79', '7', 'Santoña', 39, 0, 0),
(5836, '81', '8', 'Saro', 39, 0, 0),
(5837, '82', '3', 'Selaya', 39, 0, 0),
(5838, '83', '9', 'Soba', 39, 0, 0),
(5839, '84', '4', 'Solórzano', 39, 0, 0),
(5840, '85', '7', 'Suances', 39, 0, 0),
(5841, '86', '0', 'Tojos, Los', 39, 0, 0),
(5842, '87', '6', 'Torrelavega', 39, 0, 0),
(5843, '88', '2', 'Tresviso', 39, 0, 0),
(5844, '89', '5', 'Tudanca', 39, 0, 0),
(5845, '90', '9', 'Udías', 39, 0, 0),
(5846, '95', '5', 'Val de San Vicente', 39, 0, 0),
(5847, '91', '6', 'Valdáliga', 39, 0, 0),
(5848, '92', '1', 'Valdeolea', 39, 0, 0),
(5849, '93', '7', 'Valdeprado del Río', 39, 0, 0),
(5850, '94', '2', 'Valderredible', 39, 0, 0),
(5851, '101', '4', 'Valle de Villaverde', 39, 0, 0),
(5852, '96', '8', 'Vega de Liébana', 39, 0, 0),
(5853, '97', '4', 'Vega de Pas', 39, 0, 0),
(5854, '98', '0', 'Villacarriedo', 39, 0, 0),
(5855, '99', '3', 'Villaescusa', 39, 0, 0),
(5856, '100', '7', 'Villafufre', 39, 0, 0),
(5857, '102', '9', 'Voto', 39, 0, 0),
(5858, '1', '9', 'Abades', 40, 0, 0),
(5859, '2', '4', 'Adrada de Pirón', 40, 0, 0),
(5860, '3', '0', 'Adrados', 40, 0, 0),
(5861, '4', '5', 'Aguilafuente', 40, 0, 0),
(5862, '5', '8', 'Alconada de Maderuelo', 40, 0, 0),
(5863, '12', '2', 'Aldea Real', 40, 0, 0),
(5864, '6', '1', 'Aldealcorvo', 40, 0, 0),
(5865, '7', '7', 'Aldealengua de Pedraza', 40, 0, 0),
(5866, '8', '3', 'Aldealengua de Santa María', 40, 0, 0),
(5867, '9', '6', 'Aldeanueva de la Serrezuela', 40, 0, 0),
(5868, '10', '0', 'Aldeanueva del Codonal', 40, 0, 0),
(5869, '13', '8', 'Aldeasoña', 40, 0, 0),
(5870, '14', '3', 'Aldehorno', 40, 0, 0),
(5871, '15', '6', 'Aldehuela del Codonal', 40, 0, 0),
(5872, '16', '9', 'Aldeonte', 40, 0, 0),
(5873, '17', '5', 'Anaya', 40, 0, 0),
(5874, '18', '1', 'Añe', 40, 0, 0),
(5875, '19', '4', 'Arahuetes', 40, 0, 0),
(5876, '20', '8', 'Arcones', 40, 0, 0),
(5877, '21', '5', 'Arevalillo de Cega', 40, 0, 0),
(5878, '22', '0', 'Armuña', 40, 0, 0),
(5879, '24', '1', 'Ayllón', 40, 0, 0),
(5880, '25', '4', 'Barbolla', 40, 0, 0),
(5881, '26', '7', 'Basardilla', 40, 0, 0),
(5882, '28', '9', 'Bercial', 40, 0, 0),
(5883, '29', '2', 'Bercimuel', 40, 0, 0),
(5884, '30', '6', 'Bernardos', 40, 0, 0),
(5885, '31', '3', 'Bernuy de Porreros', 40, 0, 0),
(5886, '32', '8', 'Boceguillas', 40, 0, 0),
(5887, '33', '4', 'Brieva', 40, 0, 0),
(5888, '34', '9', 'Caballar', 40, 0, 0),
(5889, '35', '2', 'Cabañas de Polendos', 40, 0, 0),
(5890, '36', '5', 'Cabezuela', 40, 0, 0),
(5891, '37', '1', 'Calabazas de Fuentidueña', 40, 0, 0),
(5892, '39', '0', 'Campo de San Pedro', 40, 0, 0),
(5893, '40', '4', 'Cantalejo', 40, 0, 0),
(5894, '41', '1', 'Cantimpalos', 40, 0, 0),
(5895, '43', '2', 'Carbonero el Mayor', 40, 0, 0),
(5896, '44', '7', 'Carrascal del Río', 40, 0, 0),
(5897, '45', '0', 'Casla', 40, 0, 0),
(5898, '46', '3', 'Castillejo de Mesleón', 40, 0, 0),
(5899, '47', '9', 'Castro de Fuentidueña', 40, 0, 0),
(5900, '48', '5', 'Castrojimeno', 40, 0, 0),
(5901, '49', '8', 'Castroserna de Abajo', 40, 0, 0),
(5902, '51', '8', 'Castroserracín', 40, 0, 0),
(5903, '52', '3', 'Cedillo de la Torre', 40, 0, 0),
(5904, '53', '9', 'Cerezo de Abajo', 40, 0, 0),
(5905, '54', '4', 'Cerezo de Arriba', 40, 0, 0),
(5906, '65', '5', 'Chañe', 40, 0, 0),
(5907, '55', '7', 'Cilleruelo de San Mamés', 40, 0, 0),
(5908, '56', '0', 'Cobos de Fuentidueña', 40, 0, 0),
(5909, '57', '6', 'Coca', 40, 0, 0),
(5910, '58', '2', 'Codorniz', 40, 0, 0),
(5911, '59', '5', 'Collado Hermoso', 40, 0, 0),
(5912, '60', '9', 'Condado de Castilnovo', 40, 0, 0),
(5913, '61', '6', 'Corral de Ayllón', 40, 0, 0),
(5914, '902', '5', 'Cozuelos de Fuentidueña', 40, 0, 0),
(5915, '62', '1', 'Cubillo', 40, 0, 0),
(5916, '63', '7', 'Cuéllar', 40, 0, 0),
(5917, '905', '9', 'Cuevas de Provanco', 40, 0, 0),
(5918, '68', '0', 'Domingo García', 40, 0, 0),
(5919, '69', '3', 'Donhierro', 40, 0, 0),
(5920, '70', '7', 'Duruelo', 40, 0, 0),
(5921, '71', '4', 'Encinas', 40, 0, 0),
(5922, '72', '9', 'Encinillas', 40, 0, 0),
(5923, '73', '5', 'Escalona del Prado', 40, 0, 0),
(5924, '74', '0', 'Escarabajosa de Cabezas', 40, 0, 0),
(5925, '75', '3', 'Escobar de Polendos', 40, 0, 0),
(5926, '76', '6', 'Espinar, El', 40, 0, 0),
(5927, '77', '2', 'Espirdo', 40, 0, 0),
(5928, '78', '8', 'Fresneda de Cuéllar', 40, 0, 0),
(5929, '79', '1', 'Fresno de Cantespino', 40, 0, 0),
(5930, '80', '5', 'Fresno de la Fuente', 40, 0, 0),
(5931, '81', '2', 'Frumales', 40, 0, 0),
(5932, '82', '7', 'Fuente de Santa Cruz', 40, 0, 0),
(5933, '83', '3', 'Fuente el Olmo de Fuentidueña', 40, 0, 0),
(5934, '84', '8', 'Fuente el Olmo de Íscar', 40, 0, 0),
(5935, '86', '4', 'Fuentepelayo', 40, 0, 0),
(5936, '87', '0', 'Fuentepiñel', 40, 0, 0),
(5937, '88', '6', 'Fuenterrebollo', 40, 0, 0),
(5938, '89', '9', 'Fuentesaúco de Fuentidueña', 40, 0, 0),
(5939, '91', '0', 'Fuentesoto', 40, 0, 0),
(5940, '92', '5', 'Fuentidueña', 40, 0, 0),
(5941, '93', '1', 'Gallegos', 40, 0, 0),
(5942, '94', '6', 'Garcillán', 40, 0, 0),
(5943, '95', '9', 'Gomezserracín', 40, 0, 0),
(5944, '97', '8', 'Grajera', 40, 0, 0),
(5945, '99', '7', 'Honrubia de la Cuesta', 40, 0, 0),
(5946, '100', '1', 'Hontalbilla', 40, 0, 0),
(5947, '101', '8', 'Hontanares de Eresma', 40, 0, 0),
(5948, '103', '9', 'Huertos, Los', 40, 0, 0),
(5949, '104', '4', 'Ituero y Lama', 40, 0, 0),
(5950, '105', '7', 'Juarros de Riomoros', 40, 0, 0),
(5951, '106', '0', 'Juarros de Voltoya', 40, 0, 0),
(5952, '107', '6', 'Labajos', 40, 0, 0),
(5953, '108', '2', 'Laguna de Contreras', 40, 0, 0),
(5954, '109', '5', 'Languilla', 40, 0, 0),
(5955, '110', '9', 'Lastras de Cuéllar', 40, 0, 0),
(5956, '111', '6', 'Lastras del Pozo', 40, 0, 0),
(5957, '112', '1', 'Lastrilla, La', 40, 0, 0),
(5958, '113', '7', 'Losa, La', 40, 0, 0),
(5959, '115', '5', 'Maderuelo', 40, 0, 0),
(5960, '903', '1', 'Marazoleja', 40, 0, 0),
(5961, '118', '0', 'Marazuela', 40, 0, 0),
(5962, '119', '3', 'Martín Miguel', 40, 0, 0),
(5963, '120', '7', 'Martín Muñoz de la Dehesa', 40, 0, 0),
(5964, '121', '4', 'Martín Muñoz de las Posadas', 40, 0, 0),
(5965, '122', '9', 'Marugán', 40, 0, 0),
(5966, '124', '0', 'Mata de Cuéllar', 40, 0, 0),
(5967, '123', '5', 'Matabuena', 40, 0, 0),
(5968, '125', '3', 'Matilla, La', 40, 0, 0),
(5969, '126', '6', 'Melque de Cercos', 40, 0, 0),
(5970, '127', '2', 'Membibre de la Hoz', 40, 0, 0),
(5971, '128', '8', 'Migueláñez', 40, 0, 0),
(5972, '129', '1', 'Montejo de Arévalo', 40, 0, 0),
(5973, '130', '5', 'Montejo de la Vega de la Serrezuela', 40, 0, 0),
(5974, '131', '2', 'Monterrubio', 40, 0, 0),
(5975, '132', '7', 'Moral de Hornuez', 40, 0, 0),
(5976, '134', '8', 'Mozoncillo', 40, 0, 0),
(5977, '135', '1', 'Muñopedro', 40, 0, 0),
(5978, '136', '4', 'Muñoveros', 40, 0, 0),
(5979, '138', '6', 'Nava de la Asunción', 40, 0, 0),
(5980, '139', '9', 'Navafría', 40, 0, 0),
(5981, '140', '3', 'Navalilla', 40, 0, 0),
(5982, '141', '0', 'Navalmanzano', 40, 0, 0),
(5983, '142', '5', 'Navares de Ayuso', 40, 0, 0),
(5984, '143', '1', 'Navares de Enmedio', 40, 0, 0),
(5985, '144', '6', 'Navares de las Cuevas', 40, 0, 0),
(5986, '145', '9', 'Navas de Oro', 40, 0, 0),
(5987, '904', '6', 'Navas de Riofrío', 40, 0, 0),
(5988, '146', '2', 'Navas de San Antonio', 40, 0, 0),
(5989, '148', '4', 'Nieva', 40, 0, 0),
(5990, '149', '7', 'Olombrada', 40, 0, 0),
(5991, '150', '0', 'Orejana', 40, 0, 0),
(5992, '151', '7', 'Ortigosa de Pestaño', 40, 0, 0),
(5993, '901', '0', 'Ortigosa del Monte', 40, 0, 0),
(5994, '152', '2', 'Otero de Herreros', 40, 0, 0),
(5995, '154', '3', 'Pajarejos', 40, 0, 0),
(5996, '155', '6', 'Palazuelos de Eresma', 40, 0, 0),
(5997, '156', '9', 'Pedraza', 40, 0, 0),
(5998, '157', '5', 'Pelayos del Arroyo', 40, 0, 0),
(5999, '158', '1', 'Perosillo', 40, 0, 0),
(6000, '159', '4', 'Pinarejos', 40, 0, 0),
(6001, '160', '8', 'Pinarnegrillo', 40, 0, 0),
(6002, '161', '5', 'Pradales', 40, 0, 0),
(6003, '162', '0', 'Prádena', 40, 0, 0),
(6004, '163', '6', 'Puebla de Pedraza', 40, 0, 0),
(6005, '164', '1', 'Rapariegos', 40, 0, 0),
(6006, '181', '1', 'Real Sitio de San Ildefonso', 40, 0, 0),
(6007, '165', '4', 'Rebollo', 40, 0, 0),
(6008, '166', '7', 'Remondo', 40, 0, 0),
(6009, '168', '9', 'Riaguas de San Bartolomé', 40, 0, 0),
(6010, '170', '6', 'Riaza', 40, 0, 0),
(6011, '171', '3', 'Ribota', 40, 0, 0),
(6012, '172', '8', 'Riofrío de Riaza', 40, 0, 0),
(6013, '173', '4', 'Roda de Eresma', 40, 0, 0),
(6014, '174', '9', 'Sacramenia', 40, 0, 0),
(6015, '176', '5', 'Samboal', 40, 0, 0),
(6016, '177', '1', 'San Cristóbal de Cuéllar', 40, 0, 0),
(6017, '178', '7', 'San Cristóbal de la Vega', 40, 0, 0),
(6018, '906', '2', 'San Cristóbal de Segovia', 40, 0, 0),
(6019, '182', '6', 'San Martín y Mudrián', 40, 0, 0),
(6020, '183', '2', 'San Miguel de Bernuy', 40, 0, 0),
(6021, '184', '7', 'San Pedro de Gaíllos', 40, 0, 0),
(6022, '179', '0', 'Sanchonuño', 40, 0, 0),
(6023, '180', '4', 'Sangarcía', 40, 0, 0),
(6024, '185', '0', 'Santa María la Real de Nieva', 40, 0, 0),
(6025, '186', '3', 'Santa Marta del Cerro', 40, 0, 0),
(6026, '188', '5', 'Santiuste de Pedraza', 40, 0, 0),
(6027, '189', '8', 'Santiuste de San Juan Bautista', 40, 0, 0),
(6028, '190', '2', 'Santo Domingo de Pirón', 40, 0, 0),
(6029, '191', '9', 'Santo Tomé del Puerto', 40, 0, 0),
(6030, '192', '4', 'Sauquillo de Cabezas', 40, 0, 0),
(6031, '193', '0', 'Sebúlcor', 40, 0, 0),
(6032, '194', '5', 'Segovia', 40, 0, 0),
(6033, '195', '8', 'Sepúlveda', 40, 0, 0),
(6034, '196', '1', 'Sequera de Fresno', 40, 0, 0),
(6035, '198', '3', 'Sotillo', 40, 0, 0),
(6036, '199', '6', 'Sotosalbos', 40, 0, 0),
(6037, '200', '0', 'Tabanera la Luenga', 40, 0, 0),
(6038, '201', '7', 'Tolocirio', 40, 0, 0),
(6039, '206', '9', 'Torre Val de San Pedro', 40, 0, 0),
(6040, '202', '2', 'Torreadrada', 40, 0, 0),
(6041, '203', '8', 'Torrecaballeros', 40, 0, 0),
(6042, '204', '3', 'Torrecilla del Pinar', 40, 0, 0),
(6043, '205', '6', 'Torreiglesias', 40, 0, 0),
(6044, '207', '5', 'Trescasas', 40, 0, 0),
(6045, '208', '1', 'Turégano', 40, 0, 0),
(6046, '210', '8', 'Urueñas', 40, 0, 0),
(6047, '211', '5', 'Valdeprados', 40, 0, 0),
(6048, '212', '0', 'Valdevacas de Montejo', 40, 0, 0),
(6049, '213', '6', 'Valdevacas y Guijar', 40, 0, 0),
(6050, '218', '9', 'Valle de Tabladillo', 40, 0, 0),
(6051, '219', '2', 'Vallelado', 40, 0, 0),
(6052, '220', '6', 'Valleruela de Pedraza', 40, 0, 0),
(6053, '221', '3', 'Valleruela de Sepúlveda', 40, 0, 0),
(6054, '214', '1', 'Valseca', 40, 0, 0),
(6055, '215', '4', 'Valtiendas', 40, 0, 0),
(6056, '216', '7', 'Valverde del Majano', 40, 0, 0),
(6057, '222', '8', 'Veganzones', 40, 0, 0),
(6058, '223', '4', 'Vegas de Matute', 40, 0, 0),
(6059, '224', '9', 'Ventosilla y Tejadilla', 40, 0, 0),
(6060, '225', '2', 'Villacastín', 40, 0, 0),
(6061, '228', '7', 'Villaverde de Íscar', 40, 0, 0),
(6062, '229', '0', 'Villaverde de Montejo', 40, 0, 0),
(6063, '230', '4', 'Villeguillo', 40, 0, 0),
(6064, '231', '1', 'Yanguas de Eresma', 40, 0, 0),
(6065, '233', '2', 'Zarzuela del Monte', 40, 0, 0),
(6066, '234', '7', 'Zarzuela del Pinar', 40, 0, 0),
(6067, '1', '6', 'Aguadulce', 41, 0, 0),
(6068, '2', '1', 'Alanís', 41, 0, 0),
(6069, '3', '7', 'Albaida del Aljarafe', 41, 0, 0),
(6070, '4', '2', 'Alcalá de Guadaíra', 41, 0, 0),
(6071, '5', '5', 'Alcalá del Río', 41, 0, 0),
(6072, '6', '8', 'Alcolea del Río', 41, 0, 0),
(6073, '7', '4', 'Algaba, La', 41, 0, 0),
(6074, '8', '0', 'Algámitas', 41, 0, 0),
(6075, '9', '3', 'Almadén de la Plata', 41, 0, 0),
(6076, '10', '7', 'Almensilla', 41, 0, 0),
(6077, '11', '4', 'Arahal', 41, 0, 0),
(6078, '12', '9', 'Aznalcázar', 41, 0, 0),
(6079, '13', '5', 'Aznalcóllar', 41, 0, 0),
(6080, '14', '0', 'Badolatosa', 41, 0, 0),
(6081, '15', '3', 'Benacazón', 41, 0, 0),
(6082, '16', '6', 'Bollullos de la Mitación', 41, 0, 0),
(6083, '17', '2', 'Bormujos', 41, 0, 0),
(6084, '18', '8', 'Brenes', 41, 0, 0),
(6085, '19', '1', 'Burguillos', 41, 0, 0),
(6086, '20', '5', 'Cabezas de San Juan, Las', 41, 0, 0),
(6087, '21', '2', 'Camas', 41, 0, 0),
(6088, '22', '7', 'Campana, La', 41, 0, 0),
(6089, '23', '3', 'Cantillana', 41, 0, 0),
(6090, '901', '7', 'Cañada Rosal', 41, 0, 0),
(6091, '24', '8', 'Carmona', 41, 0, 0),
(6092, '25', '1', 'Carrión de los Céspedes', 41, 0, 0),
(6093, '26', '4', 'Casariche', 41, 0, 0),
(6094, '27', '0', 'Castilblanco de los Arroyos', 41, 0, 0),
(6095, '28', '6', 'Castilleja de Guzmán', 41, 0, 0),
(6096, '29', '9', 'Castilleja de la Cuesta', 41, 0, 0),
(6097, '30', '3', 'Castilleja del Campo', 41, 0, 0),
(6098, '31', '0', 'Castillo de las Guardas, El', 41, 0, 0),
(6099, '32', '5', 'Cazalla de la Sierra', 41, 0, 0),
(6100, '33', '1', 'Constantina', 41, 0, 0),
(6101, '34', '6', 'Coria del Río', 41, 0, 0),
(6102, '35', '9', 'Coripe', 41, 0, 0),
(6103, '36', '2', 'Coronil, El', 41, 0, 0),
(6104, '37', '8', 'Corrales, Los', 41, 0, 0),
(6105, '903', '8', 'Cuervo de Sevilla, El', 41, 0, 0),
(6106, '38', '4', 'Dos Hermanas', 41, 0, 0),
(6107, '39', '7', 'Écija', 41, 0, 0),
(6108, '40', '1', 'Espartinas', 41, 0, 0),
(6109, '41', '8', 'Estepa', 41, 0, 0),
(6110, '42', '3', 'Fuentes de Andalucía', 41, 0, 0),
(6111, '43', '9', 'Garrobo, El', 41, 0, 0),
(6112, '44', '4', 'Gelves', 41, 0, 0),
(6113, '45', '7', 'Gerena', 41, 0, 0),
(6114, '46', '0', 'Gilena', 41, 0, 0),
(6115, '47', '6', 'Gines', 41, 0, 0),
(6116, '48', '2', 'Guadalcanal', 41, 0, 0),
(6117, '49', '5', 'Guillena', 41, 0, 0),
(6118, '50', '8', 'Herrera', 41, 0, 0),
(6119, '51', '5', 'Huévar del Aljarafe', 41, 0, 0),
(6120, '902', '2', 'Isla Mayor', 41, 0, 0),
(6121, '52', '0', 'Lantejuela', 41, 0, 0),
(6122, '53', '6', 'Lebrija', 41, 0, 0),
(6123, '54', '1', 'Lora de Estepa', 41, 0, 0),
(6124, '55', '4', 'Lora del Río', 41, 0, 0),
(6125, '56', '7', 'Luisiana, La', 41, 0, 0),
(6126, '57', '3', 'Madroño, El', 41, 0, 0),
(6127, '58', '9', 'Mairena del Alcor', 41, 0, 0),
(6128, '59', '2', 'Mairena del Aljarafe', 41, 0, 0),
(6129, '60', '6', 'Marchena', 41, 0, 0),
(6130, '61', '3', 'Marinaleda', 41, 0, 0),
(6131, '62', '8', 'Martín de la Jara', 41, 0, 0),
(6132, '63', '4', 'Molares, Los', 41, 0, 0),
(6133, '64', '9', 'Montellano', 41, 0, 0),
(6134, '65', '2', 'Morón de la Frontera', 41, 0, 0),
(6135, '66', '5', 'Navas de la Concepción, Las', 41, 0, 0),
(6136, '67', '1', 'Olivares', 41, 0, 0),
(6137, '68', '7', 'Osuna', 41, 0, 0),
(6138, '69', '0', 'Palacios y Villafranca, Los', 41, 0, 0),
(6139, '70', '4', 'Palomares del Río', 41, 0, 0),
(6140, '71', '1', 'Paradas', 41, 0, 0),
(6141, '72', '6', 'Pedrera', 41, 0, 0),
(6142, '73', '2', 'Pedroso, El', 41, 0, 0),
(6143, '74', '7', 'Peñaflor', 41, 0, 0),
(6144, '75', '0', 'Pilas', 41, 0, 0),
(6145, '76', '3', 'Pruna', 41, 0, 0),
(6146, '77', '9', 'Puebla de Cazalla, La', 41, 0, 0),
(6147, '78', '5', 'Puebla de los Infantes, La', 41, 0, 0),
(6148, '79', '8', 'Puebla del Río, La', 41, 0, 0),
(6149, '80', '2', 'Real de la Jara, El', 41, 0, 0),
(6150, '81', '9', 'Rinconada, La', 41, 0, 0),
(6151, '82', '4', 'Roda de Andalucía, La', 41, 0, 0),
(6152, '83', '0', 'Ronquillo, El', 41, 0, 0),
(6153, '84', '5', 'Rubio, El', 41, 0, 0),
(6154, '85', '8', 'Salteras', 41, 0, 0),
(6155, '86', '1', 'San Juan de Aznalfarache', 41, 0, 0),
(6156, '88', '3', 'San Nicolás del Puerto', 41, 0, 0),
(6157, '87', '7', 'Sanlúcar la Mayor', 41, 0, 0),
(6158, '89', '6', 'Santiponce', 41, 0, 0),
(6159, '90', '0', 'Saucejo, El', 41, 0, 0),
(6160, '91', '7', 'Sevilla', 41, 0, 0),
(6161, '92', '2', 'Tocina', 41, 0, 0),
(6162, '93', '8', 'Tomares', 41, 0, 0),
(6163, '94', '3', 'Umbrete', 41, 0, 0),
(6164, '95', '6', 'Utrera', 41, 0, 0),
(6165, '96', '9', 'Valencina de la Concepción', 41, 0, 0),
(6166, '97', '5', 'Villamanrique de la Condesa', 41, 0, 0),
(6167, '100', '8', 'Villanueva de San Juan', 41, 0, 0),
(6168, '98', '1', 'Villanueva del Ariscal', 41, 0, 0),
(6169, '99', '4', 'Villanueva del Río y Minas', 41, 0, 0),
(6170, '101', '5', 'Villaverde del Río', 41, 0, 0),
(6171, '102', '0', 'Viso del Alcor, El', 41, 0, 0),
(6172, '1', '1', 'Abejar', 42, 0, 0),
(6173, '3', '2', 'Adradas', 42, 0, 0),
(6174, '4', '7', 'Ágreda', 42, 0, 0),
(6175, '6', '3', 'Alconaba', 42, 0, 0),
(6176, '7', '9', 'Alcubilla de Avellaneda', 42, 0, 0),
(6177, '8', '5', 'Alcubilla de las Peñas', 42, 0, 0),
(6178, '9', '8', 'Aldealafuente', 42, 0, 0),
(6179, '10', '2', 'Aldealices', 42, 0, 0),
(6180, '11', '9', 'Aldealpozo', 42, 0, 0),
(6181, '12', '4', 'Aldealseñor', 42, 0, 0),
(6182, '13', '0', 'Aldehuela de Periáñez', 42, 0, 0),
(6183, '14', '5', 'Aldehuelas, Las', 42, 0, 0),
(6184, '15', '8', 'Alentisque', 42, 0, 0),
(6185, '16', '1', 'Aliud', 42, 0, 0),
(6186, '17', '7', 'Almajano', 42, 0, 0),
(6187, '18', '3', 'Almaluez', 42, 0, 0),
(6188, '19', '6', 'Almarza', 42, 0, 0),
(6189, '20', '0', 'Almazán', 42, 0, 0),
(6190, '21', '7', 'Almazul', 42, 0, 0),
(6191, '22', '2', 'Almenar de Soria', 42, 0, 0),
(6192, '23', '8', 'Alpanseque', 42, 0, 0),
(6193, '24', '3', 'Arancón', 42, 0, 0),
(6194, '25', '6', 'Arcos de Jalón', 42, 0, 0),
(6195, '26', '9', 'Arenillas', 42, 0, 0),
(6196, '27', '5', 'Arévalo de la Sierra', 42, 0, 0),
(6197, '28', '1', 'Ausejo de la Sierra', 42, 0, 0),
(6198, '29', '4', 'Baraona', 42, 0, 0),
(6199, '30', '8', 'Barca', 42, 0, 0),
(6200, '31', '5', 'Barcones', 42, 0, 0),
(6201, '32', '0', 'Bayubas de Abajo', 42, 0, 0),
(6202, '33', '6', 'Bayubas de Arriba', 42, 0, 0),
(6203, '34', '1', 'Beratón', 42, 0, 0),
(6204, '35', '4', 'Berlanga de Duero', 42, 0, 0),
(6205, '36', '7', 'Blacos', 42, 0, 0),
(6206, '37', '3', 'Bliecos', 42, 0, 0),
(6207, '38', '9', 'Borjabad', 42, 0, 0),
(6208, '39', '2', 'Borobia', 42, 0, 0),
(6209, '41', '3', 'Buberos', 42, 0, 0),
(6210, '42', '8', 'Buitrago', 42, 0, 0),
(6211, '43', '4', 'Burgo de Osma-Ciudad de Osma', 42, 0, 0),
(6212, '44', '9', 'Cabrejas del Campo', 42, 0, 0),
(6213, '45', '2', 'Cabrejas del Pinar', 42, 0, 0),
(6214, '46', '5', 'Calatañazor', 42, 0, 0),
(6215, '48', '7', 'Caltojar', 42, 0, 0),
(6216, '49', '0', 'Candilichera', 42, 0, 0),
(6217, '50', '3', 'Cañamaque', 42, 0, 0),
(6218, '51', '0', 'Carabantes', 42, 0, 0),
(6219, '52', '5', 'Caracena', 42, 0, 0),
(6220, '53', '1', 'Carrascosa de Abajo', 42, 0, 0),
(6221, '54', '6', 'Carrascosa de la Sierra', 42, 0, 0),
(6222, '55', '9', 'Casarejos', 42, 0, 0),
(6223, '56', '2', 'Castilfrío de la Sierra', 42, 0, 0),
(6224, '58', '4', 'Castillejo de Robledo', 42, 0, 0),
(6225, '57', '8', 'Castilruiz', 42, 0, 0),
(6226, '59', '7', 'Centenera de Andaluz', 42, 0, 0),
(6227, '60', '1', 'Cerbón', 42, 0, 0),
(6228, '61', '8', 'Cidones', 42, 0, 0),
(6229, '62', '3', 'Cigudosa', 42, 0, 0),
(6230, '63', '9', 'Cihuela', 42, 0, 0),
(6231, '64', '4', 'Ciria', 42, 0, 0),
(6232, '65', '7', 'Cirujales del Río', 42, 0, 0),
(6233, '68', '2', 'Coscurita', 42, 0, 0),
(6234, '69', '5', 'Covaleda', 42, 0, 0),
(6235, '70', '9', 'Cubilla', 42, 0, 0),
(6236, '71', '6', 'Cubo de la Solana', 42, 0, 0),
(6237, '73', '7', 'Cueva de Ágreda', 42, 0, 0),
(6238, '75', '5', 'Dévanos', 42, 0, 0),
(6239, '76', '8', 'Deza', 42, 0, 0),
(6240, '78', '0', 'Duruelo de la Sierra', 42, 0, 0),
(6241, '79', '3', 'Escobosa de Almazán', 42, 0, 0),
(6242, '80', '7', 'Espeja de San Marcelino', 42, 0, 0),
(6243, '81', '4', 'Espejón', 42, 0, 0),
(6244, '82', '9', 'Estepa de San Juan', 42, 0, 0),
(6245, '83', '5', 'Frechilla de Almazán', 42, 0, 0),
(6246, '84', '0', 'Fresno de Caracena', 42, 0, 0),
(6247, '85', '3', 'Fuentearmegil', 42, 0, 0),
(6248, '86', '6', 'Fuentecambrón', 42, 0, 0),
(6249, '87', '2', 'Fuentecantos', 42, 0, 0),
(6250, '88', '8', 'Fuentelmonge', 42, 0, 0),
(6251, '89', '1', 'Fuentelsaz de Soria', 42, 0, 0),
(6252, '90', '5', 'Fuentepinilla', 42, 0, 0),
(6253, '92', '7', 'Fuentes de Magaña', 42, 0, 0),
(6254, '93', '3', 'Fuentestrún', 42, 0, 0),
(6255, '94', '8', 'Garray', 42, 0, 0),
(6256, '95', '1', 'Golmayo', 42, 0, 0),
(6257, '96', '4', 'Gómara', 42, 0, 0),
(6258, '97', '0', 'Gormaz', 42, 0, 0),
(6259, '98', '6', 'Herrera de Soria', 42, 0, 0),
(6260, '100', '3', 'Hinojosa del Campo', 42, 0, 0),
(6261, '103', '1', 'Langa de Duero', 42, 0, 0),
(6262, '105', '9', 'Liceras', 42, 0, 0),
(6263, '106', '2', 'Losilla, La', 42, 0, 0),
(6264, '107', '8', 'Magaña', 42, 0, 0),
(6265, '108', '4', 'Maján', 42, 0, 0),
(6266, '110', '1', 'Matalebreras', 42, 0, 0),
(6267, '111', '8', 'Matamala de Almazán', 42, 0, 0),
(6268, '113', '9', 'Medinaceli', 42, 0, 0),
(6269, '115', '7', 'Miño de Medinaceli', 42, 0, 0),
(6270, '116', '0', 'Miño de San Esteban', 42, 0, 0),
(6271, '117', '6', 'Molinos de Duero', 42, 0, 0),
(6272, '118', '2', 'Momblona', 42, 0, 0),
(6273, '119', '5', 'Monteagudo de las Vicarías', 42, 0, 0),
(6274, '120', '9', 'Montejo de Tiermes', 42, 0, 0),
(6275, '121', '6', 'Montenegro de Cameros', 42, 0, 0),
(6276, '123', '7', 'Morón de Almazán', 42, 0, 0),
(6277, '124', '2', 'Muriel de la Fuente', 42, 0, 0),
(6278, '125', '5', 'Muriel Viejo', 42, 0, 0),
(6279, '127', '4', 'Nafría de Ucero', 42, 0, 0),
(6280, '128', '0', 'Narros', 42, 0, 0),
(6281, '129', '3', 'Navaleno', 42, 0, 0),
(6282, '130', '7', 'Nepas', 42, 0, 0),
(6283, '131', '4', 'Nolay', 42, 0, 0),
(6284, '132', '9', 'Noviercas', 42, 0, 0),
(6285, '134', '0', 'Ólvega', 42, 0, 0),
(6286, '135', '3', 'Oncala', 42, 0, 0),
(6287, '139', '1', 'Pinilla del Campo', 42, 0, 0),
(6288, '140', '5', 'Portillo de Soria', 42, 0, 0),
(6289, '141', '2', 'Póveda de Soria, La', 42, 0, 0),
(6290, '142', '7', 'Pozalmuro', 42, 0, 0),
(6291, '144', '8', 'Quintana Redonda', 42, 0, 0),
(6292, '145', '1', 'Quintanas de Gormaz', 42, 0, 0),
(6293, '148', '6', 'Quiñonería', 42, 0, 0),
(6294, '149', '9', 'Rábanos, Los', 42, 0, 0),
(6295, '151', '9', 'Rebollar', 42, 0, 0),
(6296, '152', '4', 'Recuerda', 42, 0, 0),
(6297, '153', '0', 'Rello', 42, 0, 0),
(6298, '154', '5', 'Renieblas', 42, 0, 0),
(6299, '155', '8', 'Retortillo de Soria', 42, 0, 0),
(6300, '156', '1', 'Reznos', 42, 0, 0),
(6301, '157', '7', 'Riba de Escalote, La', 42, 0, 0),
(6302, '158', '3', 'Rioseco de Soria', 42, 0, 0),
(6303, '159', '6', 'Rollamienta', 42, 0, 0),
(6304, '160', '0', 'Royo, El', 42, 0, 0),
(6305, '161', '7', 'Salduero', 42, 0, 0),
(6306, '162', '2', 'San Esteban de Gormaz', 42, 0, 0),
(6307, '163', '8', 'San Felices', 42, 0, 0),
(6308, '164', '3', 'San Leonardo de Yagüe', 42, 0, 0),
(6309, '165', '6', 'San Pedro Manrique', 42, 0, 0),
(6310, '166', '9', 'Santa Cruz de Yanguas', 42, 0, 0),
(6311, '167', '5', 'Santa María de Huerta', 42, 0, 0),
(6312, '168', '1', 'Santa María de las Hoyas', 42, 0, 0),
(6313, '171', '5', 'Serón de Nágima', 42, 0, 0),
(6314, '172', '0', 'Soliedra', 42, 0, 0),
(6315, '173', '6', 'Soria', 42, 0, 0),
(6316, '174', '1', 'Sotillo del Rincón', 42, 0, 0),
(6317, '175', '4', 'Suellacabras', 42, 0, 0),
(6318, '176', '7', 'Tajahuerce', 42, 0, 0),
(6319, '177', '3', 'Tajueco', 42, 0, 0),
(6320, '178', '9', 'Talveila', 42, 0, 0),
(6321, '181', '3', 'Tardelcuende', 42, 0, 0),
(6322, '182', '8', 'Taroda', 42, 0, 0),
(6323, '183', '4', 'Tejado', 42, 0, 0),
(6324, '184', '9', 'Torlengua', 42, 0, 0),
(6325, '185', '2', 'Torreblacos', 42, 0, 0),
(6326, '187', '1', 'Torrubia de Soria', 42, 0, 0),
(6327, '188', '7', 'Trévago', 42, 0, 0),
(6328, '189', '0', 'Ucero', 42, 0, 0),
(6329, '190', '4', 'Vadillo', 42, 0, 0),
(6330, '191', '1', 'Valdeavellano de Tera', 42, 0, 0),
(6331, '192', '6', 'Valdegeña', 42, 0, 0),
(6332, '193', '2', 'Valdelagua del Cerro', 42, 0, 0),
(6333, '194', '7', 'Valdemaluque', 42, 0, 0),
(6334, '195', '0', 'Valdenebro', 42, 0, 0),
(6335, '196', '3', 'Valdeprado', 42, 0, 0),
(6336, '197', '9', 'Valderrodilla', 42, 0, 0),
(6337, '198', '5', 'Valtajeros', 42, 0, 0),
(6338, '200', '2', 'Velamazán', 42, 0, 0),
(6339, '201', '9', 'Velilla de la Sierra', 42, 0, 0),
(6340, '202', '4', 'Velilla de los Ajos', 42, 0, 0),
(6341, '204', '5', 'Viana de Duero', 42, 0, 0),
(6342, '205', '8', 'Villaciervos', 42, 0, 0),
(6343, '206', '1', 'Villanueva de Gormaz', 42, 0, 0),
(6344, '207', '7', 'Villar del Ala', 42, 0, 0),
(6345, '208', '3', 'Villar del Campo', 42, 0, 0),
(6346, '209', '6', 'Villar del Río', 42, 0, 0),
(6347, '211', '7', 'Villares de Soria, Los', 42, 0, 0),
(6348, '212', '2', 'Villasayas', 42, 0, 0),
(6349, '213', '8', 'Villaseca de Arciel', 42, 0, 0),
(6350, '215', '6', 'Vinuesa', 42, 0, 0),
(6351, '216', '9', 'Vizmanos', 42, 0, 0),
(6352, '217', '5', 'Vozmediano', 42, 0, 0),
(6353, '218', '1', 'Yanguas', 42, 0, 0),
(6354, '219', '4', 'Yelo', 42, 0, 0),
(6355, '1', '7', 'Aiguamúrcia', 43, 0, 0),
(6356, '2', '2', 'Albinyana', 43, 0, 0),
(6357, '3', '8', 'Albiol, L''', 43, 0, 0),
(6358, '4', '3', 'Alcanar', 43, 0, 0),
(6359, '5', '6', 'Alcover', 43, 0, 0),
(6360, '904', '4', 'Aldea, L''', 43, 0, 0),
(6361, '6', '9', 'Aldover', 43, 0, 0),
(6362, '7', '5', 'Aleixar, L''', 43, 0, 0),
(6363, '8', '1', 'Alfara de Carles', 43, 0, 0),
(6364, '9', '4', 'Alforja', 43, 0, 0),
(6365, '10', '8', 'Alió', 43, 0, 0),
(6366, '11', '5', 'Almoster', 43, 0, 0),
(6367, '12', '0', 'Altafulla', 43, 0, 0),
(6368, '13', '6', 'Ametlla de Mar, L''', 43, 0, 0),
(6369, '906', '0', 'Ampolla, L''', 43, 0, 0),
(6370, '14', '1', 'Amposta', 43, 0, 0),
(6371, '16', '7', 'Arboç, L''', 43, 0, 0),
(6372, '15', '4', 'Arbolí', 43, 0, 0),
(6373, '17', '3', 'Argentera, L''', 43, 0, 0),
(6374, '18', '9', 'Arnes', 43, 0, 0),
(6375, '19', '2', 'Ascó', 43, 0, 0),
(6376, '20', '6', 'Banyeres del Penedès', 43, 0, 0),
(6377, '21', '3', 'Barberà de la Conca', 43, 0, 0),
(6378, '22', '8', 'Batea', 43, 0, 0),
(6379, '23', '4', 'Bellmunt del Priorat', 43, 0, 0),
(6380, '24', '9', 'Bellvei', 43, 0, 0),
(6381, '25', '2', 'Benifallet', 43, 0, 0),
(6382, '26', '5', 'Benissanet', 43, 0, 0),
(6383, '27', '1', 'Bisbal de Falset, La', 43, 0, 0),
(6384, '28', '7', 'Bisbal del Penedès, La', 43, 0, 0),
(6385, '29', '0', 'Blancafort', 43, 0, 0),
(6386, '30', '4', 'Bonastre', 43, 0, 0),
(6387, '31', '1', 'Borges del Camp, Les', 43, 0, 0),
(6388, '32', '6', 'Bot', 43, 0, 0),
(6389, '33', '2', 'Botarell', 43, 0, 0),
(6390, '34', '7', 'Bràfim', 43, 0, 0),
(6391, '35', '0', 'Cabacés', 43, 0, 0),
(6392, '36', '3', 'Cabra del Camp', 43, 0, 0),
(6393, '37', '9', 'Calafell', 43, 0, 0),
(6394, '903', '9', 'Camarles', 43, 0, 0),
(6395, '38', '5', 'Cambrils', 43, 0, 0),
(6396, '907', '6', 'Canonja, La', 43, 0, 0),
(6397, '39', '8', 'Capafonts', 43, 0, 0),
(6398, '40', '2', 'Capçanes', 43, 0, 0),
(6399, '41', '9', 'Caseres', 43, 0, 0),
(6400, '42', '4', 'Castellvell del Camp', 43, 0, 0),
(6401, '43', '0', 'Catllar, El', 43, 0, 0),
(6402, '45', '8', 'Colldejou', 43, 0, 0),
(6403, '46', '1', 'Conesa', 43, 0, 0),
(6404, '47', '7', 'Constantí', 43, 0, 0),
(6405, '48', '3', 'Corbera d''Ebre', 43, 0, 0),
(6406, '49', '6', 'Cornudella de Montsant', 43, 0, 0),
(6407, '50', '9', 'Creixell', 43, 0, 0),
(6408, '51', '6', 'Cunit', 43, 0, 0),
(6409, '901', '8', 'Deltebre', 43, 0, 0),
(6410, '53', '7', 'Duesaigües', 43, 0, 0),
(6411, '54', '2', 'Espluga de Francolí, L''', 43, 0, 0),
(6412, '55', '5', 'Falset', 43, 0, 0),
(6413, '56', '8', 'Fatarella, La', 43, 0, 0),
(6414, '57', '4', 'Febró, La', 43, 0, 0),
(6415, '58', '0', 'Figuera, La', 43, 0, 0),
(6416, '59', '3', 'Figuerola del Camp', 43, 0, 0),
(6417, '60', '7', 'Flix', 43, 0, 0),
(6418, '61', '4', 'Forès', 43, 0, 0),
(6419, '62', '9', 'Freginals', 43, 0, 0),
(6420, '63', '5', 'Galera, La', 43, 0, 0),
(6421, '64', '0', 'Gandesa', 43, 0, 0),
(6422, '65', '3', 'Garcia', 43, 0, 0),
(6423, '66', '6', 'Garidells, Els', 43, 0, 0),
(6424, '67', '2', 'Ginestar', 43, 0, 0),
(6425, '68', '8', 'Godall', 43, 0, 0),
(6426, '69', '1', 'Gratallops', 43, 0, 0),
(6427, '70', '5', 'Guiamets, Els', 43, 0, 0),
(6428, '71', '2', 'Horta de Sant Joan', 43, 0, 0),
(6429, '72', '7', 'Lloar, El', 43, 0, 0),
(6430, '73', '3', 'Llorac', 43, 0, 0),
(6431, '74', '8', 'Llorenç del Penedès', 43, 0, 0),
(6432, '76', '4', 'Marçà', 43, 0, 0),
(6433, '75', '1', 'Margalef', 43, 0, 0),
(6434, '77', '0', 'Mas de Barberans', 43, 0, 0),
(6435, '78', '6', 'Masdenverge', 43, 0, 0),
(6436, '79', '9', 'Masllorenç', 43, 0, 0),
(6437, '80', '3', 'Masó, La', 43, 0, 0),
(6438, '81', '0', 'Maspujols', 43, 0, 0),
(6439, '82', '5', 'Masroig, El', 43, 0, 0),
(6440, '83', '1', 'Milà, El', 43, 0, 0),
(6441, '84', '6', 'Miravet', 43, 0, 0),
(6442, '85', '9', 'Molar, El', 43, 0, 0),
(6443, '86', '2', 'Montblanc', 43, 0, 0),
(6444, '88', '4', 'Montbrió del Camp', 43, 0, 0),
(6445, '89', '7', 'Montferri', 43, 0, 0),
(6446, '90', '1', 'Montmell, El', 43, 0, 0),
(6447, '91', '8', 'Mont-ral', 43, 0, 0),
(6448, '92', '3', 'Mont-roig del Camp', 43, 0, 0),
(6449, '93', '9', 'Móra d''Ebre', 43, 0, 0),
(6450, '94', '4', 'Móra la Nova', 43, 0, 0),
(6451, '95', '7', 'Morell, El', 43, 0, 0),
(6452, '96', '0', 'Morera de Montsant, La', 43, 0, 0),
(6453, '97', '6', 'Nou de Gaià, La', 43, 0, 0),
(6454, '98', '2', 'Nulles', 43, 0, 0),
(6455, '100', '9', 'Pallaresos, Els', 43, 0, 0),
(6456, '99', '5', 'Palma d''Ebre, La', 43, 0, 0),
(6457, '101', '6', 'Passanant i Belltall', 43, 0, 0),
(6458, '102', '1', 'Paüls', 43, 0, 0),
(6459, '103', '7', 'Perafort', 43, 0, 0),
(6460, '104', '2', 'Perelló, El', 43, 0, 0),
(6461, '105', '5', 'Piles, Les', 43, 0, 0),
(6462, '106', '8', 'Pinell de Brai, El', 43, 0, 0),
(6463, '107', '4', 'Pira', 43, 0, 0),
(6464, '108', '0', 'Pla de Santa Maria, El', 43, 0, 0),
(6465, '109', '3', 'Pobla de Mafumet, La', 43, 0, 0),
(6466, '110', '7', 'Pobla de Massaluca, La', 43, 0, 0),
(6467, '111', '4', 'Pobla de Montornès, La', 43, 0, 0),
(6468, '112', '9', 'Poboleda', 43, 0, 0),
(6469, '113', '5', 'Pont d''Armentera, El', 43, 0, 0),
(6470, '141', '8', 'Pontils', 43, 0, 0),
(6471, '114', '0', 'Porrera', 43, 0, 0),
(6472, '115', '3', 'Pradell de la Teixeta', 43, 0, 0),
(6473, '116', '6', 'Prades', 43, 0, 0),
(6474, '117', '2', 'Prat de Comte', 43, 0, 0),
(6475, '118', '8', 'Pratdip', 43, 0, 0),
(6476, '119', '1', 'Puigpelat', 43, 0, 0),
(6477, '120', '5', 'Querol', 43, 0, 0),
(6478, '121', '2', 'Rasquera', 43, 0, 0),
(6479, '122', '7', 'Renau', 43, 0, 0),
(6480, '123', '3', 'Reus', 43, 0, 0),
(6481, '124', '8', 'Riba, La', 43, 0, 0),
(6482, '125', '1', 'Riba-roja d''Ebre', 43, 0, 0),
(6483, '126', '4', 'Riera de Gaià, La', 43, 0, 0),
(6484, '127', '0', 'Riudecanyes', 43, 0, 0),
(6485, '128', '6', 'Riudecols', 43, 0, 0),
(6486, '129', '9', 'Riudoms', 43, 0, 0),
(6487, '130', '3', 'Rocafort de Queralt', 43, 0, 0),
(6488, '131', '0', 'Roda de Berà', 43, 0, 0),
(6489, '132', '5', 'Rodonyà', 43, 0, 0),
(6490, '133', '1', 'Roquetes', 43, 0, 0),
(6491, '134', '6', 'Rourell, El', 43, 0, 0),
(6492, '135', '9', 'Salomó', 43, 0, 0),
(6493, '905', '7', 'Salou', 43, 0, 0),
(6494, '136', '2', 'Sant Carles de la Ràpita', 43, 0, 0),
(6495, '137', '8', 'Sant Jaume dels Domenys', 43, 0, 0),
(6496, '902', '3', 'Sant Jaume d''Enveja', 43, 0, 0),
(6497, '138', '4', 'Santa Bàrbara', 43, 0, 0),
(6498, '139', '7', 'Santa Coloma de Queralt', 43, 0, 0),
(6499, '140', '1', 'Santa Oliva', 43, 0, 0),
(6500, '142', '3', 'Sarral', 43, 0, 0),
(6501, '143', '9', 'Savallà del Comtat', 43, 0, 0),
(6502, '144', '4', 'Secuita, La', 43, 0, 0),
(6503, '145', '7', 'Selva del Camp, La', 43, 0, 0),
(6504, '146', '0', 'Senan', 43, 0, 0),
(6505, '44', '5', 'Sénia, La', 43, 0, 0),
(6506, '147', '6', 'Solivella', 43, 0, 0),
(6507, '148', '2', 'Tarragona', 43, 0, 0),
(6508, '149', '5', 'Tivenys', 43, 0, 0),
(6509, '150', '8', 'Tivissa', 43, 0, 0),
(6510, '151', '5', 'Torre de Fontaubella, La', 43, 0, 0),
(6511, '152', '0', 'Torre de l''Espanyol, La', 43, 0, 0),
(6512, '153', '6', 'Torredembarra', 43, 0, 0),
(6513, '154', '1', 'Torroja del Priorat', 43, 0, 0),
(6514, '155', '4', 'Tortosa', 43, 0, 0),
(6515, '156', '7', 'Ulldecona', 43, 0, 0),
(6516, '157', '3', 'Ulldemolins', 43, 0, 0),
(6517, '158', '9', 'Vallclara', 43, 0, 0),
(6518, '159', '2', 'Vallfogona de Riucorb', 43, 0, 0),
(6519, '160', '6', 'Vallmoll', 43, 0, 0),
(6520, '161', '3', 'Valls', 43, 0, 0),
(6521, '162', '8', 'Vandellòs i l''Hospitalet de l''Infant', 43, 0, 0),
(6522, '163', '4', 'Vendrell, El', 43, 0, 0),
(6523, '164', '9', 'Vespella de Gaià', 43, 0, 0),
(6524, '165', '2', 'Vilabella', 43, 0, 0),
(6525, '175', '0', 'Vilalba dels Arcs', 43, 0, 0),
(6526, '166', '5', 'Vilallonga del Camp', 43, 0, 0),
(6527, '168', '7', 'Vilanova de Prades', 43, 0, 0),
(6528, '167', '1', 'Vilanova d''Escornalbou', 43, 0, 0),
(6529, '169', '0', 'Vilaplana', 43, 0, 0),
(6530, '170', '4', 'Vila-rodona', 43, 0, 0),
(6531, '171', '1', 'Vila-seca', 43, 0, 0),
(6532, '172', '6', 'Vilaverd', 43, 0, 0),
(6533, '173', '2', 'Vilella Alta, La', 43, 0, 0),
(6534, '174', '7', 'Vilella Baixa, La', 43, 0, 0),
(6535, '176', '3', 'Vimbodí i Poblet', 43, 0, 0),
(6536, '177', '9', 'Vinebre', 43, 0, 0),
(6537, '178', '5', 'Vinyols i els Arcs', 43, 0, 0),
(6538, '52', '1', 'Xerta', 43, 0, 0),
(6539, '1', '2', 'Ababuj', 44, 0, 0),
(6540, '2', '7', 'Abejuela', 44, 0, 0),
(6541, '3', '3', 'Aguatón', 44, 0, 0),
(6542, '4', '8', 'Aguaviva', 44, 0, 0),
(6543, '5', '1', 'Aguilar del Alfambra', 44, 0, 0),
(6544, '6', '4', 'Alacón', 44, 0, 0),
(6545, '7', '0', 'Alba', 44, 0, 0),
(6546, '8', '6', 'Albalate del Arzobispo', 44, 0, 0),
(6547, '9', '9', 'Albarracín', 44, 0, 0),
(6548, '10', '3', 'Albentosa', 44, 0, 0),
(6549, '11', '0', 'Alcaine', 44, 0, 0),
(6550, '12', '5', 'Alcalá de la Selva', 44, 0, 0),
(6551, '13', '1', 'Alcañiz', 44, 0, 0),
(6552, '14', '6', 'Alcorisa', 44, 0, 0),
(6553, '16', '2', 'Alfambra', 44, 0, 0),
(6554, '17', '8', 'Aliaga', 44, 0, 0),
(6555, '21', '8', 'Allepuz', 44, 0, 0),
(6556, '22', '3', 'Alloza', 44, 0, 0),
(6557, '23', '9', 'Allueva', 44, 0, 0),
(6558, '18', '4', 'Almohaja', 44, 0, 0),
(6559, '19', '7', 'Alobras', 44, 0, 0),
(6560, '20', '1', 'Alpeñés', 44, 0, 0),
(6561, '24', '4', 'Anadón', 44, 0, 0),
(6562, '25', '7', 'Andorra', 44, 0, 0),
(6563, '26', '0', 'Arcos de las Salinas', 44, 0, 0),
(6564, '27', '6', 'Arens de Lledó', 44, 0, 0),
(6565, '28', '2', 'Argente', 44, 0, 0),
(6566, '29', '5', 'Ariño', 44, 0, 0),
(6567, '31', '6', 'Azaila', 44, 0, 0),
(6568, '32', '1', 'Bádenas', 44, 0, 0),
(6569, '33', '7', 'Báguena', 44, 0, 0),
(6570, '34', '2', 'Bañón', 44, 0, 0),
(6571, '35', '5', 'Barrachina', 44, 0, 0),
(6572, '36', '8', 'Bea', 44, 0, 0),
(6573, '37', '4', 'Beceite', 44, 0, 0),
(6574, '39', '3', 'Bello', 44, 0, 0),
(6575, '38', '0', 'Belmonte de San José', 44, 0, 0),
(6576, '40', '7', 'Berge', 44, 0, 0),
(6577, '41', '4', 'Bezas', 44, 0, 0),
(6578, '42', '9', 'Blancas', 44, 0, 0),
(6579, '43', '5', 'Blesa', 44, 0, 0),
(6580, '44', '0', 'Bordón', 44, 0, 0),
(6581, '45', '3', 'Bronchales', 44, 0, 0),
(6582, '46', '6', 'Bueña', 44, 0, 0),
(6583, '47', '2', 'Burbáguena', 44, 0, 0),
(6584, '48', '8', 'Cabra de Mora', 44, 0, 0),
(6585, '49', '1', 'Calaceite', 44, 0, 0),
(6586, '50', '4', 'Calamocha', 44, 0, 0),
(6587, '51', '1', 'Calanda', 44, 0, 0),
(6588, '52', '6', 'Calomarde', 44, 0, 0),
(6589, '53', '2', 'Camañas', 44, 0, 0),
(6590, '54', '7', 'Camarena de la Sierra', 44, 0, 0),
(6591, '55', '0', 'Camarillas', 44, 0, 0),
(6592, '56', '3', 'Caminreal', 44, 0, 0),
(6593, '59', '8', 'Cantavieja', 44, 0, 0),
(6594, '60', '2', 'Cañada de Benatanduz', 44, 0, 0),
(6595, '61', '9', 'Cañada de Verich, La', 44, 0, 0),
(6596, '62', '4', 'Cañada Vellida', 44, 0, 0),
(6597, '63', '0', 'Cañizar del Olivar', 44, 0, 0),
(6598, '64', '5', 'Cascante del Río', 44, 0, 0),
(6599, '65', '8', 'Castejón de Tornos', 44, 0, 0),
(6600, '66', '1', 'Castel de Cabra', 44, 0, 0),
(6601, '70', '0', 'Castellar, El', 44, 0, 0),
(6602, '71', '7', 'Castellote', 44, 0, 0),
(6603, '67', '7', 'Castelnou', 44, 0, 0),
(6604, '68', '3', 'Castelserás', 44, 0, 0),
(6605, '74', '3', 'Cedrillas', 44, 0, 0),
(6606, '75', '6', 'Celadas', 44, 0, 0),
(6607, '76', '9', 'Cella', 44, 0, 0),
(6608, '77', '5', 'Cerollera, La', 44, 0, 0),
(6609, '80', '8', 'Codoñera, La', 44, 0, 0),
(6610, '82', '0', 'Corbalán', 44, 0, 0),
(6611, '84', '1', 'Cortes de Aragón', 44, 0, 0),
(6612, '85', '4', 'Cosa', 44, 0, 0),
(6613, '86', '7', 'Cretas', 44, 0, 0),
(6614, '87', '3', 'Crivillén', 44, 0, 0),
(6615, '88', '9', 'Cuba, La', 44, 0, 0),
(6616, '89', '2', 'Cubla', 44, 0, 0),
(6617, '90', '6', 'Cucalón', 44, 0, 0),
(6618, '92', '8', 'Cuervo, El', 44, 0, 0),
(6619, '93', '4', 'Cuevas de Almudén', 44, 0, 0),
(6620, '94', '9', 'Cuevas Labradas', 44, 0, 0),
(6621, '96', '5', 'Ejulve', 44, 0, 0),
(6622, '97', '1', 'Escorihuela', 44, 0, 0),
(6623, '99', '0', 'Escucha', 44, 0, 0),
(6624, '100', '4', 'Estercuel', 44, 0, 0),
(6625, '101', '1', 'Ferreruela de Huerva', 44, 0, 0),
(6626, '102', '6', 'Fonfría', 44, 0, 0),
(6627, '103', '2', 'Formiche Alto', 44, 0, 0),
(6628, '105', '0', 'Fórnoles', 44, 0, 0),
(6629, '106', '3', 'Fortanete', 44, 0, 0),
(6630, '107', '9', 'Foz-Calanda', 44, 0, 0),
(6631, '108', '5', 'Fresneda, La', 44, 0, 0),
(6632, '109', '8', 'Frías de Albarracín', 44, 0, 0),
(6633, '110', '2', 'Fuenferrada', 44, 0, 0),
(6634, '111', '9', 'Fuentes Calientes', 44, 0, 0),
(6635, '112', '4', 'Fuentes Claras', 44, 0, 0),
(6636, '113', '0', 'Fuentes de Rubielos', 44, 0, 0),
(6637, '114', '5', 'Fuentespalda', 44, 0, 0),
(6638, '115', '8', 'Galve', 44, 0, 0),
(6639, '116', '1', 'Gargallo', 44, 0, 0),
(6640, '117', '7', 'Gea de Albarracín', 44, 0, 0),
(6641, '118', '3', 'Ginebrosa, La', 44, 0, 0),
(6642, '119', '6', 'Griegos', 44, 0, 0),
(6643, '120', '0', 'Guadalaviar', 44, 0, 0),
(6644, '121', '7', 'Gúdar', 44, 0, 0),
(6645, '122', '2', 'Híjar', 44, 0, 0),
(6646, '123', '8', 'Hinojosa de Jarque', 44, 0, 0),
(6647, '124', '3', 'Hoz de la Vieja, La', 44, 0, 0),
(6648, '125', '6', 'Huesa del Común', 44, 0, 0),
(6649, '126', '9', 'Iglesuela del Cid, La', 44, 0, 0),
(6650, '127', '5', 'Jabaloyas', 44, 0, 0),
(6651, '128', '1', 'Jarque de la Val', 44, 0, 0),
(6652, '129', '4', 'Jatiel', 44, 0, 0),
(6653, '130', '8', 'Jorcas', 44, 0, 0),
(6654, '131', '5', 'Josa', 44, 0, 0),
(6655, '132', '0', 'Lagueruela', 44, 0, 0),
(6656, '133', '6', 'Lanzuela', 44, 0, 0),
(6657, '135', '4', 'Libros', 44, 0, 0),
(6658, '136', '7', 'Lidón', 44, 0, 0),
(6659, '137', '3', 'Linares de Mora', 44, 0, 0),
(6660, '141', '3', 'Lledó', 44, 0, 0),
(6661, '138', '9', 'Loscos', 44, 0, 0),
(6662, '142', '8', 'Maicas', 44, 0, 0),
(6663, '143', '4', 'Manzanera', 44, 0, 0),
(6664, '144', '9', 'Martín del Río', 44, 0, 0),
(6665, '145', '2', 'Mas de las Matas', 44, 0, 0),
(6666, '146', '5', 'Mata de los Olmos, La', 44, 0, 0),
(6667, '147', '1', 'Mazaleón', 44, 0, 0),
(6668, '148', '7', 'Mezquita de Jarque', 44, 0, 0),
(6669, '149', '0', 'Mirambel', 44, 0, 0),
(6670, '150', '3', 'Miravete de la Sierra', 44, 0, 0),
(6671, '151', '0', 'Molinos', 44, 0, 0),
(6672, '152', '5', 'Monforte de Moyuela', 44, 0, 0),
(6673, '153', '1', 'Monreal del Campo', 44, 0, 0),
(6674, '154', '6', 'Monroyo', 44, 0, 0),
(6675, '155', '9', 'Montalbán', 44, 0, 0),
(6676, '156', '2', 'Monteagudo del Castillo', 44, 0, 0),
(6677, '157', '8', 'Monterde de Albarracín', 44, 0, 0),
(6678, '158', '4', 'Mora de Rubielos', 44, 0, 0),
(6679, '159', '7', 'Moscardón', 44, 0, 0),
(6680, '160', '1', 'Mosqueruela', 44, 0, 0),
(6681, '161', '8', 'Muniesa', 44, 0, 0),
(6682, '163', '9', 'Noguera de Albarracín', 44, 0, 0),
(6683, '164', '4', 'Nogueras', 44, 0, 0),
(6684, '165', '7', 'Nogueruelas', 44, 0, 0),
(6685, '167', '6', 'Obón', 44, 0, 0),
(6686, '168', '2', 'Odón', 44, 0, 0),
(6687, '169', '5', 'Ojos Negros', 44, 0, 0),
(6688, '171', '6', 'Olba', 44, 0, 0),
(6689, '172', '1', 'Oliete', 44, 0, 0),
(6690, '173', '7', 'Olmos, Los', 44, 0, 0),
(6691, '174', '2', 'Orihuela del Tremedal', 44, 0, 0),
(6692, '175', '5', 'Orrios', 44, 0, 0),
(6693, '176', '8', 'Palomar de Arroyos', 44, 0, 0),
(6694, '177', '4', 'Pancrudo', 44, 0, 0),
(6695, '178', '0', 'Parras de Castellote, Las', 44, 0, 0),
(6696, '179', '3', 'Peñarroya de Tastavins', 44, 0, 0),
(6697, '180', '7', 'Peracense', 44, 0, 0),
(6698, '181', '4', 'Peralejos', 44, 0, 0),
(6699, '182', '9', 'Perales del Alfambra', 44, 0, 0),
(6700, '183', '5', 'Pitarque', 44, 0, 0),
(6701, '184', '0', 'Plou', 44, 0, 0),
(6702, '185', '3', 'Pobo, El', 44, 0, 0),
(6703, '187', '2', 'Portellada, La', 44, 0, 0),
(6704, '189', '1', 'Pozondón', 44, 0, 0),
(6705, '190', '5', 'Pozuel del Campo', 44, 0, 0),
(6706, '191', '2', 'Puebla de Híjar, La', 44, 0, 0),
(6707, '192', '7', 'Puebla de Valverde, La', 44, 0, 0),
(6708, '193', '3', 'Puertomingalvo', 44, 0, 0),
(6709, '194', '8', 'Ráfales', 44, 0, 0),
(6710, '195', '1', 'Rillo', 44, 0, 0),
(6711, '196', '4', 'Riodeva', 44, 0, 0),
(6712, '197', '0', 'Ródenas', 44, 0, 0),
(6713, '198', '6', 'Royuela', 44, 0, 0),
(6714, '199', '9', 'Rubiales', 44, 0, 0),
(6715, '200', '3', 'Rubielos de la Cérida', 44, 0, 0),
(6716, '201', '0', 'Rubielos de Mora', 44, 0, 0),
(6717, '203', '1', 'Salcedillo', 44, 0, 0),
(6718, '204', '6', 'Saldón', 44, 0, 0),
(6719, '205', '9', 'Samper de Calanda', 44, 0, 0),
(6720, '206', '2', 'San Agustín', 44, 0, 0),
(6721, '207', '8', 'San Martín del Río', 44, 0, 0),
(6722, '208', '4', 'Santa Cruz de Nogueras', 44, 0, 0),
(6723, '209', '7', 'Santa Eulalia', 44, 0, 0),
(6724, '210', '1', 'Sarrión', 44, 0, 0),
(6725, '211', '8', 'Segura de los Baños', 44, 0, 0),
(6726, '212', '3', 'Seno', 44, 0, 0),
(6727, '213', '9', 'Singra', 44, 0, 0),
(6728, '215', '7', 'Terriente', 44, 0, 0),
(6729, '216', '0', 'Teruel', 44, 0, 0),
(6730, '217', '6', 'Toril y Masegoso', 44, 0, 0),
(6731, '218', '2', 'Tormón', 44, 0, 0),
(6732, '219', '5', 'Tornos', 44, 0, 0),
(6733, '220', '9', 'Torralba de los Sisones', 44, 0, 0),
(6734, '223', '7', 'Torre de Arcas', 44, 0, 0),
(6735, '224', '2', 'Torre de las Arcas', 44, 0, 0),
(6736, '225', '5', 'Torre del Compte', 44, 0, 0),
(6737, '227', '4', 'Torre los Negros', 44, 0, 0),
(6738, '221', '6', 'Torrecilla de Alcañiz', 44, 0, 0),
(6739, '222', '1', 'Torrecilla del Rebollar', 44, 0, 0),
(6740, '226', '8', 'Torrelacárcel', 44, 0, 0),
(6741, '228', '0', 'Torremocha de Jiloca', 44, 0, 0),
(6742, '229', '3', 'Torres de Albarracín', 44, 0, 0),
(6743, '230', '7', 'Torrevelilla', 44, 0, 0),
(6744, '231', '4', 'Torrijas', 44, 0, 0),
(6745, '232', '9', 'Torrijo del Campo', 44, 0, 0),
(6746, '234', '0', 'Tramacastiel', 44, 0, 0),
(6747, '235', '3', 'Tramacastilla', 44, 0, 0),
(6748, '236', '6', 'Tronchón', 44, 0, 0),
(6749, '237', '2', 'Urrea de Gaén', 44, 0, 0),
(6750, '238', '8', 'Utrillas', 44, 0, 0),
(6751, '239', '1', 'Valacloche', 44, 0, 0),
(6752, '240', '5', 'Valbona', 44, 0, 0),
(6753, '241', '2', 'Valdealgorfa', 44, 0, 0),
(6754, '243', '3', 'Valdecuenca', 44, 0, 0),
(6755, '244', '8', 'Valdelinares', 44, 0, 0),
(6756, '245', '1', 'Valdeltormo', 44, 0, 0),
(6757, '246', '4', 'Valderrobres', 44, 0, 0),
(6758, '247', '0', 'Valjunquera', 44, 0, 0),
(6759, '249', '9', 'Vallecillo, El', 44, 0, 0),
(6760, '250', '2', 'Veguillas de la Sierra', 44, 0, 0),
(6761, '251', '9', 'Villafranca del Campo', 44, 0, 0),
(6762, '252', '4', 'Villahermosa del Campo', 44, 0, 0),
(6763, '256', '1', 'Villanueva del Rebollar de la Sierra', 44, 0, 0),
(6764, '257', '7', 'Villar del Cobo', 44, 0, 0),
(6765, '258', '3', 'Villar del Salz', 44, 0, 0),
(6766, '260', '0', 'Villarluengo', 44, 0, 0),
(6767, '261', '7', 'Villarquemado', 44, 0, 0),
(6768, '262', '2', 'Villarroya de los Pinares', 44, 0, 0),
(6769, '263', '8', 'Villastar', 44, 0, 0),
(6770, '264', '3', 'Villel', 44, 0, 0),
(6771, '265', '6', 'Vinaceite', 44, 0, 0),
(6772, '266', '9', 'Visiedo', 44, 0, 0),
(6773, '267', '5', 'Vivel del Río Martín', 44, 0, 0),
(6774, '268', '1', 'Zoma, La', 44, 0, 0),
(6775, '1', '5', 'Ajofrín', 45, 0, 0),
(6776, '2', '0', 'Alameda de la Sagra', 45, 0, 0),
(6777, '3', '6', 'Albarreal de Tajo', 45, 0, 0),
(6778, '4', '1', 'Alcabón', 45, 0, 0),
(6779, '5', '4', 'Alcañizo', 45, 0, 0),
(6780, '6', '7', 'Alcaudete de la Jara', 45, 0, 0),
(6781, '7', '3', 'Alcolea de Tajo', 45, 0, 0),
(6782, '8', '9', 'Aldea en Cabo', 45, 0, 0),
(6783, '9', '2', 'Aldeanueva de Barbarroya', 45, 0, 0),
(6784, '10', '6', 'Aldeanueva de San Bartolomé', 45, 0, 0),
(6785, '11', '3', 'Almendral de la Cañada', 45, 0, 0),
(6786, '12', '8', 'Almonacid de Toledo', 45, 0, 0),
(6787, '13', '4', 'Almorox', 45, 0, 0),
(6788, '14', '9', 'Añover de Tajo', 45, 0, 0),
(6789, '15', '2', 'Arcicóllar', 45, 0, 0),
(6790, '16', '5', 'Argés', 45, 0, 0),
(6791, '17', '1', 'Azután', 45, 0, 0),
(6792, '18', '7', 'Barcience', 45, 0, 0),
(6793, '19', '0', 'Bargas', 45, 0, 0),
(6794, '20', '4', 'Belvís de la Jara', 45, 0, 0),
(6795, '21', '1', 'Borox', 45, 0, 0),
(6796, '22', '6', 'Buenaventura', 45, 0, 0),
(6797, '23', '2', 'Burguillos de Toledo', 45, 0, 0),
(6798, '24', '7', 'Burujón', 45, 0, 0),
(6799, '25', '0', 'Cabañas de la Sagra', 45, 0, 0),
(6800, '26', '3', 'Cabañas de Yepes', 45, 0, 0),
(6801, '27', '9', 'Cabezamesada', 45, 0, 0),
(6802, '28', '5', 'Calera y Chozas', 45, 0, 0),
(6803, '29', '8', 'Caleruela', 45, 0, 0),
(6804, '30', '2', 'Calzada de Oropesa', 45, 0, 0),
(6805, '31', '9', 'Camarena', 45, 0, 0),
(6806, '32', '4', 'Camarenilla', 45, 0, 0),
(6807, '33', '0', 'Campillo de la Jara, El', 45, 0, 0),
(6808, '34', '5', 'Camuñas', 45, 0, 0),
(6809, '35', '8', 'Cardiel de los Montes', 45, 0, 0),
(6810, '36', '1', 'Carmena', 45, 0, 0),
(6811, '37', '7', 'Carpio de Tajo, El', 45, 0, 0),
(6812, '38', '3', 'Carranque', 45, 0, 0),
(6813, '39', '6', 'Carriches', 45, 0, 0),
(6814, '40', '0', 'Casar de Escalona, El', 45, 0, 0),
(6815, '41', '7', 'Casarrubios del Monte', 45, 0, 0),
(6816, '42', '2', 'Casasbuenas', 45, 0, 0),
(6817, '43', '8', 'Castillo de Bayuela', 45, 0, 0),
(6818, '45', '6', 'Cazalegas', 45, 0, 0),
(6819, '46', '9', 'Cebolla', 45, 0, 0),
(6820, '47', '5', 'Cedillo del Condado', 45, 0, 0),
(6821, '48', '1', 'Cerralbos, Los', 45, 0, 0),
(6822, '49', '4', 'Cervera de los Montes', 45, 0, 0),
(6823, '56', '6', 'Chozas de Canales', 45, 0, 0),
(6824, '57', '2', 'Chueca', 45, 0, 0),
(6825, '50', '7', 'Ciruelos', 45, 0, 0),
(6826, '51', '4', 'Cobeja', 45, 0, 0),
(6827, '52', '9', 'Cobisa', 45, 0, 0),
(6828, '53', '5', 'Consuegra', 45, 0, 0),
(6829, '54', '0', 'Corral de Almaguer', 45, 0, 0),
(6830, '55', '3', 'Cuerva', 45, 0, 0),
(6831, '58', '8', 'Domingo Pérez', 45, 0, 0),
(6832, '59', '1', 'Dosbarrios', 45, 0, 0),
(6833, '60', '5', 'Erustes', 45, 0, 0),
(6834, '61', '2', 'Escalona', 45, 0, 0),
(6835, '62', '7', 'Escalonilla', 45, 0, 0),
(6836, '63', '3', 'Espinoso del Rey', 45, 0, 0),
(6837, '64', '8', 'Esquivias', 45, 0, 0),
(6838, '65', '1', 'Estrella, La', 45, 0, 0),
(6839, '66', '4', 'Fuensalida', 45, 0, 0),
(6840, '67', '0', 'Gálvez', 45, 0, 0),
(6841, '68', '6', 'Garciotum', 45, 0, 0),
(6842, '69', '9', 'Gerindote', 45, 0, 0),
(6843, '70', '3', 'Guadamur', 45, 0, 0),
(6844, '71', '0', 'Guardia, La', 45, 0, 0),
(6845, '72', '5', 'Herencias, Las', 45, 0, 0),
(6846, '73', '1', 'Herreruela de Oropesa', 45, 0, 0),
(6847, '74', '6', 'Hinojosa de San Vicente', 45, 0, 0),
(6848, '75', '9', 'Hontanar', 45, 0, 0),
(6849, '76', '2', 'Hormigos', 45, 0, 0),
(6850, '77', '8', 'Huecas', 45, 0, 0),
(6851, '78', '4', 'Huerta de Valdecarábanos', 45, 0, 0),
(6852, '79', '7', 'Iglesuela, La', 45, 0, 0),
(6853, '80', '1', 'Illán de Vacas', 45, 0, 0),
(6854, '81', '8', 'Illescas', 45, 0, 0),
(6855, '82', '3', 'Lagartera', 45, 0, 0),
(6856, '83', '9', 'Layos', 45, 0, 0);
INSERT INTO `poblaciones` (`id`, `codigo`, `cp`, `poblacion`, `provincia_id`, `activa`, `defecto`) VALUES
(6857, '84', '4', 'Lillo', 45, 0, 0),
(6858, '85', '7', 'Lominchar', 45, 0, 0),
(6859, '86', '0', 'Lucillos', 45, 0, 0),
(6860, '87', '6', 'Madridejos', 45, 0, 0),
(6861, '88', '2', 'Magán', 45, 0, 0),
(6862, '89', '5', 'Malpica de Tajo', 45, 0, 0),
(6863, '90', '9', 'Manzaneque', 45, 0, 0),
(6864, '91', '6', 'Maqueda', 45, 0, 0),
(6865, '92', '1', 'Marjaliza', 45, 0, 0),
(6866, '93', '7', 'Marrupe', 45, 0, 0),
(6867, '94', '2', 'Mascaraque', 45, 0, 0),
(6868, '95', '5', 'Mata, La', 45, 0, 0),
(6869, '96', '8', 'Mazarambroz', 45, 0, 0),
(6870, '97', '4', 'Mejorada', 45, 0, 0),
(6871, '98', '0', 'Menasalbas', 45, 0, 0),
(6872, '99', '3', 'Méntrida', 45, 0, 0),
(6873, '100', '7', 'Mesegar de Tajo', 45, 0, 0),
(6874, '101', '4', 'Miguel Esteban', 45, 0, 0),
(6875, '102', '9', 'Mocejón', 45, 0, 0),
(6876, '103', '5', 'Mohedas de la Jara', 45, 0, 0),
(6877, '104', '0', 'Montearagón', 45, 0, 0),
(6878, '105', '3', 'Montesclaros', 45, 0, 0),
(6879, '106', '6', 'Mora', 45, 0, 0),
(6880, '107', '2', 'Nambroca', 45, 0, 0),
(6881, '108', '8', 'Nava de Ricomalillo, La', 45, 0, 0),
(6882, '109', '1', 'Navahermosa', 45, 0, 0),
(6883, '110', '5', 'Navalcán', 45, 0, 0),
(6884, '111', '2', 'Navalmoralejo', 45, 0, 0),
(6885, '112', '7', 'Navalmorales, Los', 45, 0, 0),
(6886, '113', '3', 'Navalucillos, Los', 45, 0, 0),
(6887, '114', '8', 'Navamorcuende', 45, 0, 0),
(6888, '115', '1', 'Noblejas', 45, 0, 0),
(6889, '116', '4', 'Noez', 45, 0, 0),
(6890, '117', '0', 'Nombela', 45, 0, 0),
(6891, '118', '6', 'Novés', 45, 0, 0),
(6892, '119', '9', 'Numancia de la Sagra', 45, 0, 0),
(6893, '120', '3', 'Nuño Gómez', 45, 0, 0),
(6894, '121', '0', 'Ocaña', 45, 0, 0),
(6895, '122', '5', 'Olías del Rey', 45, 0, 0),
(6896, '123', '1', 'Ontígola', 45, 0, 0),
(6897, '124', '6', 'Orgaz', 45, 0, 0),
(6898, '125', '9', 'Oropesa', 45, 0, 0),
(6899, '126', '2', 'Otero', 45, 0, 0),
(6900, '127', '8', 'Palomeque', 45, 0, 0),
(6901, '128', '4', 'Pantoja', 45, 0, 0),
(6902, '129', '7', 'Paredes de Escalona', 45, 0, 0),
(6903, '130', '1', 'Parrillas', 45, 0, 0),
(6904, '131', '8', 'Pelahustán', 45, 0, 0),
(6905, '132', '3', 'Pepino', 45, 0, 0),
(6906, '133', '9', 'Polán', 45, 0, 0),
(6907, '134', '4', 'Portillo de Toledo', 45, 0, 0),
(6908, '135', '7', 'Puebla de Almoradiel, La', 45, 0, 0),
(6909, '136', '0', 'Puebla de Montalbán, La', 45, 0, 0),
(6910, '137', '6', 'Pueblanueva, La', 45, 0, 0),
(6911, '138', '2', 'Puente del Arzobispo, El', 45, 0, 0),
(6912, '139', '5', 'Puerto de San Vicente', 45, 0, 0),
(6913, '140', '9', 'Pulgar', 45, 0, 0),
(6914, '141', '6', 'Quero', 45, 0, 0),
(6915, '142', '1', 'Quintanar de la Orden', 45, 0, 0),
(6916, '143', '7', 'Quismondo', 45, 0, 0),
(6917, '144', '2', 'Real de San Vicente, El', 45, 0, 0),
(6918, '145', '5', 'Recas', 45, 0, 0),
(6919, '146', '8', 'Retamoso de la Jara', 45, 0, 0),
(6920, '147', '4', 'Rielves', 45, 0, 0),
(6921, '148', '0', 'Robledo del Mazo', 45, 0, 0),
(6922, '149', '3', 'Romeral, El', 45, 0, 0),
(6923, '150', '6', 'San Bartolomé de las Abiertas', 45, 0, 0),
(6924, '151', '3', 'San Martín de Montalbán', 45, 0, 0),
(6925, '152', '8', 'San Martín de Pusa', 45, 0, 0),
(6926, '153', '4', 'San Pablo de los Montes', 45, 0, 0),
(6927, '154', '9', 'San Román de los Montes', 45, 0, 0),
(6928, '155', '2', 'Santa Ana de Pusa', 45, 0, 0),
(6929, '156', '5', 'Santa Cruz de la Zarza', 45, 0, 0),
(6930, '157', '1', 'Santa Cruz del Retamar', 45, 0, 0),
(6931, '158', '7', 'Santa Olalla', 45, 0, 0),
(6932, '901', '6', 'Santo Domingo-Caudilla', 45, 0, 0),
(6933, '159', '0', 'Sartajada', 45, 0, 0),
(6934, '160', '4', 'Segurilla', 45, 0, 0),
(6935, '161', '1', 'Seseña', 45, 0, 0),
(6936, '162', '6', 'Sevilleja de la Jara', 45, 0, 0),
(6937, '163', '2', 'Sonseca', 45, 0, 0),
(6938, '164', '7', 'Sotillo de las Palomas', 45, 0, 0),
(6939, '165', '0', 'Talavera de la Reina', 45, 0, 0),
(6940, '166', '3', 'Tembleque', 45, 0, 0),
(6941, '167', '9', 'Toboso, El', 45, 0, 0),
(6942, '168', '5', 'Toledo', 45, 0, 0),
(6943, '169', '8', 'Torralba de Oropesa', 45, 0, 0),
(6944, '171', '9', 'Torre de Esteban Hambrán, La', 45, 0, 0),
(6945, '170', '2', 'Torrecilla de la Jara', 45, 0, 0),
(6946, '172', '4', 'Torrico', 45, 0, 0),
(6947, '173', '0', 'Torrijos', 45, 0, 0),
(6948, '174', '5', 'Totanés', 45, 0, 0),
(6949, '175', '8', 'Turleque', 45, 0, 0),
(6950, '176', '1', 'Ugena', 45, 0, 0),
(6951, '177', '7', 'Urda', 45, 0, 0),
(6952, '179', '6', 'Valdeverdeja', 45, 0, 0),
(6953, '180', '0', 'Valmojado', 45, 0, 0),
(6954, '181', '7', 'Velada', 45, 0, 0),
(6955, '182', '2', 'Ventas con Peña Aguilera, Las', 45, 0, 0),
(6956, '183', '8', 'Ventas de Retamosa, Las', 45, 0, 0),
(6957, '184', '3', 'Ventas de San Julián, Las', 45, 0, 0),
(6958, '186', '9', 'Villa de Don Fadrique, La', 45, 0, 0),
(6959, '185', '6', 'Villacañas', 45, 0, 0),
(6960, '187', '5', 'Villafranca de los Caballeros', 45, 0, 0),
(6961, '188', '1', 'Villaluenga de la Sagra', 45, 0, 0),
(6962, '189', '4', 'Villamiel de Toledo', 45, 0, 0),
(6963, '190', '8', 'Villaminaya', 45, 0, 0),
(6964, '191', '5', 'Villamuelas', 45, 0, 0),
(6965, '192', '0', 'Villanueva de Alcardete', 45, 0, 0),
(6966, '193', '6', 'Villanueva de Bogas', 45, 0, 0),
(6967, '194', '1', 'Villarejo de Montalbán', 45, 0, 0),
(6968, '195', '4', 'Villarrubia de Santiago', 45, 0, 0),
(6969, '196', '7', 'Villaseca de la Sagra', 45, 0, 0),
(6970, '197', '3', 'Villasequilla', 45, 0, 0),
(6971, '198', '9', 'Villatobas', 45, 0, 0),
(6972, '199', '2', 'Viso de San Juan, El', 45, 0, 0),
(6973, '200', '6', 'Yébenes, Los', 45, 0, 0),
(6974, '201', '3', 'Yeles', 45, 0, 0),
(6975, '202', '8', 'Yepes', 45, 0, 0),
(6976, '203', '4', 'Yuncler', 45, 0, 0),
(6977, '204', '9', 'Yunclillos', 45, 0, 0),
(6978, '205', '2', 'Yuncos', 45, 0, 0),
(6979, '1', '8', 'Ademuz', 46, 0, 0),
(6980, '2', '3', 'Ador', 46, 0, 0),
(6981, '4', '4', 'Agullent', 46, 0, 0),
(6982, '42', '5', 'Aielo de Malferit', 46, 0, 0),
(6983, '43', '1', 'Aielo de Rugat', 46, 0, 0),
(6984, '5', '7', 'Alaquàs', 46, 0, 0),
(6985, '6', '0', 'Albaida', 46, 0, 0),
(6986, '7', '6', 'Albal', 46, 0, 0),
(6987, '8', '2', 'Albalat de la Ribera', 46, 0, 0),
(6988, '9', '5', 'Albalat dels Sorells', 46, 0, 0),
(6989, '10', '9', 'Albalat dels Tarongers', 46, 0, 0),
(6990, '11', '6', 'Alberic', 46, 0, 0),
(6991, '12', '1', 'Alborache', 46, 0, 0),
(6992, '13', '7', 'Alboraia/Alboraya', 46, 0, 0),
(6993, '14', '2', 'Albuixech', 46, 0, 0),
(6994, '16', '8', 'Alcàntera de Xúquer', 46, 0, 0),
(6995, '15', '5', 'Alcàsser', 46, 0, 0),
(6996, '18', '0', 'Alcublas', 46, 0, 0),
(6997, '20', '7', 'Alcúdia de Crespins, l''', 46, 0, 0),
(6998, '19', '3', 'Alcúdia, l''', 46, 0, 0),
(6999, '21', '4', 'Aldaia', 46, 0, 0),
(7000, '22', '9', 'Alfafar', 46, 0, 0),
(7001, '24', '0', 'Alfara de la Baronia', 46, 0, 0),
(7002, '25', '3', 'Alfara del Patriarca', 46, 0, 0),
(7003, '26', '6', 'Alfarp', 46, 0, 0),
(7004, '27', '2', 'Alfarrasí', 46, 0, 0),
(7005, '23', '5', 'Alfauir', 46, 0, 0),
(7006, '28', '8', 'Algar de Palancia', 46, 0, 0),
(7007, '29', '1', 'Algemesí', 46, 0, 0),
(7008, '30', '5', 'Algimia de Alfara', 46, 0, 0),
(7009, '31', '2', 'Alginet', 46, 0, 0),
(7010, '32', '7', 'Almàssera', 46, 0, 0),
(7011, '33', '3', 'Almiserà', 46, 0, 0),
(7012, '34', '8', 'Almoines', 46, 0, 0),
(7013, '35', '1', 'Almussafes', 46, 0, 0),
(7014, '36', '4', 'Alpuente', 46, 0, 0),
(7015, '37', '0', 'Alqueria de la Comtessa, l''', 46, 0, 0),
(7016, '17', '4', 'Alzira', 46, 0, 0),
(7017, '38', '6', 'Andilla', 46, 0, 0),
(7018, '39', '9', 'Anna', 46, 0, 0),
(7019, '40', '3', 'Antella', 46, 0, 0),
(7020, '41', '0', 'Aras de los Olmos', 46, 0, 0),
(7021, '3', '9', 'Atzeneta d''Albaida', 46, 0, 0),
(7022, '44', '6', 'Ayora', 46, 0, 0),
(7023, '46', '2', 'Barx', 46, 0, 0),
(7024, '45', '9', 'Barxeta', 46, 0, 0),
(7025, '47', '8', 'Bèlgida', 46, 0, 0),
(7026, '48', '4', 'Bellreguard', 46, 0, 0),
(7027, '49', '7', 'Bellús', 46, 0, 0),
(7028, '50', '0', 'Benagéber', 46, 0, 0),
(7029, '51', '7', 'Benaguasil', 46, 0, 0),
(7030, '52', '2', 'Benavites', 46, 0, 0),
(7031, '53', '8', 'Beneixida', 46, 0, 0),
(7032, '54', '3', 'Benetússer', 46, 0, 0),
(7033, '55', '6', 'Beniarjó', 46, 0, 0),
(7034, '56', '9', 'Beniatjar', 46, 0, 0),
(7035, '57', '5', 'Benicolet', 46, 0, 0),
(7036, '904', '5', 'Benicull de Xúquer', 46, 0, 0),
(7037, '60', '8', 'Benifaió', 46, 0, 0),
(7038, '59', '4', 'Benifairó de la Valldigna', 46, 0, 0),
(7039, '58', '1', 'Benifairó de les Valls', 46, 0, 0),
(7040, '61', '5', 'Beniflá', 46, 0, 0),
(7041, '62', '0', 'Benigànim', 46, 0, 0),
(7042, '63', '6', 'Benimodo', 46, 0, 0),
(7043, '64', '1', 'Benimuslem', 46, 0, 0),
(7044, '65', '4', 'Beniparrell', 46, 0, 0),
(7045, '66', '7', 'Benirredrà', 46, 0, 0),
(7046, '67', '3', 'Benissanó', 46, 0, 0),
(7047, '68', '9', 'Benissoda', 46, 0, 0),
(7048, '69', '2', 'Benissuera', 46, 0, 0),
(7049, '70', '6', 'Bétera', 46, 0, 0),
(7050, '71', '3', 'Bicorp', 46, 0, 0),
(7051, '72', '8', 'Bocairent', 46, 0, 0),
(7052, '73', '4', 'Bolbaite', 46, 0, 0),
(7053, '74', '9', 'Bonrepòs i Mirambell', 46, 0, 0),
(7054, '75', '2', 'Bufali', 46, 0, 0),
(7055, '76', '5', 'Bugarra', 46, 0, 0),
(7056, '77', '1', 'Buñol', 46, 0, 0),
(7057, '78', '7', 'Burjassot', 46, 0, 0),
(7058, '79', '0', 'Calles', 46, 0, 0),
(7059, '80', '4', 'Camporrobles', 46, 0, 0),
(7060, '81', '1', 'Canals', 46, 0, 0),
(7061, '82', '6', 'Canet d''En Berenguer', 46, 0, 0),
(7062, '83', '2', 'Carcaixent', 46, 0, 0),
(7063, '84', '7', 'Càrcer', 46, 0, 0),
(7064, '85', '0', 'Carlet', 46, 0, 0),
(7065, '86', '3', 'Carrícola', 46, 0, 0),
(7066, '87', '9', 'Casas Altas', 46, 0, 0),
(7067, '88', '5', 'Casas Bajas', 46, 0, 0),
(7068, '89', '8', 'Casinos', 46, 0, 0),
(7069, '90', '2', 'Castelló de Rugat', 46, 0, 0),
(7070, '91', '9', 'Castellonet de la Conquesta', 46, 0, 0),
(7071, '92', '4', 'Castielfabib', 46, 0, 0),
(7072, '93', '0', 'Catadau', 46, 0, 0),
(7073, '94', '5', 'Catarroja', 46, 0, 0),
(7074, '95', '8', 'Caudete de las Fuentes', 46, 0, 0),
(7075, '96', '1', 'Cerdà', 46, 0, 0),
(7076, '107', '5', 'Chella', 46, 0, 0),
(7077, '106', '9', 'Chelva', 46, 0, 0),
(7078, '108', '1', 'Chera', 46, 0, 0),
(7079, '109', '4', 'Cheste', 46, 0, 0),
(7080, '111', '5', 'Chiva', 46, 0, 0),
(7081, '112', '0', 'Chulilla', 46, 0, 0),
(7082, '97', '7', 'Cofrentes', 46, 0, 0),
(7083, '98', '3', 'Corbera', 46, 0, 0),
(7084, '99', '6', 'Cortes de Pallás', 46, 0, 0),
(7085, '100', '0', 'Cotes', 46, 0, 0),
(7086, '105', '6', 'Cullera', 46, 0, 0),
(7087, '113', '6', 'Daimús', 46, 0, 0),
(7088, '114', '1', 'Domeño', 46, 0, 0),
(7089, '115', '4', 'Dos Aguas', 46, 0, 0),
(7090, '116', '7', 'Eliana, l''', 46, 0, 0),
(7091, '117', '3', 'Emperador', 46, 0, 0),
(7092, '118', '9', 'Enguera', 46, 0, 0),
(7093, '119', '2', 'Ènova, l''', 46, 0, 0),
(7094, '120', '6', 'Estivella', 46, 0, 0),
(7095, '121', '3', 'Estubeny', 46, 0, 0),
(7096, '122', '8', 'Faura', 46, 0, 0),
(7097, '123', '4', 'Favara', 46, 0, 0),
(7098, '126', '5', 'Foios', 46, 0, 0),
(7099, '128', '7', 'Font de la Figuera, la', 46, 0, 0),
(7100, '127', '1', 'Font d''En Carròs, la', 46, 0, 0),
(7101, '124', '9', 'Fontanars dels Alforins', 46, 0, 0),
(7102, '125', '2', 'Fortaleny', 46, 0, 0),
(7103, '129', '0', 'Fuenterrobles', 46, 0, 0),
(7104, '131', '1', 'Gandia', 46, 0, 0),
(7105, '902', '4', 'Gátova', 46, 0, 0),
(7106, '130', '4', 'Gavarda', 46, 0, 0),
(7107, '132', '6', 'Genovés', 46, 0, 0),
(7108, '133', '2', 'Gestalgar', 46, 0, 0),
(7109, '134', '7', 'Gilet', 46, 0, 0),
(7110, '135', '0', 'Godella', 46, 0, 0),
(7111, '136', '3', 'Godelleta', 46, 0, 0),
(7112, '137', '9', 'Granja de la Costera, la', 46, 0, 0),
(7113, '138', '5', 'Guadasséquies', 46, 0, 0),
(7114, '139', '8', 'Guadassuar', 46, 0, 0),
(7115, '140', '2', 'Guardamar de la Safor', 46, 0, 0),
(7116, '141', '9', 'Higueruelas', 46, 0, 0),
(7117, '142', '4', 'Jalance', 46, 0, 0),
(7118, '144', '5', 'Jarafuel', 46, 0, 0),
(7119, '154', '2', 'Llanera de Ranes', 46, 0, 0),
(7120, '155', '5', 'Llaurí', 46, 0, 0),
(7121, '147', '7', 'Llíria', 46, 0, 0),
(7122, '152', '1', 'Llocnou de la Corona', 46, 0, 0),
(7123, '153', '7', 'Llocnou de Sant Jeroni', 46, 0, 0),
(7124, '151', '6', 'Llocnou d''En Fenollet', 46, 0, 0),
(7125, '156', '8', 'Llombai', 46, 0, 0),
(7126, '157', '4', 'Llosa de Ranes, la', 46, 0, 0),
(7127, '150', '9', 'Llutxent', 46, 0, 0),
(7128, '148', '3', 'Loriguilla', 46, 0, 0),
(7129, '149', '6', 'Losa del Obispo', 46, 0, 0),
(7130, '158', '0', 'Macastre', 46, 0, 0),
(7131, '159', '3', 'Manises', 46, 0, 0),
(7132, '160', '7', 'Manuel', 46, 0, 0),
(7133, '161', '4', 'Marines', 46, 0, 0),
(7134, '162', '9', 'Massalavés', 46, 0, 0),
(7135, '163', '5', 'Massalfassar', 46, 0, 0),
(7136, '164', '0', 'Massamagrell', 46, 0, 0),
(7137, '165', '3', 'Massanassa', 46, 0, 0),
(7138, '166', '6', 'Meliana', 46, 0, 0),
(7139, '167', '2', 'Millares', 46, 0, 0),
(7140, '168', '8', 'Miramar', 46, 0, 0),
(7141, '169', '1', 'Mislata', 46, 0, 0),
(7142, '170', '5', 'Mogente/Moixent', 46, 0, 0),
(7143, '171', '2', 'Moncada', 46, 0, 0),
(7144, '173', '3', 'Montaverner', 46, 0, 0),
(7145, '174', '8', 'Montesa', 46, 0, 0),
(7146, '175', '1', 'Montitxelvo/Montichelvo', 46, 0, 0),
(7147, '176', '4', 'Montroi/Montroy', 46, 0, 0),
(7148, '172', '7', 'Montserrat', 46, 0, 0),
(7149, '177', '0', 'Museros', 46, 0, 0),
(7150, '178', '6', 'Náquera', 46, 0, 0),
(7151, '179', '9', 'Navarrés', 46, 0, 0),
(7152, '180', '3', 'Novelé/Novetlè', 46, 0, 0),
(7153, '181', '0', 'Oliva', 46, 0, 0),
(7154, '183', '1', 'Olleria, l''', 46, 0, 0),
(7155, '182', '5', 'Olocau', 46, 0, 0),
(7156, '184', '6', 'Ontinyent', 46, 0, 0),
(7157, '185', '9', 'Otos', 46, 0, 0),
(7158, '186', '2', 'Paiporta', 46, 0, 0),
(7159, '187', '8', 'Palma de Gandía', 46, 0, 0),
(7160, '188', '4', 'Palmera', 46, 0, 0),
(7161, '189', '7', 'Palomar, el', 46, 0, 0),
(7162, '190', '1', 'Paterna', 46, 0, 0),
(7163, '191', '8', 'Pedralba', 46, 0, 0),
(7164, '192', '3', 'Petrés', 46, 0, 0),
(7165, '193', '9', 'Picanya', 46, 0, 0),
(7166, '194', '4', 'Picassent', 46, 0, 0),
(7167, '195', '7', 'Piles', 46, 0, 0),
(7168, '196', '0', 'Pinet', 46, 0, 0),
(7169, '199', '5', 'Pobla de Farnals, la', 46, 0, 0),
(7170, '202', '1', 'Pobla de Vallbona, la', 46, 0, 0),
(7171, '200', '9', 'Pobla del Duc, la', 46, 0, 0),
(7172, '203', '7', 'Pobla Llarga, la', 46, 0, 0),
(7173, '197', '6', 'Polinyà de Xúquer', 46, 0, 0),
(7174, '198', '2', 'Potries', 46, 0, 0),
(7175, '205', '5', 'Puçol', 46, 0, 0),
(7176, '201', '6', 'Puebla de San Miguel', 46, 0, 0),
(7177, '204', '2', 'Puig de Santa Maria, el', 46, 0, 0),
(7178, '101', '7', 'Quart de les Valls', 46, 0, 0),
(7179, '102', '2', 'Quart de Poblet', 46, 0, 0),
(7180, '103', '8', 'Quartell', 46, 0, 0),
(7181, '104', '3', 'Quatretonda', 46, 0, 0),
(7182, '206', '8', 'Quesa', 46, 0, 0),
(7183, '207', '4', 'Rafelbunyol', 46, 0, 0),
(7184, '208', '0', 'Rafelcofer', 46, 0, 0),
(7185, '209', '3', 'Rafelguaraf', 46, 0, 0),
(7186, '210', '7', 'Ráfol de Salem', 46, 0, 0),
(7187, '212', '9', 'Real', 46, 0, 0),
(7188, '211', '4', 'Real de Gandia, el', 46, 0, 0),
(7189, '213', '5', 'Requena', 46, 0, 0),
(7190, '214', '0', 'Riba-roja de Túria', 46, 0, 0),
(7191, '215', '3', 'Riola', 46, 0, 0),
(7192, '216', '6', 'Rocafort', 46, 0, 0),
(7193, '217', '2', 'Rotglà i Corberà', 46, 0, 0),
(7194, '218', '8', 'Rótova', 46, 0, 0),
(7195, '219', '1', 'Rugat', 46, 0, 0),
(7196, '220', '5', 'Sagunto/Sagunt', 46, 0, 0),
(7197, '221', '2', 'Salem', 46, 0, 0),
(7198, '903', '0', 'San Antonio de Benagéber', 46, 0, 0),
(7199, '222', '7', 'Sant Joanet', 46, 0, 0),
(7200, '223', '3', 'Sedaví', 46, 0, 0),
(7201, '224', '8', 'Segart', 46, 0, 0),
(7202, '225', '1', 'Sellent', 46, 0, 0),
(7203, '226', '4', 'Sempere', 46, 0, 0),
(7204, '227', '0', 'Senyera', 46, 0, 0),
(7205, '228', '6', 'Serra', 46, 0, 0),
(7206, '229', '9', 'Siete Aguas', 46, 0, 0),
(7207, '230', '3', 'Silla', 46, 0, 0),
(7208, '231', '0', 'Simat de la Valldigna', 46, 0, 0),
(7209, '232', '5', 'Sinarcas', 46, 0, 0),
(7210, '233', '1', 'Sollana', 46, 0, 0),
(7211, '234', '6', 'Sot de Chera', 46, 0, 0),
(7212, '235', '9', 'Sueca', 46, 0, 0),
(7213, '236', '2', 'Sumacàrcer', 46, 0, 0),
(7214, '237', '8', 'Tavernes Blanques', 46, 0, 0),
(7215, '238', '4', 'Tavernes de la Valldigna', 46, 0, 0),
(7216, '239', '7', 'Teresa de Cofrentes', 46, 0, 0),
(7217, '240', '1', 'Terrateig', 46, 0, 0),
(7218, '241', '8', 'Titaguas', 46, 0, 0),
(7219, '242', '3', 'Torrebaja', 46, 0, 0),
(7220, '243', '9', 'Torrella', 46, 0, 0),
(7221, '244', '4', 'Torrent', 46, 0, 0),
(7222, '245', '7', 'Torres Torres', 46, 0, 0),
(7223, '246', '0', 'Tous', 46, 0, 0),
(7224, '247', '6', 'Tuéjar', 46, 0, 0),
(7225, '248', '2', 'Turís', 46, 0, 0),
(7226, '249', '5', 'Utiel', 46, 0, 0),
(7227, '250', '8', 'Valencia', 46, 0, 0),
(7228, '251', '5', 'Vallada', 46, 0, 0),
(7229, '252', '0', 'Vallanca', 46, 0, 0),
(7230, '253', '6', 'Vallés', 46, 0, 0),
(7231, '254', '1', 'Venta del Moro', 46, 0, 0),
(7232, '255', '4', 'Vilallonga/Villalonga', 46, 0, 0),
(7233, '256', '7', 'Vilamarxant', 46, 0, 0),
(7234, '257', '3', 'Villanueva de Castellón', 46, 0, 0),
(7235, '258', '9', 'Villar del Arzobispo', 46, 0, 0),
(7236, '259', '2', 'Villargordo del Cabriel', 46, 0, 0),
(7237, '260', '6', 'Vinalesa', 46, 0, 0),
(7238, '145', '8', 'Xàtiva', 46, 0, 0),
(7239, '143', '0', 'Xeraco', 46, 0, 0),
(7240, '146', '1', 'Xeresa', 46, 0, 0),
(7241, '110', '8', 'Xirivella', 46, 0, 0),
(7242, '261', '3', 'Yátova', 46, 0, 0),
(7243, '262', '8', 'Yesa, La', 46, 0, 0),
(7244, '263', '4', 'Zarra', 46, 0, 0),
(7245, '1', '4', 'Adalia', 47, 0, 0),
(7246, '2', '9', 'Aguasal', 47, 0, 0),
(7247, '3', '5', 'Aguilar de Campos', 47, 0, 0),
(7248, '4', '0', 'Alaejos', 47, 0, 0),
(7249, '5', '3', 'Alcazarén', 47, 0, 0),
(7250, '6', '6', 'Aldea de San Miguel', 47, 0, 0),
(7251, '7', '2', 'Aldeamayor de San Martín', 47, 0, 0),
(7252, '8', '8', 'Almenara de Adaja', 47, 0, 0),
(7253, '9', '1', 'Amusquillo', 47, 0, 0),
(7254, '10', '5', 'Arroyo de la Encomienda', 47, 0, 0),
(7255, '11', '2', 'Ataquines', 47, 0, 0),
(7256, '12', '7', 'Bahabón', 47, 0, 0),
(7257, '13', '3', 'Barcial de la Loma', 47, 0, 0),
(7258, '14', '8', 'Barruelo del Valle', 47, 0, 0),
(7259, '15', '1', 'Becilla de Valderaduey', 47, 0, 0),
(7260, '16', '4', 'Benafarces', 47, 0, 0),
(7261, '17', '0', 'Bercero', 47, 0, 0),
(7262, '18', '6', 'Berceruelo', 47, 0, 0),
(7263, '19', '9', 'Berrueces', 47, 0, 0),
(7264, '20', '3', 'Bobadilla del Campo', 47, 0, 0),
(7265, '21', '0', 'Bocigas', 47, 0, 0),
(7266, '22', '5', 'Bocos de Duero', 47, 0, 0),
(7267, '23', '1', 'Boecillo', 47, 0, 0),
(7268, '24', '6', 'Bolaños de Campos', 47, 0, 0),
(7269, '25', '9', 'Brahojos de Medina', 47, 0, 0),
(7270, '26', '2', 'Bustillo de Chaves', 47, 0, 0),
(7271, '27', '8', 'Cabezón de Pisuerga', 47, 0, 0),
(7272, '28', '4', 'Cabezón de Valderaduey', 47, 0, 0),
(7273, '29', '7', 'Cabreros del Monte', 47, 0, 0),
(7274, '30', '1', 'Campaspero', 47, 0, 0),
(7275, '31', '8', 'Campillo, El', 47, 0, 0),
(7276, '32', '3', 'Camporredondo', 47, 0, 0),
(7277, '33', '9', 'Canalejas de Peñafiel', 47, 0, 0),
(7278, '34', '4', 'Canillas de Esgueva', 47, 0, 0),
(7279, '35', '7', 'Carpio', 47, 0, 0),
(7280, '36', '0', 'Casasola de Arión', 47, 0, 0),
(7281, '37', '6', 'Castrejón de Trabancos', 47, 0, 0),
(7282, '38', '2', 'Castrillo de Duero', 47, 0, 0),
(7283, '39', '5', 'Castrillo-Tejeriego', 47, 0, 0),
(7284, '40', '9', 'Castrobol', 47, 0, 0),
(7285, '41', '6', 'Castrodeza', 47, 0, 0),
(7286, '42', '1', 'Castromembibre', 47, 0, 0),
(7287, '43', '7', 'Castromonte', 47, 0, 0),
(7288, '44', '2', 'Castronuevo de Esgueva', 47, 0, 0),
(7289, '45', '5', 'Castronuño', 47, 0, 0),
(7290, '46', '8', 'Castroponce', 47, 0, 0),
(7291, '47', '4', 'Castroverde de Cerrato', 47, 0, 0),
(7292, '48', '0', 'Ceinos de Campos', 47, 0, 0),
(7293, '49', '3', 'Cervillego de la Cruz', 47, 0, 0),
(7294, '50', '6', 'Cigales', 47, 0, 0),
(7295, '51', '3', 'Ciguñuela', 47, 0, 0),
(7296, '52', '8', 'Cistérniga', 47, 0, 0),
(7297, '53', '4', 'Cogeces de Íscar', 47, 0, 0),
(7298, '54', '9', 'Cogeces del Monte', 47, 0, 0),
(7299, '55', '2', 'Corcos', 47, 0, 0),
(7300, '56', '5', 'Corrales de Duero', 47, 0, 0),
(7301, '57', '1', 'Cubillas de Santa Marta', 47, 0, 0),
(7302, '58', '7', 'Cuenca de Campos', 47, 0, 0),
(7303, '59', '0', 'Curiel de Duero', 47, 0, 0),
(7304, '60', '4', 'Encinas de Esgueva', 47, 0, 0),
(7305, '61', '1', 'Esguevillas de Esgueva', 47, 0, 0),
(7306, '62', '6', 'Fombellida', 47, 0, 0),
(7307, '63', '2', 'Fompedraza', 47, 0, 0),
(7308, '64', '7', 'Fontihoyuelo', 47, 0, 0),
(7309, '65', '0', 'Fresno el Viejo', 47, 0, 0),
(7310, '66', '3', 'Fuensaldaña', 47, 0, 0),
(7311, '67', '9', 'Fuente el Sol', 47, 0, 0),
(7312, '68', '5', 'Fuente-Olmedo', 47, 0, 0),
(7313, '69', '8', 'Gallegos de Hornija', 47, 0, 0),
(7314, '70', '2', 'Gatón de Campos', 47, 0, 0),
(7315, '71', '9', 'Geria', 47, 0, 0),
(7316, '73', '0', 'Herrín de Campos', 47, 0, 0),
(7317, '74', '5', 'Hornillos de Eresma', 47, 0, 0),
(7318, '75', '8', 'Íscar', 47, 0, 0),
(7319, '76', '1', 'Laguna de Duero', 47, 0, 0),
(7320, '77', '7', 'Langayo', 47, 0, 0),
(7321, '79', '6', 'Llano de Olmedo', 47, 0, 0),
(7322, '78', '3', 'Lomoviejo', 47, 0, 0),
(7323, '80', '0', 'Manzanillo', 47, 0, 0),
(7324, '81', '7', 'Marzales', 47, 0, 0),
(7325, '82', '2', 'Matapozuelos', 47, 0, 0),
(7326, '83', '8', 'Matilla de los Caños', 47, 0, 0),
(7327, '84', '3', 'Mayorga', 47, 0, 0),
(7328, '86', '9', 'Medina de Rioseco', 47, 0, 0),
(7329, '85', '6', 'Medina del Campo', 47, 0, 0),
(7330, '87', '5', 'Megeces', 47, 0, 0),
(7331, '88', '1', 'Melgar de Abajo', 47, 0, 0),
(7332, '89', '4', 'Melgar de Arriba', 47, 0, 0),
(7333, '90', '8', 'Mojados', 47, 0, 0),
(7334, '91', '5', 'Monasterio de Vega', 47, 0, 0),
(7335, '92', '0', 'Montealegre de Campos', 47, 0, 0),
(7336, '93', '6', 'Montemayor de Pililla', 47, 0, 0),
(7337, '94', '1', 'Moral de la Reina', 47, 0, 0),
(7338, '95', '4', 'Moraleja de las Panaderas', 47, 0, 0),
(7339, '96', '7', 'Morales de Campos', 47, 0, 0),
(7340, '97', '3', 'Mota del Marqués', 47, 0, 0),
(7341, '98', '9', 'Mucientes', 47, 0, 0),
(7342, '99', '2', 'Mudarra, La', 47, 0, 0),
(7343, '100', '6', 'Muriel', 47, 0, 0),
(7344, '101', '3', 'Nava del Rey', 47, 0, 0),
(7345, '102', '8', 'Nueva Villa de las Torres', 47, 0, 0),
(7346, '103', '4', 'Olivares de Duero', 47, 0, 0),
(7347, '104', '9', 'Olmedo', 47, 0, 0),
(7348, '105', '2', 'Olmos de Esgueva', 47, 0, 0),
(7349, '106', '5', 'Olmos de Peñafiel', 47, 0, 0),
(7350, '109', '0', 'Palazuelo de Vedija', 47, 0, 0),
(7351, '110', '4', 'Parrilla, La', 47, 0, 0),
(7352, '111', '1', 'Pedraja de Portillo, La', 47, 0, 0),
(7353, '112', '6', 'Pedrajas de San Esteban', 47, 0, 0),
(7354, '113', '2', 'Pedrosa del Rey', 47, 0, 0),
(7355, '114', '7', 'Peñafiel', 47, 0, 0),
(7356, '115', '0', 'Peñaflor de Hornija', 47, 0, 0),
(7357, '116', '3', 'Pesquera de Duero', 47, 0, 0),
(7358, '117', '9', 'Piña de Esgueva', 47, 0, 0),
(7359, '118', '5', 'Piñel de Abajo', 47, 0, 0),
(7360, '119', '8', 'Piñel de Arriba', 47, 0, 0),
(7361, '121', '9', 'Pollos', 47, 0, 0),
(7362, '122', '4', 'Portillo', 47, 0, 0),
(7363, '123', '0', 'Pozal de Gallinas', 47, 0, 0),
(7364, '124', '5', 'Pozaldez', 47, 0, 0),
(7365, '125', '8', 'Pozuelo de la Orden', 47, 0, 0),
(7366, '126', '1', 'Puras', 47, 0, 0),
(7367, '127', '7', 'Quintanilla de Arriba', 47, 0, 0),
(7368, '129', '6', 'Quintanilla de Onésimo', 47, 0, 0),
(7369, '130', '0', 'Quintanilla de Trigueros', 47, 0, 0),
(7370, '128', '3', 'Quintanilla del Molar', 47, 0, 0),
(7371, '131', '7', 'Rábano', 47, 0, 0),
(7372, '132', '2', 'Ramiro', 47, 0, 0),
(7373, '133', '8', 'Renedo de Esgueva', 47, 0, 0),
(7374, '134', '3', 'Roales de Campos', 47, 0, 0),
(7375, '135', '6', 'Robladillo', 47, 0, 0),
(7376, '137', '5', 'Roturas', 47, 0, 0),
(7377, '138', '1', 'Rubí de Bracamonte', 47, 0, 0),
(7378, '139', '4', 'Rueda', 47, 0, 0),
(7379, '140', '8', 'Saelices de Mayorga', 47, 0, 0),
(7380, '141', '5', 'Salvador de Zapardiel', 47, 0, 0),
(7381, '142', '0', 'San Cebrián de Mazote', 47, 0, 0),
(7382, '143', '6', 'San Llorente', 47, 0, 0),
(7383, '144', '1', 'San Martín de Valvení', 47, 0, 0),
(7384, '145', '4', 'San Miguel del Arroyo', 47, 0, 0),
(7385, '146', '7', 'San Miguel del Pino', 47, 0, 0),
(7386, '147', '3', 'San Pablo de la Moraleja', 47, 0, 0),
(7387, '148', '9', 'San Pedro de Latarce', 47, 0, 0),
(7388, '149', '2', 'San Pelayo', 47, 0, 0),
(7389, '150', '5', 'San Román de Hornija', 47, 0, 0),
(7390, '151', '2', 'San Salvador', 47, 0, 0),
(7391, '156', '4', 'San Vicente del Palacio', 47, 0, 0),
(7392, '152', '7', 'Santa Eufemia del Arroyo', 47, 0, 0),
(7393, '153', '3', 'Santervás de Campos', 47, 0, 0),
(7394, '154', '8', 'Santibáñez de Valcorba', 47, 0, 0),
(7395, '155', '1', 'Santovenia de Pisuerga', 47, 0, 0),
(7396, '157', '0', 'Sardón de Duero', 47, 0, 0),
(7397, '158', '6', 'Seca, La', 47, 0, 0),
(7398, '159', '9', 'Serrada', 47, 0, 0),
(7399, '160', '3', 'Siete Iglesias de Trabancos', 47, 0, 0),
(7400, '161', '0', 'Simancas', 47, 0, 0),
(7401, '162', '5', 'Tamariz de Campos', 47, 0, 0),
(7402, '163', '1', 'Tiedra', 47, 0, 0),
(7403, '164', '6', 'Tordehumos', 47, 0, 0),
(7404, '165', '9', 'Tordesillas', 47, 0, 0),
(7405, '169', '7', 'Torre de Esgueva', 47, 0, 0),
(7406, '170', '1', 'Torre de Peñafiel', 47, 0, 0),
(7407, '166', '2', 'Torrecilla de la Abadesa', 47, 0, 0),
(7408, '167', '8', 'Torrecilla de la Orden', 47, 0, 0),
(7409, '168', '4', 'Torrecilla de la Torre', 47, 0, 0),
(7410, '171', '8', 'Torrelobatón', 47, 0, 0),
(7411, '172', '3', 'Torrescárcela', 47, 0, 0),
(7412, '173', '9', 'Traspinedo', 47, 0, 0),
(7413, '174', '4', 'Trigueros del Valle', 47, 0, 0),
(7414, '175', '7', 'Tudela de Duero', 47, 0, 0),
(7415, '176', '0', 'Unión de Campos, La', 47, 0, 0),
(7416, '177', '6', 'Urones de Castroponce', 47, 0, 0),
(7417, '178', '2', 'Urueña', 47, 0, 0),
(7418, '179', '5', 'Valbuena de Duero', 47, 0, 0),
(7419, '180', '9', 'Valdearcos de la Vega', 47, 0, 0),
(7420, '181', '6', 'Valdenebro de los Valles', 47, 0, 0),
(7421, '182', '1', 'Valdestillas', 47, 0, 0),
(7422, '183', '7', 'Valdunquillo', 47, 0, 0),
(7423, '186', '8', 'Valladolid', 47, 0, 0),
(7424, '184', '2', 'Valoria la Buena', 47, 0, 0),
(7425, '185', '5', 'Valverde de Campos', 47, 0, 0),
(7426, '187', '4', 'Vega de Ruiponce', 47, 0, 0),
(7427, '188', '0', 'Vega de Valdetronco', 47, 0, 0),
(7428, '189', '3', 'Velascálvaro', 47, 0, 0),
(7429, '190', '7', 'Velilla', 47, 0, 0),
(7430, '191', '4', 'Velliza', 47, 0, 0),
(7431, '192', '9', 'Ventosa de la Cuesta', 47, 0, 0),
(7432, '193', '5', 'Viana de Cega', 47, 0, 0),
(7433, '195', '3', 'Villabáñez', 47, 0, 0),
(7434, '196', '6', 'Villabaruz de Campos', 47, 0, 0),
(7435, '197', '2', 'Villabrágima', 47, 0, 0),
(7436, '198', '8', 'Villacarralón', 47, 0, 0),
(7437, '199', '1', 'Villacid de Campos', 47, 0, 0),
(7438, '200', '5', 'Villaco', 47, 0, 0),
(7439, '203', '3', 'Villafrades de Campos', 47, 0, 0),
(7440, '204', '8', 'Villafranca de Duero', 47, 0, 0),
(7441, '205', '1', 'Villafrechós', 47, 0, 0),
(7442, '206', '4', 'Villafuerte', 47, 0, 0),
(7443, '207', '0', 'Villagarcía de Campos', 47, 0, 0),
(7444, '208', '6', 'Villagómez la Nueva', 47, 0, 0),
(7445, '209', '9', 'Villalán de Campos', 47, 0, 0),
(7446, '210', '3', 'Villalar de los Comuneros', 47, 0, 0),
(7447, '211', '0', 'Villalba de la Loma', 47, 0, 0),
(7448, '212', '5', 'Villalba de los Alcores', 47, 0, 0),
(7449, '213', '1', 'Villalbarba', 47, 0, 0),
(7450, '214', '6', 'Villalón de Campos', 47, 0, 0),
(7451, '215', '9', 'Villamuriel de Campos', 47, 0, 0),
(7452, '216', '2', 'Villán de Tordesillas', 47, 0, 0),
(7453, '217', '8', 'Villanubla', 47, 0, 0),
(7454, '218', '4', 'Villanueva de Duero', 47, 0, 0),
(7455, '219', '7', 'Villanueva de la Condesa', 47, 0, 0),
(7456, '220', '1', 'Villanueva de los Caballeros', 47, 0, 0),
(7457, '221', '8', 'Villanueva de los Infantes', 47, 0, 0),
(7458, '222', '3', 'Villanueva de San Mancio', 47, 0, 0),
(7459, '223', '9', 'Villardefrades', 47, 0, 0),
(7460, '224', '4', 'Villarmentero de Esgueva', 47, 0, 0),
(7461, '225', '7', 'Villasexmir', 47, 0, 0),
(7462, '226', '0', 'Villavaquerín', 47, 0, 0),
(7463, '227', '6', 'Villavellid', 47, 0, 0),
(7464, '228', '2', 'Villaverde de Medina', 47, 0, 0),
(7465, '229', '5', 'Villavicencio de los Caballeros', 47, 0, 0),
(7466, '194', '0', 'Viloria', 47, 0, 0),
(7467, '230', '9', 'Wamba', 47, 0, 0),
(7468, '231', '6', 'Zaratán', 47, 0, 0),
(7469, '232', '1', 'Zarza, La', 47, 0, 0),
(7470, '1', '0', 'Abadiño', 48, 0, 0),
(7471, '2', '5', 'Abanto y Ciérvana-Abanto Zierbena', 48, 0, 0),
(7472, '911', '9', 'Ajangiz', 48, 0, 0),
(7473, '912', '4', 'Alonsotegi', 48, 0, 0),
(7474, '3', '1', 'Amorebieta-Etxano', 48, 0, 0),
(7475, '4', '6', 'Amoroto', 48, 0, 0),
(7476, '5', '9', 'Arakaldo', 48, 0, 0),
(7477, '6', '2', 'Arantzazu', 48, 0, 0),
(7478, '93', '2', 'Areatza', 48, 0, 0),
(7479, '9', '7', 'Arrankudiaga', 48, 0, 0),
(7480, '914', '5', 'Arratzu', 48, 0, 0),
(7481, '10', '1', 'Arrieta', 48, 0, 0),
(7482, '11', '8', 'Arrigorriaga', 48, 0, 0),
(7483, '23', '7', 'Artea', 48, 0, 0),
(7484, '8', '4', 'Artzentales', 48, 0, 0),
(7485, '91', '1', 'Atxondo', 48, 0, 0),
(7486, '70', '8', 'Aulesti', 48, 0, 0),
(7487, '12', '3', 'Bakio', 48, 0, 0),
(7488, '90', '4', 'Balmaseda', 48, 0, 0),
(7489, '13', '9', 'Barakaldo', 48, 0, 0),
(7490, '14', '4', 'Barrika', 48, 0, 0),
(7491, '15', '7', 'Basauri', 48, 0, 0),
(7492, '92', '6', 'Bedia', 48, 0, 0),
(7493, '16', '0', 'Berango', 48, 0, 0),
(7494, '17', '6', 'Bermeo', 48, 0, 0),
(7495, '18', '2', 'Berriatua', 48, 0, 0),
(7496, '19', '5', 'Berriz', 48, 0, 0),
(7497, '20', '9', 'Bilbao', 48, 0, 0),
(7498, '21', '6', 'Busturia', 48, 0, 0),
(7499, '901', '1', 'Derio', 48, 0, 0),
(7500, '26', '8', 'Dima', 48, 0, 0),
(7501, '27', '4', 'Durango', 48, 0, 0),
(7502, '28', '0', 'Ea', 48, 0, 0),
(7503, '31', '4', 'Elantxobe', 48, 0, 0),
(7504, '32', '9', 'Elorrio', 48, 0, 0),
(7505, '902', '6', 'Erandio', 48, 0, 0),
(7506, '33', '5', 'Ereño', 48, 0, 0),
(7507, '34', '0', 'Ermua', 48, 0, 0),
(7508, '79', '2', 'Errigoiti', 48, 0, 0),
(7509, '29', '3', 'Etxebarri', 48, 0, 0),
(7510, '30', '7', 'Etxebarria', 48, 0, 0),
(7511, '906', '3', 'Forua', 48, 0, 0),
(7512, '35', '3', 'Fruiz', 48, 0, 0),
(7513, '36', '6', 'Galdakao', 48, 0, 0),
(7514, '37', '2', 'Galdames', 48, 0, 0),
(7515, '38', '8', 'Gamiz-Fika', 48, 0, 0),
(7516, '39', '1', 'Garai', 48, 0, 0),
(7517, '40', '5', 'Gatika', 48, 0, 0),
(7518, '41', '2', 'Gautegiz Arteaga', 48, 0, 0),
(7519, '46', '4', 'Gernika-Lumo', 48, 0, 0),
(7520, '44', '8', 'Getxo', 48, 0, 0),
(7521, '47', '0', 'Gizaburuaga', 48, 0, 0),
(7522, '42', '7', 'Gordexola', 48, 0, 0),
(7523, '43', '3', 'Gorliz', 48, 0, 0),
(7524, '45', '1', 'Güeñes', 48, 0, 0),
(7525, '48', '6', 'Ibarrangelu', 48, 0, 0),
(7526, '94', '7', 'Igorre', 48, 0, 0),
(7527, '49', '9', 'Ispaster', 48, 0, 0),
(7528, '910', '2', 'Iurreta', 48, 0, 0),
(7529, '50', '2', 'Izurtza', 48, 0, 0),
(7530, '22', '1', 'Karrantza Harana/Valle de Carranza', 48, 0, 0),
(7531, '907', '9', 'Kortezubi', 48, 0, 0),
(7532, '51', '9', 'Lanestosa', 48, 0, 0),
(7533, '52', '4', 'Larrabetzu', 48, 0, 0),
(7534, '53', '0', 'Laukiz', 48, 0, 0),
(7535, '54', '5', 'Leioa', 48, 0, 0),
(7536, '57', '7', 'Lekeitio', 48, 0, 0),
(7537, '55', '8', 'Lemoa', 48, 0, 0),
(7538, '56', '1', 'Lemoiz', 48, 0, 0),
(7539, '81', '3', 'Lezama', 48, 0, 0),
(7540, '903', '2', 'Loiu', 48, 0, 0),
(7541, '58', '3', 'Mallabia', 48, 0, 0),
(7542, '59', '6', 'Mañaria', 48, 0, 0),
(7543, '60', '0', 'Markina-Xemein', 48, 0, 0),
(7544, '61', '7', 'Maruri-Jatabe', 48, 0, 0),
(7545, '62', '2', 'Mendata', 48, 0, 0),
(7546, '63', '8', 'Mendexa', 48, 0, 0),
(7547, '64', '3', 'Meñaka', 48, 0, 0),
(7548, '66', '9', 'Morga', 48, 0, 0),
(7549, '68', '1', 'Mundaka', 48, 0, 0),
(7550, '69', '4', 'Mungia', 48, 0, 0),
(7551, '7', '8', 'Munitibar-Arbatzegi Gerrikaitz', 48, 0, 0),
(7552, '908', '5', 'Murueta', 48, 0, 0),
(7553, '71', '5', 'Muskiz', 48, 0, 0),
(7554, '67', '5', 'Muxika', 48, 0, 0),
(7555, '909', '8', 'Nabarniz', 48, 0, 0),
(7556, '73', '6', 'Ondarroa', 48, 0, 0),
(7557, '75', '4', 'Orozko', 48, 0, 0),
(7558, '83', '4', 'Ortuella', 48, 0, 0),
(7559, '72', '0', 'Otxandio', 48, 0, 0),
(7560, '77', '3', 'Plentzia', 48, 0, 0),
(7561, '78', '9', 'Portugalete', 48, 0, 0),
(7562, '82', '8', 'Santurtzi', 48, 0, 0),
(7563, '84', '9', 'Sestao', 48, 0, 0),
(7564, '904', '7', 'Sondika', 48, 0, 0),
(7565, '85', '2', 'Sopela', 48, 0, 0),
(7566, '86', '5', 'Sopuerta', 48, 0, 0),
(7567, '76', '7', 'Sukarrieta', 48, 0, 0),
(7568, '87', '1', 'Trucios-Turtzioz', 48, 0, 0),
(7569, '88', '7', 'Ubide', 48, 0, 0),
(7570, '65', '6', 'Ugao-Miraballes', 48, 0, 0),
(7571, '89', '0', 'Urduliz', 48, 0, 0),
(7572, '74', '1', 'Urduña/Orduña', 48, 0, 0),
(7573, '80', '6', 'Valle de Trápaga-Trapagaran', 48, 0, 0),
(7574, '95', '0', 'Zaldibar', 48, 0, 0),
(7575, '96', '3', 'Zalla', 48, 0, 0),
(7576, '905', '0', 'Zamudio', 48, 0, 0),
(7577, '97', '9', 'Zaratamo', 48, 0, 0),
(7578, '24', '2', 'Zeanuri', 48, 0, 0),
(7579, '25', '5', 'Zeberio', 48, 0, 0),
(7580, '913', '0', 'Zierbena', 48, 0, 0),
(7581, '915', '8', 'Ziortza-Bolibar', 48, 0, 0),
(7582, '2', '8', 'Abezames', 49, 0, 0),
(7583, '3', '4', 'Alcañices', 49, 0, 0),
(7584, '4', '9', 'Alcubilla de Nogales', 49, 0, 0),
(7585, '5', '2', 'Alfaraz de Sayago', 49, 0, 0),
(7586, '6', '5', 'Algodre', 49, 0, 0),
(7587, '7', '1', 'Almaraz de Duero', 49, 0, 0),
(7588, '8', '7', 'Almeida de Sayago', 49, 0, 0),
(7589, '9', '0', 'Andavías', 49, 0, 0),
(7590, '10', '4', 'Arcenillas', 49, 0, 0),
(7591, '11', '1', 'Arcos de la Polvorosa', 49, 0, 0),
(7592, '12', '6', 'Argañín', 49, 0, 0),
(7593, '13', '2', 'Argujillo', 49, 0, 0),
(7594, '14', '7', 'Arquillinos', 49, 0, 0),
(7595, '15', '0', 'Arrabalde', 49, 0, 0),
(7596, '16', '3', 'Aspariegos', 49, 0, 0),
(7597, '17', '9', 'Asturianos', 49, 0, 0),
(7598, '18', '5', 'Ayoó de Vidriales', 49, 0, 0),
(7599, '19', '8', 'Barcial del Barco', 49, 0, 0),
(7600, '20', '2', 'Belver de los Montes', 49, 0, 0),
(7601, '21', '9', 'Benavente', 49, 0, 0),
(7602, '22', '4', 'Benegiles', 49, 0, 0),
(7603, '23', '0', 'Bermillo de Sayago', 49, 0, 0),
(7604, '24', '5', 'Bóveda de Toro, La', 49, 0, 0),
(7605, '25', '8', 'Bretó', 49, 0, 0),
(7606, '26', '1', 'Bretocino', 49, 0, 0),
(7607, '27', '7', 'Brime de Sog', 49, 0, 0),
(7608, '28', '3', 'Brime de Urz', 49, 0, 0),
(7609, '29', '6', 'Burganes de Valverde', 49, 0, 0),
(7610, '30', '0', 'Bustillo del Oro', 49, 0, 0),
(7611, '31', '7', 'Cabañas de Sayago', 49, 0, 0),
(7612, '32', '2', 'Calzadilla de Tera', 49, 0, 0),
(7613, '33', '8', 'Camarzana de Tera', 49, 0, 0),
(7614, '34', '3', 'Cañizal', 49, 0, 0),
(7615, '35', '6', 'Cañizo', 49, 0, 0),
(7616, '36', '9', 'Carbajales de Alba', 49, 0, 0),
(7617, '37', '5', 'Carbellino', 49, 0, 0),
(7618, '38', '1', 'Casaseca de Campeán', 49, 0, 0),
(7619, '39', '4', 'Casaseca de las Chanas', 49, 0, 0),
(7620, '40', '8', 'Castrillo de la Guareña', 49, 0, 0),
(7621, '41', '5', 'Castrogonzalo', 49, 0, 0),
(7622, '42', '0', 'Castronuevo', 49, 0, 0),
(7623, '43', '6', 'Castroverde de Campos', 49, 0, 0),
(7624, '44', '1', 'Cazurra', 49, 0, 0),
(7625, '46', '7', 'Cerecinos de Campos', 49, 0, 0),
(7626, '47', '3', 'Cerecinos del Carrizal', 49, 0, 0),
(7627, '48', '9', 'Cernadilla', 49, 0, 0),
(7628, '50', '5', 'Cobreros', 49, 0, 0),
(7629, '52', '7', 'Coomonte', 49, 0, 0),
(7630, '53', '3', 'Coreses', 49, 0, 0),
(7631, '54', '8', 'Corrales del Vino', 49, 0, 0),
(7632, '55', '1', 'Cotanes del Monte', 49, 0, 0),
(7633, '56', '4', 'Cubillos', 49, 0, 0),
(7634, '57', '0', 'Cubo de Benavente', 49, 0, 0),
(7635, '58', '6', 'Cubo de Tierra del Vino, El', 49, 0, 0),
(7636, '59', '9', 'Cuelgamures', 49, 0, 0),
(7637, '61', '0', 'Entrala', 49, 0, 0),
(7638, '62', '5', 'Espadañedo', 49, 0, 0),
(7639, '63', '1', 'Faramontanos de Tábara', 49, 0, 0),
(7640, '64', '6', 'Fariza', 49, 0, 0),
(7641, '65', '9', 'Fermoselle', 49, 0, 0),
(7642, '66', '2', 'Ferreras de Abajo', 49, 0, 0),
(7643, '67', '8', 'Ferreras de Arriba', 49, 0, 0),
(7644, '68', '4', 'Ferreruela', 49, 0, 0),
(7645, '69', '7', 'Figueruela de Arriba', 49, 0, 0),
(7646, '71', '8', 'Fonfría', 49, 0, 0),
(7647, '75', '7', 'Fresno de la Polvorosa', 49, 0, 0),
(7648, '76', '0', 'Fresno de la Ribera', 49, 0, 0),
(7649, '77', '6', 'Fresno de Sayago', 49, 0, 0),
(7650, '78', '2', 'Friera de Valverde', 49, 0, 0),
(7651, '79', '5', 'Fuente Encalada', 49, 0, 0),
(7652, '80', '9', 'Fuentelapeña', 49, 0, 0),
(7653, '82', '1', 'Fuentes de Ropel', 49, 0, 0),
(7654, '81', '6', 'Fuentesaúco', 49, 0, 0),
(7655, '83', '7', 'Fuentesecas', 49, 0, 0),
(7656, '84', '2', 'Fuentespreadas', 49, 0, 0),
(7657, '85', '5', 'Galende', 49, 0, 0),
(7658, '86', '8', 'Gallegos del Pan', 49, 0, 0),
(7659, '87', '4', 'Gallegos del Río', 49, 0, 0),
(7660, '88', '0', 'Gamones', 49, 0, 0),
(7661, '90', '7', 'Gema', 49, 0, 0),
(7662, '91', '4', 'Granja de Moreruela', 49, 0, 0),
(7663, '92', '9', 'Granucillo', 49, 0, 0),
(7664, '93', '5', 'Guarrate', 49, 0, 0),
(7665, '94', '0', 'Hermisende', 49, 0, 0),
(7666, '95', '3', 'Hiniesta, La', 49, 0, 0),
(7667, '96', '6', 'Jambrina', 49, 0, 0),
(7668, '97', '2', 'Justel', 49, 0, 0),
(7669, '98', '8', 'Losacino', 49, 0, 0),
(7670, '99', '1', 'Losacio', 49, 0, 0),
(7671, '100', '5', 'Lubián', 49, 0, 0),
(7672, '101', '2', 'Luelmo', 49, 0, 0),
(7673, '102', '7', 'Maderal, El', 49, 0, 0),
(7674, '103', '3', 'Madridanos', 49, 0, 0),
(7675, '104', '8', 'Mahide', 49, 0, 0),
(7676, '105', '1', 'Maire de Castroponce', 49, 0, 0),
(7677, '107', '0', 'Malva', 49, 0, 0),
(7678, '108', '6', 'Manganeses de la Lampreana', 49, 0, 0),
(7679, '109', '9', 'Manganeses de la Polvorosa', 49, 0, 0),
(7680, '110', '3', 'Manzanal de Arriba', 49, 0, 0),
(7681, '112', '5', 'Manzanal de los Infantes', 49, 0, 0),
(7682, '111', '0', 'Manzanal del Barco', 49, 0, 0),
(7683, '113', '1', 'Matilla de Arzón', 49, 0, 0),
(7684, '114', '6', 'Matilla la Seca', 49, 0, 0),
(7685, '115', '9', 'Mayalde', 49, 0, 0),
(7686, '116', '2', 'Melgar de Tera', 49, 0, 0),
(7687, '117', '8', 'Micereces de Tera', 49, 0, 0),
(7688, '118', '4', 'Milles de la Polvorosa', 49, 0, 0),
(7689, '119', '7', 'Molacillos', 49, 0, 0),
(7690, '120', '1', 'Molezuelas de la Carballeda', 49, 0, 0),
(7691, '121', '8', 'Mombuey', 49, 0, 0),
(7692, '122', '3', 'Monfarracinos', 49, 0, 0),
(7693, '123', '9', 'Montamarta', 49, 0, 0),
(7694, '124', '4', 'Moral de Sayago', 49, 0, 0),
(7695, '126', '0', 'Moraleja de Sayago', 49, 0, 0),
(7696, '125', '7', 'Moraleja del Vino', 49, 0, 0),
(7697, '128', '2', 'Morales de Rey', 49, 0, 0),
(7698, '129', '5', 'Morales de Toro', 49, 0, 0),
(7699, '130', '9', 'Morales de Valverde', 49, 0, 0),
(7700, '127', '6', 'Morales del Vino', 49, 0, 0),
(7701, '131', '6', 'Moralina', 49, 0, 0),
(7702, '132', '1', 'Moreruela de los Infanzones', 49, 0, 0),
(7703, '133', '7', 'Moreruela de Tábara', 49, 0, 0),
(7704, '134', '2', 'Muelas de los Caballeros', 49, 0, 0),
(7705, '135', '5', 'Muelas del Pan', 49, 0, 0),
(7706, '136', '8', 'Muga de Sayago', 49, 0, 0),
(7707, '137', '4', 'Navianos de Valverde', 49, 0, 0),
(7708, '138', '0', 'Olmillos de Castro', 49, 0, 0),
(7709, '139', '3', 'Otero de Bodas', 49, 0, 0),
(7710, '141', '4', 'Pajares de la Lampreana', 49, 0, 0),
(7711, '143', '5', 'Palacios de Sanabria', 49, 0, 0),
(7712, '142', '9', 'Palacios del Pan', 49, 0, 0),
(7713, '145', '3', 'Pedralba de la Pradería', 49, 0, 0),
(7714, '146', '6', 'Pego, El', 49, 0, 0),
(7715, '147', '2', 'Peleagonzalo', 49, 0, 0),
(7716, '148', '8', 'Peleas de Abajo', 49, 0, 0),
(7717, '149', '1', 'Peñausende', 49, 0, 0),
(7718, '150', '4', 'Peque', 49, 0, 0),
(7719, '151', '1', 'Perdigón, El', 49, 0, 0),
(7720, '152', '6', 'Pereruela', 49, 0, 0),
(7721, '153', '2', 'Perilla de Castro', 49, 0, 0),
(7722, '154', '7', 'Pías', 49, 0, 0),
(7723, '155', '0', 'Piedrahita de Castro', 49, 0, 0),
(7724, '156', '3', 'Pinilla de Toro', 49, 0, 0),
(7725, '157', '9', 'Pino del Oro', 49, 0, 0),
(7726, '158', '5', 'Piñero, El', 49, 0, 0),
(7727, '160', '2', 'Pobladura de Valderaduey', 49, 0, 0),
(7728, '159', '8', 'Pobladura del Valle', 49, 0, 0),
(7729, '162', '4', 'Porto', 49, 0, 0),
(7730, '163', '0', 'Pozoantiguo', 49, 0, 0),
(7731, '164', '5', 'Pozuelo de Tábara', 49, 0, 0),
(7732, '165', '8', 'Prado', 49, 0, 0),
(7733, '166', '1', 'Puebla de Sanabria', 49, 0, 0),
(7734, '167', '7', 'Pueblica de Valverde', 49, 0, 0),
(7735, '170', '0', 'Quintanilla de Urz', 49, 0, 0),
(7736, '168', '3', 'Quintanilla del Monte', 49, 0, 0),
(7737, '169', '6', 'Quintanilla del Olmo', 49, 0, 0),
(7738, '171', '7', 'Quiruelas de Vidriales', 49, 0, 0),
(7739, '172', '2', 'Rabanales', 49, 0, 0),
(7740, '173', '8', 'Rábano de Aliste', 49, 0, 0),
(7741, '174', '3', 'Requejo', 49, 0, 0),
(7742, '175', '6', 'Revellinos', 49, 0, 0),
(7743, '176', '9', 'Riofrío de Aliste', 49, 0, 0),
(7744, '177', '5', 'Rionegro del Puente', 49, 0, 0),
(7745, '178', '1', 'Roales', 49, 0, 0),
(7746, '179', '4', 'Robleda-Cervantes', 49, 0, 0),
(7747, '180', '8', 'Roelos de Sayago', 49, 0, 0),
(7748, '181', '5', 'Rosinos de la Requejada', 49, 0, 0),
(7749, '183', '6', 'Salce', 49, 0, 0),
(7750, '184', '1', 'Samir de los Caños', 49, 0, 0),
(7751, '185', '4', 'San Agustín del Pozo', 49, 0, 0),
(7752, '186', '7', 'San Cebrián de Castro', 49, 0, 0),
(7753, '187', '3', 'San Cristóbal de Entreviñas', 49, 0, 0),
(7754, '188', '9', 'San Esteban del Molar', 49, 0, 0),
(7755, '189', '2', 'San Justo', 49, 0, 0),
(7756, '190', '6', 'San Martín de Valderaduey', 49, 0, 0),
(7757, '191', '3', 'San Miguel de la Ribera', 49, 0, 0),
(7758, '192', '8', 'San Miguel del Valle', 49, 0, 0),
(7759, '193', '4', 'San Pedro de Ceque', 49, 0, 0),
(7760, '194', '9', 'San Pedro de la Nave-Almendra', 49, 0, 0),
(7761, '208', '5', 'San Vicente de la Cabeza', 49, 0, 0),
(7762, '209', '8', 'San Vitero', 49, 0, 0),
(7763, '197', '1', 'Santa Clara de Avedillo', 49, 0, 0),
(7764, '199', '0', 'Santa Colomba de las Monjas', 49, 0, 0),
(7765, '200', '4', 'Santa Cristina de la Polvorosa', 49, 0, 0),
(7766, '201', '1', 'Santa Croya de Tera', 49, 0, 0),
(7767, '202', '6', 'Santa Eufemia del Barco', 49, 0, 0),
(7768, '203', '2', 'Santa María de la Vega', 49, 0, 0),
(7769, '204', '7', 'Santa María de Valverde', 49, 0, 0),
(7770, '205', '0', 'Santibáñez de Tera', 49, 0, 0),
(7771, '206', '3', 'Santibáñez de Vidriales', 49, 0, 0),
(7772, '207', '9', 'Santovenia', 49, 0, 0),
(7773, '210', '2', 'Sanzoles', 49, 0, 0),
(7774, '214', '5', 'Tábara', 49, 0, 0),
(7775, '216', '1', 'Tapioles', 49, 0, 0),
(7776, '219', '6', 'Toro', 49, 0, 0),
(7777, '220', '0', 'Torre del Valle, La', 49, 0, 0),
(7778, '221', '7', 'Torregamones', 49, 0, 0),
(7779, '222', '2', 'Torres del Carrizal', 49, 0, 0),
(7780, '223', '8', 'Trabazos', 49, 0, 0),
(7781, '224', '3', 'Trefacio', 49, 0, 0),
(7782, '225', '6', 'Uña de Quintana', 49, 0, 0),
(7783, '226', '9', 'Vadillo de la Guareña', 49, 0, 0),
(7784, '227', '5', 'Valcabado', 49, 0, 0),
(7785, '228', '1', 'Valdefinjas', 49, 0, 0),
(7786, '229', '4', 'Valdescorriel', 49, 0, 0),
(7787, '230', '8', 'Vallesa de la Guareña', 49, 0, 0),
(7788, '231', '5', 'Vega de Tera', 49, 0, 0),
(7789, '232', '0', 'Vega de Villalobos', 49, 0, 0),
(7790, '233', '6', 'Vegalatrave', 49, 0, 0),
(7791, '234', '1', 'Venialbo', 49, 0, 0),
(7792, '235', '4', 'Vezdemarbán', 49, 0, 0),
(7793, '236', '7', 'Vidayanes', 49, 0, 0),
(7794, '237', '3', 'Videmala', 49, 0, 0),
(7795, '238', '9', 'Villabrázaro', 49, 0, 0),
(7796, '239', '2', 'Villabuena del Puente', 49, 0, 0),
(7797, '240', '6', 'Villadepera', 49, 0, 0),
(7798, '241', '3', 'Villaescusa', 49, 0, 0),
(7799, '242', '8', 'Villafáfila', 49, 0, 0),
(7800, '243', '4', 'Villaferrueña', 49, 0, 0),
(7801, '244', '9', 'Villageriz', 49, 0, 0),
(7802, '245', '2', 'Villalazán', 49, 0, 0),
(7803, '246', '5', 'Villalba de la Lampreana', 49, 0, 0),
(7804, '247', '1', 'Villalcampo', 49, 0, 0),
(7805, '248', '7', 'Villalobos', 49, 0, 0),
(7806, '249', '0', 'Villalonso', 49, 0, 0),
(7807, '250', '3', 'Villalpando', 49, 0, 0),
(7808, '251', '0', 'Villalube', 49, 0, 0),
(7809, '252', '5', 'Villamayor de Campos', 49, 0, 0),
(7810, '255', '9', 'Villamor de los Escuderos', 49, 0, 0),
(7811, '256', '2', 'Villanázar', 49, 0, 0),
(7812, '257', '8', 'Villanueva de Azoague', 49, 0, 0),
(7813, '258', '4', 'Villanueva de Campeán', 49, 0, 0),
(7814, '259', '7', 'Villanueva de las Peras', 49, 0, 0),
(7815, '260', '1', 'Villanueva del Campo', 49, 0, 0),
(7816, '263', '9', 'Villar de Fallaves', 49, 0, 0),
(7817, '264', '4', 'Villar del Buey', 49, 0, 0),
(7818, '261', '8', 'Villaralbo', 49, 0, 0),
(7819, '262', '3', 'Villardeciervos', 49, 0, 0),
(7820, '265', '7', 'Villardiegua de la Ribera', 49, 0, 0),
(7821, '266', '0', 'Villárdiga', 49, 0, 0),
(7822, '267', '6', 'Villardondiego', 49, 0, 0),
(7823, '268', '2', 'Villarrín de Campos', 49, 0, 0),
(7824, '269', '5', 'Villaseco del Pan', 49, 0, 0),
(7825, '270', '9', 'Villavendimio', 49, 0, 0),
(7826, '272', '1', 'Villaveza de Valverde', 49, 0, 0),
(7827, '271', '6', 'Villaveza del Agua', 49, 0, 0),
(7828, '273', '7', 'Viñas', 49, 0, 0),
(7829, '275', '5', 'Zamora', 49, 0, 0),
(7830, '1', '6', 'Abanto', 50, 0, 0),
(7831, '2', '1', 'Acered', 50, 0, 0),
(7832, '3', '7', 'Agón', 50, 0, 0),
(7833, '4', '2', 'Aguarón', 50, 0, 0),
(7834, '5', '5', 'Aguilón', 50, 0, 0),
(7835, '6', '8', 'Ainzón', 50, 0, 0),
(7836, '7', '4', 'Aladrén', 50, 0, 0),
(7837, '8', '0', 'Alagón', 50, 0, 0),
(7838, '9', '3', 'Alarba', 50, 0, 0),
(7839, '10', '7', 'Alberite de San Juan', 50, 0, 0),
(7840, '11', '4', 'Albeta', 50, 0, 0),
(7841, '12', '9', 'Alborge', 50, 0, 0),
(7842, '13', '5', 'Alcalá de Ebro', 50, 0, 0),
(7843, '14', '0', 'Alcalá de Moncayo', 50, 0, 0),
(7844, '15', '3', 'Alconchel de Ariza', 50, 0, 0),
(7845, '16', '6', 'Aldehuela de Liestos', 50, 0, 0),
(7846, '17', '2', 'Alfajarín', 50, 0, 0),
(7847, '18', '8', 'Alfamén', 50, 0, 0),
(7848, '19', '1', 'Alforque', 50, 0, 0),
(7849, '20', '5', 'Alhama de Aragón', 50, 0, 0),
(7850, '21', '2', 'Almochuel', 50, 0, 0),
(7851, '22', '7', 'Almolda, La', 50, 0, 0),
(7852, '23', '3', 'Almonacid de la Cuba', 50, 0, 0),
(7853, '24', '8', 'Almonacid de la Sierra', 50, 0, 0),
(7854, '25', '1', 'Almunia de Doña Godina, La', 50, 0, 0),
(7855, '26', '4', 'Alpartir', 50, 0, 0),
(7856, '27', '0', 'Ambel', 50, 0, 0),
(7857, '28', '6', 'Anento', 50, 0, 0),
(7858, '29', '9', 'Aniñón', 50, 0, 0),
(7859, '30', '3', 'Añón de Moncayo', 50, 0, 0),
(7860, '31', '0', 'Aranda de Moncayo', 50, 0, 0),
(7861, '32', '5', 'Arándiga', 50, 0, 0),
(7862, '33', '1', 'Ardisa', 50, 0, 0),
(7863, '34', '6', 'Ariza', 50, 0, 0),
(7864, '35', '9', 'Artieda', 50, 0, 0),
(7865, '36', '2', 'Asín', 50, 0, 0),
(7866, '37', '8', 'Atea', 50, 0, 0),
(7867, '38', '4', 'Ateca', 50, 0, 0),
(7868, '39', '7', 'Azuara', 50, 0, 0),
(7869, '40', '1', 'Badules', 50, 0, 0),
(7870, '41', '8', 'Bagüés', 50, 0, 0),
(7871, '42', '3', 'Balconchán', 50, 0, 0),
(7872, '43', '9', 'Bárboles', 50, 0, 0),
(7873, '44', '4', 'Bardallur', 50, 0, 0),
(7874, '45', '7', 'Belchite', 50, 0, 0),
(7875, '46', '0', 'Belmonte de Gracián', 50, 0, 0),
(7876, '47', '6', 'Berdejo', 50, 0, 0),
(7877, '48', '2', 'Berrueco', 50, 0, 0),
(7878, '901', '7', 'Biel', 50, 0, 0),
(7879, '50', '8', 'Bijuesca', 50, 0, 0),
(7880, '51', '5', 'Biota', 50, 0, 0),
(7881, '52', '0', 'Bisimbre', 50, 0, 0),
(7882, '53', '6', 'Boquiñeni', 50, 0, 0),
(7883, '54', '1', 'Bordalba', 50, 0, 0),
(7884, '55', '4', 'Borja', 50, 0, 0),
(7885, '56', '7', 'Botorrita', 50, 0, 0),
(7886, '57', '3', 'Brea de Aragón', 50, 0, 0),
(7887, '58', '9', 'Bubierca', 50, 0, 0),
(7888, '59', '2', 'Bujaraloz', 50, 0, 0),
(7889, '60', '6', 'Bulbuente', 50, 0, 0),
(7890, '61', '3', 'Bureta', 50, 0, 0),
(7891, '62', '8', 'Burgo de Ebro, El', 50, 0, 0),
(7892, '63', '4', 'Buste, El', 50, 0, 0),
(7893, '64', '9', 'Cabañas de Ebro', 50, 0, 0),
(7894, '65', '2', 'Cabolafuente', 50, 0, 0),
(7895, '66', '5', 'Cadrete', 50, 0, 0),
(7896, '67', '1', 'Calatayud', 50, 0, 0),
(7897, '68', '7', 'Calatorao', 50, 0, 0),
(7898, '69', '0', 'Calcena', 50, 0, 0),
(7899, '70', '4', 'Calmarza', 50, 0, 0),
(7900, '71', '1', 'Campillo de Aragón', 50, 0, 0),
(7901, '72', '6', 'Carenas', 50, 0, 0),
(7902, '73', '2', 'Cariñena', 50, 0, 0),
(7903, '74', '7', 'Caspe', 50, 0, 0),
(7904, '75', '0', 'Castejón de Alarba', 50, 0, 0),
(7905, '76', '3', 'Castejón de las Armas', 50, 0, 0),
(7906, '77', '9', 'Castejón de Valdejasa', 50, 0, 0),
(7907, '78', '5', 'Castiliscar', 50, 0, 0),
(7908, '79', '8', 'Cervera de la Cañada', 50, 0, 0),
(7909, '80', '2', 'Cerveruela', 50, 0, 0),
(7910, '81', '9', 'Cetina', 50, 0, 0),
(7911, '92', '2', 'Chiprana', 50, 0, 0),
(7912, '93', '8', 'Chodes', 50, 0, 0),
(7913, '82', '4', 'Cimballa', 50, 0, 0),
(7914, '83', '0', 'Cinco Olivas', 50, 0, 0),
(7915, '84', '5', 'Clarés de Ribota', 50, 0, 0),
(7916, '85', '8', 'Codo', 50, 0, 0),
(7917, '86', '1', 'Codos', 50, 0, 0),
(7918, '87', '7', 'Contamina', 50, 0, 0),
(7919, '88', '3', 'Cosuenda', 50, 0, 0),
(7920, '89', '6', 'Cuarte de Huerva', 50, 0, 0),
(7921, '90', '0', 'Cubel', 50, 0, 0),
(7922, '91', '7', 'Cuerlas, Las', 50, 0, 0),
(7923, '94', '3', 'Daroca', 50, 0, 0),
(7924, '95', '6', 'Ejea de los Caballeros', 50, 0, 0),
(7925, '96', '9', 'Embid de Ariza', 50, 0, 0),
(7926, '98', '1', 'Encinacorba', 50, 0, 0),
(7927, '99', '4', 'Épila', 50, 0, 0),
(7928, '100', '8', 'Erla', 50, 0, 0),
(7929, '101', '5', 'Escatrón', 50, 0, 0),
(7930, '102', '0', 'Fabara', 50, 0, 0),
(7931, '104', '1', 'Farlete', 50, 0, 0),
(7932, '105', '4', 'Fayón', 50, 0, 0),
(7933, '106', '7', 'Fayos, Los', 50, 0, 0),
(7934, '107', '3', 'Figueruelas', 50, 0, 0),
(7935, '108', '9', 'Fombuena', 50, 0, 0),
(7936, '109', '2', 'Frago, El', 50, 0, 0),
(7937, '110', '6', 'Frasno, El', 50, 0, 0),
(7938, '111', '3', 'Fréscano', 50, 0, 0),
(7939, '113', '4', 'Fuendejalón', 50, 0, 0),
(7940, '114', '9', 'Fuendetodos', 50, 0, 0),
(7941, '115', '2', 'Fuentes de Ebro', 50, 0, 0),
(7942, '116', '5', 'Fuentes de Jiloca', 50, 0, 0),
(7943, '117', '1', 'Gallocanta', 50, 0, 0),
(7944, '118', '7', 'Gallur', 50, 0, 0),
(7945, '119', '0', 'Gelsa', 50, 0, 0),
(7946, '120', '4', 'Godojos', 50, 0, 0),
(7947, '121', '1', 'Gotor', 50, 0, 0),
(7948, '122', '6', 'Grisel', 50, 0, 0),
(7949, '123', '2', 'Grisén', 50, 0, 0),
(7950, '124', '7', 'Herrera de los Navarros', 50, 0, 0),
(7951, '125', '0', 'Ibdes', 50, 0, 0),
(7952, '126', '3', 'Illueca', 50, 0, 0),
(7953, '128', '5', 'Isuerre', 50, 0, 0),
(7954, '129', '8', 'Jaraba', 50, 0, 0),
(7955, '130', '2', 'Jarque', 50, 0, 0),
(7956, '131', '9', 'Jaulín', 50, 0, 0),
(7957, '132', '4', 'Joyosa, La', 50, 0, 0),
(7958, '133', '0', 'Lagata', 50, 0, 0),
(7959, '134', '5', 'Langa del Castillo', 50, 0, 0),
(7960, '135', '8', 'Layana', 50, 0, 0),
(7961, '136', '1', 'Lécera', 50, 0, 0),
(7962, '138', '3', 'Lechón', 50, 0, 0),
(7963, '137', '7', 'Leciñena', 50, 0, 0),
(7964, '139', '6', 'Letux', 50, 0, 0),
(7965, '140', '0', 'Litago', 50, 0, 0),
(7966, '141', '7', 'Lituénigo', 50, 0, 0),
(7967, '142', '2', 'Lobera de Onsella', 50, 0, 0),
(7968, '143', '8', 'Longares', 50, 0, 0),
(7969, '144', '3', 'Longás', 50, 0, 0),
(7970, '146', '9', 'Lucena de Jalón', 50, 0, 0),
(7971, '147', '5', 'Luceni', 50, 0, 0),
(7972, '148', '1', 'Luesia', 50, 0, 0),
(7973, '149', '4', 'Luesma', 50, 0, 0),
(7974, '150', '7', 'Lumpiaque', 50, 0, 0),
(7975, '151', '4', 'Luna', 50, 0, 0),
(7976, '152', '9', 'Maella', 50, 0, 0),
(7977, '153', '5', 'Magallón', 50, 0, 0),
(7978, '154', '0', 'Mainar', 50, 0, 0),
(7979, '155', '3', 'Malanquilla', 50, 0, 0),
(7980, '156', '6', 'Maleján', 50, 0, 0),
(7981, '160', '5', 'Mallén', 50, 0, 0),
(7982, '157', '2', 'Malón', 50, 0, 0),
(7983, '159', '1', 'Maluenda', 50, 0, 0),
(7984, '161', '2', 'Manchones', 50, 0, 0),
(7985, '162', '7', 'Mara', 50, 0, 0),
(7986, '163', '3', 'María de Huerva', 50, 0, 0),
(7987, '902', '2', 'Marracos', 50, 0, 0),
(7988, '164', '8', 'Mediana de Aragón', 50, 0, 0),
(7989, '165', '1', 'Mequinenza', 50, 0, 0);
INSERT INTO `poblaciones` (`id`, `codigo`, `cp`, `poblacion`, `provincia_id`, `activa`, `defecto`) VALUES
(7990, '166', '4', 'Mesones de Isuela', 50, 0, 0),
(7991, '167', '0', 'Mezalocha', 50, 0, 0),
(7992, '168', '6', 'Mianos', 50, 0, 0),
(7993, '169', '9', 'Miedes de Aragón', 50, 0, 0),
(7994, '170', '3', 'Monegrillo', 50, 0, 0),
(7995, '171', '0', 'Moneva', 50, 0, 0),
(7996, '172', '5', 'Monreal de Ariza', 50, 0, 0),
(7997, '173', '1', 'Monterde', 50, 0, 0),
(7998, '174', '6', 'Montón', 50, 0, 0),
(7999, '175', '9', 'Morata de Jalón', 50, 0, 0),
(8000, '176', '2', 'Morata de Jiloca', 50, 0, 0),
(8001, '177', '8', 'Morés', 50, 0, 0),
(8002, '178', '4', 'Moros', 50, 0, 0),
(8003, '179', '7', 'Moyuela', 50, 0, 0),
(8004, '180', '1', 'Mozota', 50, 0, 0),
(8005, '181', '8', 'Muel', 50, 0, 0),
(8006, '182', '3', 'Muela, La', 50, 0, 0),
(8007, '183', '9', 'Munébrega', 50, 0, 0),
(8008, '184', '4', 'Murero', 50, 0, 0),
(8009, '185', '7', 'Murillo de Gállego', 50, 0, 0),
(8010, '186', '0', 'Navardún', 50, 0, 0),
(8011, '187', '6', 'Nigüella', 50, 0, 0),
(8012, '188', '2', 'Nombrevilla', 50, 0, 0),
(8013, '189', '5', 'Nonaspe', 50, 0, 0),
(8014, '190', '9', 'Novallas', 50, 0, 0),
(8015, '191', '6', 'Novillas', 50, 0, 0),
(8016, '192', '1', 'Nuévalos', 50, 0, 0),
(8017, '193', '7', 'Nuez de Ebro', 50, 0, 0),
(8018, '194', '2', 'Olvés', 50, 0, 0),
(8019, '195', '5', 'Orcajo', 50, 0, 0),
(8020, '196', '8', 'Orera', 50, 0, 0),
(8021, '197', '4', 'Orés', 50, 0, 0),
(8022, '198', '0', 'Oseja', 50, 0, 0),
(8023, '199', '3', 'Osera de Ebro', 50, 0, 0),
(8024, '200', '7', 'Paniza', 50, 0, 0),
(8025, '201', '4', 'Paracuellos de Jiloca', 50, 0, 0),
(8026, '202', '9', 'Paracuellos de la Ribera', 50, 0, 0),
(8027, '203', '5', 'Pastriz', 50, 0, 0),
(8028, '204', '0', 'Pedrola', 50, 0, 0),
(8029, '205', '3', 'Pedrosas, Las', 50, 0, 0),
(8030, '206', '6', 'Perdiguera', 50, 0, 0),
(8031, '207', '2', 'Piedratajada', 50, 0, 0),
(8032, '208', '8', 'Pina de Ebro', 50, 0, 0),
(8033, '209', '1', 'Pinseque', 50, 0, 0),
(8034, '210', '5', 'Pintanos, Los', 50, 0, 0),
(8035, '211', '2', 'Plasencia de Jalón', 50, 0, 0),
(8036, '212', '7', 'Pleitas', 50, 0, 0),
(8037, '213', '3', 'Plenas', 50, 0, 0),
(8038, '214', '8', 'Pomer', 50, 0, 0),
(8039, '215', '1', 'Pozuel de Ariza', 50, 0, 0),
(8040, '216', '4', 'Pozuelo de Aragón', 50, 0, 0),
(8041, '217', '0', 'Pradilla de Ebro', 50, 0, 0),
(8042, '218', '6', 'Puebla de Albortón', 50, 0, 0),
(8043, '219', '9', 'Puebla de Alfindén, La', 50, 0, 0),
(8044, '220', '3', 'Puendeluna', 50, 0, 0),
(8045, '221', '0', 'Purujosa', 50, 0, 0),
(8046, '222', '5', 'Quinto', 50, 0, 0),
(8047, '223', '1', 'Remolinos', 50, 0, 0),
(8048, '224', '6', 'Retascón', 50, 0, 0),
(8049, '225', '9', 'Ricla', 50, 0, 0),
(8050, '227', '8', 'Romanos', 50, 0, 0),
(8051, '228', '4', 'Rueda de Jalón', 50, 0, 0),
(8052, '229', '7', 'Ruesca', 50, 0, 0),
(8053, '241', '6', 'Sabiñán', 50, 0, 0),
(8054, '230', '1', 'Sádaba', 50, 0, 0),
(8055, '231', '8', 'Salillas de Jalón', 50, 0, 0),
(8056, '232', '3', 'Salvatierra de Esca', 50, 0, 0),
(8057, '233', '9', 'Samper del Salz', 50, 0, 0),
(8058, '234', '4', 'San Martín de la Virgen de Moncayo', 50, 0, 0),
(8059, '235', '7', 'San Mateo de Gállego', 50, 0, 0),
(8060, '236', '0', 'Santa Cruz de Grío', 50, 0, 0),
(8061, '237', '6', 'Santa Cruz de Moncayo', 50, 0, 0),
(8062, '238', '2', 'Santa Eulalia de Gállego', 50, 0, 0),
(8063, '239', '5', 'Santed', 50, 0, 0),
(8064, '240', '9', 'Sástago', 50, 0, 0),
(8065, '242', '1', 'Sediles', 50, 0, 0),
(8066, '243', '7', 'Sestrica', 50, 0, 0),
(8067, '244', '2', 'Sierra de Luna', 50, 0, 0),
(8068, '245', '5', 'Sigüés', 50, 0, 0),
(8069, '246', '8', 'Sisamón', 50, 0, 0),
(8070, '247', '4', 'Sobradiel', 50, 0, 0),
(8071, '248', '0', 'Sos del Rey Católico', 50, 0, 0),
(8072, '249', '3', 'Tabuenca', 50, 0, 0),
(8073, '250', '6', 'Talamantes', 50, 0, 0),
(8074, '251', '3', 'Tarazona', 50, 0, 0),
(8075, '252', '8', 'Tauste', 50, 0, 0),
(8076, '253', '4', 'Terrer', 50, 0, 0),
(8077, '254', '9', 'Tierga', 50, 0, 0),
(8078, '255', '2', 'Tobed', 50, 0, 0),
(8079, '256', '5', 'Torralba de los Frailes', 50, 0, 0),
(8080, '257', '1', 'Torralba de Ribota', 50, 0, 0),
(8081, '258', '7', 'Torralbilla', 50, 0, 0),
(8082, '259', '0', 'Torrehermosa', 50, 0, 0),
(8083, '260', '4', 'Torrelapaja', 50, 0, 0),
(8084, '261', '1', 'Torrellas', 50, 0, 0),
(8085, '262', '6', 'Torres de Berrellén', 50, 0, 0),
(8086, '263', '2', 'Torrijo de la Cañada', 50, 0, 0),
(8087, '264', '7', 'Tosos', 50, 0, 0),
(8088, '265', '0', 'Trasmoz', 50, 0, 0),
(8089, '266', '3', 'Trasobares', 50, 0, 0),
(8090, '267', '9', 'Uncastillo', 50, 0, 0),
(8091, '268', '5', 'Undués de Lerda', 50, 0, 0),
(8092, '269', '8', 'Urrea de Jalón', 50, 0, 0),
(8093, '270', '2', 'Urriés', 50, 0, 0),
(8094, '271', '9', 'Used', 50, 0, 0),
(8095, '272', '4', 'Utebo', 50, 0, 0),
(8096, '274', '5', 'Val de San Martín', 50, 0, 0),
(8097, '273', '0', 'Valdehorna', 50, 0, 0),
(8098, '275', '8', 'Valmadrid', 50, 0, 0),
(8099, '276', '1', 'Valpalmas', 50, 0, 0),
(8100, '277', '7', 'Valtorres', 50, 0, 0),
(8101, '278', '3', 'Velilla de Ebro', 50, 0, 0),
(8102, '279', '6', 'Velilla de Jiloca', 50, 0, 0),
(8103, '280', '0', 'Vera de Moncayo', 50, 0, 0),
(8104, '281', '7', 'Vierlas', 50, 0, 0),
(8105, '283', '8', 'Villadoz', 50, 0, 0),
(8106, '284', '3', 'Villafeliche', 50, 0, 0),
(8107, '285', '6', 'Villafranca de Ebro', 50, 0, 0),
(8108, '286', '9', 'Villalba de Perejil', 50, 0, 0),
(8109, '287', '5', 'Villalengua', 50, 0, 0),
(8110, '903', '8', 'Villamayor de Gállego', 50, 0, 0),
(8111, '288', '1', 'Villanueva de Gállego', 50, 0, 0),
(8112, '290', '8', 'Villanueva de Huerva', 50, 0, 0),
(8113, '289', '4', 'Villanueva de Jiloca', 50, 0, 0),
(8114, '291', '5', 'Villar de los Navarros', 50, 0, 0),
(8115, '292', '0', 'Villarreal de Huerva', 50, 0, 0),
(8116, '293', '6', 'Villarroya de la Sierra', 50, 0, 0),
(8117, '294', '1', 'Villarroya del Campo', 50, 0, 0),
(8118, '282', '2', 'Vilueña, La', 50, 0, 0),
(8119, '295', '4', 'Vistabella', 50, 0, 0),
(8120, '296', '7', 'Zaida, La', 50, 0, 0),
(8121, '297', '3', 'Zaragoza', 50, 0, 0),
(8122, '298', '9', 'Zuera', 50, 0, 0),
(8123, '1', '3', 'Ceuta', 51, 0, 0),
(8124, '1', '8', 'Melilla', 52, 0, 0);

-- --------------------------------------------------------

--
-- Estructura de tabla para la tabla `poblaciones_zonas`
--

DROP TABLE IF EXISTS `poblaciones_zonas`;
CREATE TABLE IF NOT EXISTS `poblaciones_zonas` (
  `id` int(11) unsigned NOT NULL AUTO_INCREMENT,
  `poblacion_id` int(11) unsigned NOT NULL,
  `nombre` varchar(200) NOT NULL,
  PRIMARY KEY (`id`),
  KEY `FK_poblaciones_zonas_poblacion_id` (`poblacion_id`)
) ENGINE=InnoDB  DEFAULT CHARSET=utf8 AUTO_INCREMENT=7 ;

--
-- Volcado de datos para la tabla `poblaciones_zonas`
--

INSERT INTO `poblaciones_zonas` (`id`, `poblacion_id`, `nombre`) VALUES
(1, 280, 'centro'),
(2, 280, 'sur'),
(3, 292, 'Centro'),
(4, 292, 'Zapillo'),
(5, 292, 'Piedras Redondas'),
(6, 1780, 'Centro');

-- --------------------------------------------------------

--
-- Estructura de tabla para la tabla `provincias`
--

DROP TABLE IF EXISTS `provincias`;
CREATE TABLE IF NOT EXISTS `provincias` (
  `id` int(11) unsigned NOT NULL AUTO_INCREMENT,
  `provincia` varchar(255) NOT NULL,
  `comunidad_autonoma_id` int(11) unsigned NOT NULL,
  `activa` int(1) NOT NULL DEFAULT '0',
  PRIMARY KEY (`id`),
  KEY `FK_provincias_comunidad_autonoma_id` (`comunidad_autonoma_id`)
) ENGINE=InnoDB  DEFAULT CHARSET=utf8 AUTO_INCREMENT=53 ;

--
-- Volcado de datos para la tabla `provincias`
--

INSERT INTO `provincias` (`id`, `provincia`, `comunidad_autonoma_id`, `activa`) VALUES
(1, 'Alava', 17, 0),
(2, 'Albacete', 5, 0),
(3, 'Alicante', 9, 0),
(4, 'Almería', 1, 1),
(5, 'Avila', 4, 0),
(6, 'Badajoz', 10, 0),
(7, 'Baleares', 12, 0),
(8, 'Barcelona', 6, 0),
(9, 'Burgos', 4, 0),
(10, 'Cáceres', 10, 0),
(11, 'Cádiz', 1, 1),
(12, 'Castellón', 9, 0),
(13, 'Ciudad Real', 5, 0),
(14, 'Córdoba', 1, 0),
(15, 'A Coruña', 11, 0),
(16, 'Cuenca', 5, 0),
(17, 'Girona', 6, 0),
(18, 'Granada', 1, 0),
(19, 'Guadalajara', 5, 0),
(20, 'Guipúzcoa', 17, 0),
(21, 'Huelva', 1, 0),
(22, 'Huesca', 2, 0),
(23, 'Jaén', 1, 0),
(24, 'León', 4, 0),
(25, 'Lleida', 6, 0),
(26, 'La Rioja', 14, 0),
(27, 'Lugo', 11, 0),
(28, 'Madrid', 8, 0),
(29, 'Málaga', 1, 0),
(30, 'Murcia', 19, 1),
(31, 'Navarra', 16, 0),
(32, 'Ourense', 11, 0),
(33, 'Asturias', 18, 0),
(34, 'Palencia', 4, 0),
(35, 'Las Palmas', 13, 0),
(36, 'Pontevedra', 11, 0),
(37, 'Salamanca', 4, 0),
(38, 'Santa Cruz de Tenerife', 13, 0),
(39, 'Cantabria', 3, 0),
(40, 'Segovia', 4, 0),
(41, 'Sevilla', 1, 0),
(42, 'Soria', 4, 0),
(43, 'Tarragona', 6, 0),
(44, 'Teruel', 2, 0),
(45, 'Toledo', 5, 0),
(46, 'Valencia', 9, 0),
(47, 'Valladolid', 4, 0),
(48, 'Vizcaya', 17, 0),
(49, 'Zamora', 4, 0),
(50, 'Zaragoza', 2, 0),
(51, 'Ceuta', 7, 0),
(52, 'Melilla', 15, 0);

-- --------------------------------------------------------

--
-- Estructura de tabla para la tabla `seccion`
--

DROP TABLE IF EXISTS `seccion`;
CREATE TABLE IF NOT EXISTS `seccion` (
  `id` int(3) unsigned NOT NULL AUTO_INCREMENT,
  `prioridad` int(2) unsigned NOT NULL,
  `background` varchar(10) DEFAULT NULL,
  `menu` tinyint(1) DEFAULT '0',
  `footer` tinyint(1) DEFAULT '0',
  `desplegable` tinyint(1) DEFAULT '0',
  `id_estado` int(10) unsigned NOT NULL,
  `tipo_seccion` int(10) unsigned NOT NULL DEFAULT '2' COMMENT '1 automático, 2 manual',
  `id_super_seccion` int(10) unsigned NOT NULL,
  PRIMARY KEY (`id`)
) ENGINE=InnoDB  DEFAULT CHARSET=utf8 AUTO_INCREMENT=7 ;

--
-- Volcado de datos para la tabla `seccion`
--

INSERT INTO `seccion` (`id`, `prioridad`, `background`, `menu`, `footer`, `desplegable`, `id_estado`, `tipo_seccion`, `id_super_seccion`) VALUES
(1, 2, NULL, 1, 0, 0, 1, 2, 0),
(3, 3, NULL, 1, 1, 0, 1, 2, 0),
(5, 1, NULL, 1, 1, 0, 1, 4, 0),
(6, 4, NULL, 0, 1, 0, 1, 2, 0);

-- --------------------------------------------------------

--
-- Estructura de tabla para la tabla `seccion_idiomas`
--

DROP TABLE IF EXISTS `seccion_idiomas`;
CREATE TABLE IF NOT EXISTS `seccion_idiomas` (
  `id_seccion_idiomas` int(11) unsigned NOT NULL AUTO_INCREMENT,
  `titulo` varchar(70) NOT NULL,
  `url_seo` varchar(50) NOT NULL,
  `descripcion_seo` varchar(150) NOT NULL,
  `titulo_seo` varchar(70) NOT NULL,
  `keyword_seo` text NOT NULL,
  `id_seccion` int(3) unsigned NOT NULL,
  `id_idioma` int(11) unsigned NOT NULL,
  PRIMARY KEY (`id_seccion_idiomas`),
  UNIQUE KEY `url_seo` (`url_seo`)
) ENGINE=InnoDB  DEFAULT CHARSET=utf8 AUTO_INCREMENT=32 ;

--
-- Volcado de datos para la tabla `seccion_idiomas`
--

INSERT INTO `seccion_idiomas` (`id_seccion_idiomas`, `titulo`, `url_seo`, `descripcion_seo`, `titulo_seo`, `keyword_seo`, `id_seccion`, `id_idioma`) VALUES
(1, 'INICIO', 'inicio', 'OpenRS', 'Inicio - OpenRS', 'inicio, portada, openrs', 1, 1),
(3, 'NOSOTROS', 'nosotros', 'Conozca a los profesionales en nutrición de Nuteco', 'Nosotros - Nuteco', 'quienes somos, conocenos, equipo, nuteco, nutricion', 3, 1),
(5, '¿HABLAMOS?', 'hablamos', 'Hablamos - Alcázar Catering', 'Hablamos', 'contacto, hablamos, alcazar, catering', 5, 1),
(6, 'AVISO LEGAL', 'aviso-legal', 'Aviso legal Alcázar Catering', 'Aviso legal - Alcázar Catering', 'aviso legal, alcazar catering', 6, 1),
(31, 'Home', 'home', 'home', 'home', 'home', 1, 53);

-- --------------------------------------------------------

--
-- Estructura de tabla para la tabla `texto`
--

DROP TABLE IF EXISTS `texto`;
CREATE TABLE IF NOT EXISTS `texto` (
  `id` int(10) unsigned NOT NULL AUTO_INCREMENT,
  `id_bloque` int(10) unsigned NOT NULL,
  PRIMARY KEY (`id`)
) ENGINE=InnoDB  DEFAULT CHARSET=utf8 AUTO_INCREMENT=82 ;

--
-- Volcado de datos para la tabla `texto`
--

INSERT INTO `texto` (`id`, `id_bloque`) VALUES
(24, 82),
(30, 88),
(53, 117),
(54, 118),
(56, 122),
(70, 150),
(80, 161),
(81, 162);

-- --------------------------------------------------------

--
-- Estructura de tabla para la tabla `texto_idiomas`
--

DROP TABLE IF EXISTS `texto_idiomas`;
CREATE TABLE IF NOT EXISTS `texto_idiomas` (
  `id_texto_idiomas` int(11) unsigned NOT NULL AUTO_INCREMENT,
  `id_bloque` int(10) unsigned NOT NULL,
  `contenido` text CHARACTER SET latin1 NOT NULL,
  `id_idioma` int(11) unsigned NOT NULL,
  `id_texto` int(10) unsigned NOT NULL,
  PRIMARY KEY (`id_texto_idiomas`)
) ENGINE=InnoDB  DEFAULT CHARSET=utf8 AUTO_INCREMENT=65 ;

--
-- Volcado de datos para la tabla `texto_idiomas`
--

INSERT INTO `texto_idiomas` (`id_texto_idiomas`, `id_bloque`, `contenido`, `id_idioma`, `id_texto`) VALUES
(24, 82, '<p><iframe src="https://www.google.com/maps/embed?pb=!1m14!1m8!1m3!1d3199.7689604944653!2d-6.1582849!3d36.6800557!3m2!1i1024!2i768!4f13.1!3m3!1m2!1s0xd0dc42428f66f1f%3A0xacef728fa62bae62!2sCalle+de+la+Algaida%2C+26%2C+11408+Jerez+de+la+Frontera%2C+C%C3%A1diz!5e0!3m2!1ses!2ses!4v1441012701026" width="800" style="border:0"></iframe></p>', 1, 24),
(30, 88, '<h2>Datos identificativos</h2>\r\n\r\n<p>En cumplimiento con el deber de informaci&oacute;n recogido en el art&iacute;culo 10 de la Ley 34/2002, de 11 de julio, de Servicios de la Sociedad de la Informaci&oacute;n y del Comercio Electr&oacute;nico (LSSICE), se exponen a continuaci&oacute;n los datos identificativos de la empresa: la empresa titular de www.annaisevents.com es ANNAIS EVENTS S.L.U. (en adelante ANNAIS EVENTS). Correo electr&oacute;nico de contacto: info@annaisevents.com.</p>\r\n\r\n<h3>Usuario</h3>\r\n\r\n<p>El acceso y/o uso de este portal de www.annaisevents.com atribuye la condici&oacute;n de USUARIO, que acepta, desde dicho acceso y/o uso, las Condiciones Generales de Uso aqu&iacute; reflejadas. Las citadas Condiciones ser&aacute;n de aplicaci&oacute;n independientemente de las Condiciones Generales de Contrataci&oacute;n que en su caso resulten de obligado cumplimiento.</p>\r\n\r\n<h3>Uso del portal</h3>\r\n\r\n<p>www.annaisevents.com proporciona el acceso a multitud de informaciones, servicios, programas o datos (en adelante, &quot;los contenidos&quot;) en Internet pertenecientes a ANNAIS EVENTS o a sus licenciantes a los que el USUARIO pueda tener acceso. El USUARIO asume la responsabilidad del uso del portal. Dicha responsabilidad se extiende al registro que fuese necesario para acceder a determinados servicios o contenidos. En dicho registro el USUARIO ser&aacute; responsable de aportar informaci&oacute;n veraz y l&iacute;cita. Como consecuencia de este registro, al USUARIO se le puede proporcionar una contrase&ntilde;a de la que ser&aacute; responsable, comprometi&eacute;ndose a hacer un uso diligente y confidencial de la misma. El USUARIO se compromete a hacer un uso adecuado de los contenidos y servicios (como por ejemplo servicios de chat, foros de discusi&oacute;n o grupos de noticias) que ANNAIS EVENTS ofrece a trav&eacute;s de su portal y con car&aacute;cter enunciativo pero no limitativo, a no emplearlos para (I) incurrir en actividades il&iacute;citas, ilegales o contrarias a la buena fe y al orden p&uacute;blico; (II) difundir contenidos o propaganda de car&aacute;cter racista, xen&oacute;fobo, pornogr&aacute;fico-ilegal, de apolog&iacute;a del terrorismo o atentatorio contra los derechos humanos; (III) provocar da&ntilde;os en los sistemas f&iacute;sicos y l&oacute;gicos de ANNAIS EVENTS, de sus proveedores o de terceras personas, introducir o difundir en la red virus inform&aacute;ticos o cualesquiera otros sistemas f&iacute;sicos o l&oacute;gicos que sean susceptibles de provocar los da&ntilde;os anteriormente mencionados; (IV) intentar acceder y, en su caso, utilizar las cuentas de correo electr&oacute;nico de otros usuarios y modificar o manipular sus mensajes. ANNAIS EVENTS se reserva el derecho de retirar todos aquellos comentarios y aportaciones que vulneren el respeto a la dignidad de la persona, que sean discriminatorios, xen&oacute;fobos, racistas, pornogr&aacute;ficos, que atenten contra la juventud o la infancia, el orden o la seguridad p&uacute;blica o que, a su juicio, no resultaran adecuados para su publicaci&oacute;n. En cualquier caso, ANNAIS EVENTS no ser&aacute; responsable de las opiniones vertidas por los usuarios a trav&eacute;s de los foros, chats, u otras herramientas de participaci&oacute;n.</p>\r\n\r\n<h3>Propiedad intelectual e industrial</h3>\r\n\r\n<p>ANNAIS EVENTS, por s&iacute; o como cesionaria, es titular de todos los derechos de propiedad intelectual e industrial de su p&aacute;gina web, as&iacute; como de los elementos contenidos en la misma (a t&iacute;tulo enunciativo, im&aacute;genes, sonido, audio, v&iacute;deo, software o textos; marcas o logotipos, combinaciones de colores, estructura y dise&ntilde;o, selecci&oacute;n de materiales usados, programas de ordenador necesarios para su funcionamiento, acceso y uso, etc.), titularidad de ANNAIS EVENTS o bien de sus licenciantes. Todos los derechos reservados. En virtud de lo dispuesto en los art&iacute;culos 8 y 32.1, p&aacute;rrafo segundo, de la Ley de Propiedad Intelectual, quedan expresamente prohibidas la reproducci&oacute;n, la distribuci&oacute;n y la comunicaci&oacute;n p&uacute;blica, incluida su modalidad de puesta a disposici&oacute;n, de la totalidad o parte de los contenidos de esta p&aacute;gina web, con fines comerciales, en cualquier soporte y por cualquier medio t&eacute;cnico, sin la autorizaci&oacute;n de ANNAIS EVENTS. El USUARIO se compromete a respetar los derechos de Propiedad Intelectual e Industrial titularidad de ANNAIS EVENTS. Podr&aacute; visualizar los elementos del portal e incluso imprimirlos, copiarlos y almacenarlos en el disco duro de su ordenador o en cualquier otro soporte f&iacute;sico siempre y cuando sea, &uacute;nica y exclusivamente, para su uso personal y privado. El USUARIO deber&aacute; abstenerse de suprimir, alterar, eludir o manipular cualquier dispositivo de protecci&oacute;n o sistema de seguridad que estuviera instalado en el las p&aacute;ginas de ANNAIS EVENTS.</p>\r\n\r\n<h3>Ley de protecci&oacute;n de datos</h3>\r\n\r\n<p>En cumplimiento de la Ley Org&aacute;nica 15/1999, de 13 de diciembre, de Protecci&oacute;n de Datos de Car&aacute;cter Personal y su normativa de desarrollo, ANNAIS EVENTS en calidad de propietaro de Centro Educativo Jerez, le informa que los datos personales que el usuario nos pudiera facilitar cualquiera que sea el origen de los mismos (formularios online, correo electr&oacute;nico, correo ordinario, conversaciones telef&oacute;nicas y en general cualquier tipo de documentaci&oacute;n) ser&aacute;n incorporados a un fichero cuyo responsable y titular es ANNAIS EVENTS, con la finalidad de facilitarle la informaci&oacute;n que nos pueda requerir acerca de los diferentes servicios que ofrecemos</p>\r\n\r\n<p>Asimismo le informamos que puede ejercitar sus derechos de acceso, rectificaci&oacute;n, cancelaci&oacute;n y oposici&oacute;n al mencionado fichero mediante env&iacute;o de solicitud indicando su nombre, apellidos y DNI por cualquiera de los siguientes medios:</p>\r\n\r\n<ul>\r\n <li>Correo electr&oacute;nico\r\n <ul>\r\n  <li>info@annaisevents.com</li>\r\n </ul>\r\n </li>\r\n <li>Correo ordinario\r\n <ul>\r\n  <li>Calle Ferm&iacute;n Aranda<br />\r\n  S/N, Centro empresarial, 2&ordf; planta<br />\r\n  11407, Jerez</li>\r\n </ul>\r\n </li>\r\n</ul>\r\n\r\n<h3>Aviso legal sobre el uso de cookies</h3>\r\n\r\n<p>Las cookies son ficheros enviados a un navegador por medio de un servidor web para registrar algunas actividades del usuario en el sitio web. Las cookies que instalamos nosotros, nuestros socios comerciales u otras partes cuando visitas este sitio web no te reconocen personalmente como individuo ni da&ntilde;an tu dispositivo de forma alguna; s&oacute;lo reconocen el dispositivo que utilizas, te permiten acceder a varias funciones importantes del sitio web, mantienen seguras &aacute;reas privadas del sitio web, recuerdan tus preferencias, personalizan el contenido del sitio web de forma que sea m&aacute;s pertinente para ti y nos permiten contar el n&uacute;mero de visitas que recibimos en cada p&aacute;gina y hacer an&aacute;lisis estad&iacute;sticos an&oacute;nimos para mejorar nuestro servicio.</p>\r\n\r\n<p>Aqu&iacute; te informamos del tipo de cookies que actualmente usamos en nuestro sitio web:</p>\r\n\r\n<table class="table table-bordered">\r\n <thead>\r\n  <tr>\r\n   <th>Finalidad</th>\r\n   <th>Detalles</th>\r\n  </tr>\r\n </thead>\r\n <tbody>\r\n  <tr>\r\n   <td>Control de sesi&oacute;n</td>\r\n   <td>Son archivos de cookies temporales, que se borran cuando cierras el navegador. Cuando reinicias el navegador y vuelves al sitio que cre&oacute; la cookie, la p&aacute;gina web no te reconocer&aacute;. Tendr&aacute;s que volver a iniciar sesi&oacute;n (si es necesario hacerlo) o seleccionar tus preferencias y temas de nuevo si el sitio utiliza esas funciones. Una cookie de sesi&oacute;n nueva se generar&aacute; y almacenar&aacute; tu informaci&oacute;n de navegaci&oacute;n, permaneciendo activa hasta que abandones la p&aacute;gina y cierres el navegador. M&aacute;s sobre las cookies de sesi&oacute;n.</td>\r\n  </tr>\r\n  <tr>\r\n   <td>Preferencias</td>\r\n   <td>Permiten que el sitio recuerde tus preferencias de aspecto o funcionamiento, si las desactivas puede que el sitio no tenga la funcionalidad necesaria y que su experiencia sea peor, ya que tendr&aacute; que seleccionar las preferencias cada vez que acceda al sitio.</td>\r\n  </tr>\r\n  <tr>\r\n   <td>An&aacute;lisis</td>\r\n   <td>Nos permiten saber c&oacute;mo interact&uacute;a cada usuario con nuestro sitio web (Por ejemplo que apartados resultan de mayor inter&eacute;s, cuantas personas han visitado el sitio...). Esta informaci&oacute;n se trata de forma an&oacute;nima con el fin de conocer qu&eacute; interesa m&aacute;s a nuestro p&uacute;blico y c&oacute;mo podemos mejorar la oferta de productos y servicios, el funcionamiento del sitio web o tu experiencia como usuario</td>\r\n  </tr>\r\n </tbody>\r\n</table>\r\n\r\n<p>Para activar/desactivar las cookies tendr&aacute;s que hacerlo a trav&eacute;s de tu navegador de Internet. Puedes configurarlo para ser avisado en pantalla de la recepci&oacute;n de cookies y aceptarlas o no individualmente as&iacute; como para impedir por defecto su instalaci&oacute;n en tu disco duro. Aqu&iacute; tienes informaci&oacute;n sobre como activar/desactivar las cookies de tu navegador. En el caso de que tu navegador no acepte las cookies por defecto, tu experiencia en el sitio web puede ser limitada (por ejemplo, puede que no puedas realizar una compra satisfactoriamente).</p>\r\n\r\n<table class="table table-bordered">\r\n <thead>\r\n  <tr>\r\n   <th>Navegador</th>\r\n   <th>Pasos a seguir</th>\r\n  </tr>\r\n </thead>\r\n <tbody>\r\n  <tr>\r\n   <td>Google Chrome</td>\r\n   <td>\r\n   <ul>\r\n    <li>En el men&uacute; de configuraci&oacute;n, en la parte superior derecha del navegador.</li>\r\n    <li>Selecciona &#39;Opciones&#39; (Configuraci&oacute;n en MAC) y haz clic en &#39;Mostrar opciones avanzadas&#39;.</li>\r\n    <li>Selecciona &#39;Configuraci&oacute;n de contenido&#39;.</li>\r\n    <li>En el apartado de cookies selecciona &#39;Permitir que se almacenen datos locales (recomendado)&#39;.</li>\r\n   </ul>\r\n   </td>\r\n  </tr>\r\n  <tr>\r\n   <td>Firefox</td>\r\n   <td>\r\n   <ul>\r\n    <li>En el men&uacute; Herramientas selecciona &#39;Opciones&#39;.</li>\r\n    <li>Selecciona la etiqueta de privacidad en la parte superior de la ventana.</li>\r\n    <li>Del men&uacute; desplegable elige &#39;usar configuraci&oacute;n personalizada para el historial&#39;. Esto mostrar&aacute; las opciones de cookies y podr&aacute;s activarlas o desactivarlas.</li>\r\n   </ul>\r\n   </td>\r\n  </tr>\r\n  <tr>\r\n   <td>Firefox para MAC</td>\r\n   <td>\r\n   <ul>\r\n    <li>En el men&uacute; de herramientas superior, haz click en Firefox y selecciona &#39;Preferencias&#39;</li>\r\n    <li>Haz click en privacidad.</li>\r\n    <li>En el apartado Historial, selecciona de la pesta&ntilde;a desplegable &#39;Usar una configuraci&oacute;n personalizada para el historial&#39;</li>\r\n    <li>Marca aceptar cookies y aceptar cookies de terceros</li>\r\n   </ul>\r\n   </td>\r\n  </tr>\r\n  <tr>\r\n   <td>IE6+</td>\r\n   <td>\r\n   <ul>\r\n    <li>En el men&uacute; de herramientas, selecciona &#39;Opciones de Internet&#39;</li>\r\n    <li>Haz clic en la pesta&ntilde;a de privacidad</li>\r\n    <li>Hay un cursor de desplazamiento para configurar la privacidad que tiene seis posiciones para controlar la cantidad de cookies que se instalar&aacute;n.</li>\r\n   </ul>\r\n   </td>\r\n  </tr>\r\n  <tr>\r\n   <td>Safari</td>\r\n   <td>\r\n   <ul>\r\n    <li>En el men&uacute; de herramientas superior, haz clic en Safari y selecciona &#39;Preferencias&#39;.</li>\r\n    <li>Abre la pesta&ntilde;a de privacidad.</li>\r\n    <li>Seleccione la opci&oacute;n que quiera de la secci&oacute;n de &#39;bloquear cookies&#39;.</li>\r\n   </ul>\r\n   </td>\r\n  </tr>\r\n </tbody>\r\n</table>\r\n\r\n<h3>Exclusi&oacute;n de garant&iacute;a y responsabilidad</h3>\r\n\r\n<p>ANNAIS EVENTS no se hace responsable, en ning&uacute;n caso, de los da&ntilde;os y perjuicios de cualquier naturaleza que pudieran ocasionar, a t&iacute;tulo enunciativo: errores u omisiones en los contenidos, falta de disponibilidad del portal o la transmisi&oacute;n de virus o programas maliciosos o lesivos en los contenidos, a pesar de haber adoptado todas las medidas tecnol&oacute;gicas necesarias para evitarlo.</p>\r\n\r\n<h3>Modificaciones</h3>\r\n\r\n<p>ANNAIS EVENTS se reserva el derecho de efectuar sin previo aviso las modificaciones que considere oportunas en su portal, pudiendo cambiar, suprimir o a&ntilde;adir tanto los contenidos y servicios que se presten a trav&eacute;s de la misma como la forma en la que &eacute;stos aparezcan presentados o localizados en su portal.</p>\r\n\r\n<h3>Enlaces</h3>\r\n\r\n<p>En el caso de que en www.annaisevents.com se dispusiesen enlaces o hiperv&iacute;nculos hac&iacute;a otros sitios de Internet, ANNAIS EVENTS no ejercer&aacute; ning&uacute;n tipo de control sobre dichos sitios y contenidos. En ning&uacute;n caso ANNAIS EVENTS asumir&aacute; responsabilidad alguna por los contenidos de alg&uacute;n enlace perteneciente a un sitio web ajeno, ni garantizar&aacute; la disponibilidad t&eacute;cnica, calidad, fiabilidad, exactitud, amplitud, veracidad, validez y constitucionalidad de cualquier material o informaci&oacute;n contenida en ninguno de dichos hiperv&iacute;nculos u otros sitios de Internet. Igualmente la inclusi&oacute;n de estas conexiones externas no implicar&aacute; ning&uacute;n tipo de asociaci&oacute;n, fusi&oacute;n o participaci&oacute;n con las entidades conectadas.</p>\r\n\r\n<h3>Derecho de exclusi&oacute;n</h3>\r\n\r\n<p>ANNAIS EVENTS se reserva el derecho a denegar o retirar el acceso al portal y/o los servicios ofrecidos sin necesidad de preaviso, a instancia propia o de un tercero, a aquellos usuarios que incumplan las presentes Condiciones Generales de Uso.</p>\r\n\r\n<h3>Generalidades</h3>\r\n\r\n<p>ANNAIS EVENTS perseguir&aacute; el incumplimiento de las presentes condiciones as&iacute; como cualquier utilizaci&oacute;n indebida de su portal ejerciendo todas las acciones civiles y penales que le puedan corresponder en derecho.</p>\r\n\r\n<h3>Modificaci&oacute;n de las presentes condiciones y duraci&oacute;n</h3>\r\n\r\n<p>ANNAIS EVENTS podr&aacute; modificar en cualquier momento las condiciones aqu&iacute; determinadas, siendo debidamente publicadas como aqu&iacute; aparecen. La vigencia de las citadas condiciones ir&aacute; en funci&oacute;n de su exposici&oacute;n y estar&aacute;n vigentes hasta que sean modificadas por otras debidamente publicadas.</p>\r\n\r\n<h3>Legislaci&oacute;n aplicable y jurisdicci&oacute;n</h3>\r\n\r\n<p>La relaci&oacute;n entre ANNAIS EVENTS y el USUARIO se regir&aacute; por la normativa espa&ntilde;ola vigente y cualquier controversia se someter&aacute; a los Juzgados y Tribunales de la ciudad de Jerez.</p>', 1, 30),
(43, 117, '<div class="col-sm-4" style="color:white;text-align:center;padding-top:10px;padding-bottom:50px;">\r\n	VIVIENDAS A ESTRENAR</div>\r\n<div class="col-sm-4" style="color:white;text-align:center;padding-top:10px;padding-bottom:50px;">\r\n	VIVIENDAS REBAJADAS</div>\r\n<div class="col-sm-4" style="color:white;text-align:center;padding-top:10px;padding-bottom:50px;">\r\n	SELECCI&Oacute;N PREMIUM</div>', 1, 53),
(44, 118, '<p>\r\n	<img src="http://[::1]/openrs/assets/admin/ckeditor/kcfinder/1/images/servicios-inmobiliarios.jpg" /></p>', 1, 54),
(46, 122, '<p><span style="font-size: 12pt; line-height: 115%; font-family: ''Times New Roman'', serif; color: rgb(34, 34, 34); background-image: initial; background-attachment: initial; background-size: initial; background-origin: initial; background-clip: initial; background-position: initial; background-repeat: initial;font-weight:700;">MUSEO DE LA ATALAYA</span></p>\n\n<p><span style="font-size:14px;line-height: 1.6;">Los Museos de la Atalaya combinan lo genuino del perfil bodeguero del SAL&Oacute;N DON JORGE y su patio, con el romanticismo de sus jardines, fuentes, y el palacete del s. XIX que preside el entorno. Adem&aacute;s, ofrece siempre alternativa si se produce climatolog&iacute;a adversa para exteriores.</span></p>\n\n<p><span style="font-size:14px;line-height: 1.6;">El palacete alberga una colecci&oacute;n de relojes de &eacute;poca &uacute;nica en Europa, y puede contratarse tambi&eacute;n para que el reportaje gr&aacute;fico sea a&uacute;n m&aacute;s maravilloso, y los invitados sean realmente conscientes del lugar emblem&aacute;tico y especial donde se encuentran.</span></p>', 1, 56),
(60, 150, '<p>Somos un equipo de Dietistas-Nutricionistas y trabajamos en atenci&oacute;n individual llevando a cabo&nbsp;una evaluaci&oacute;n nutricional personalizada. Con este m&eacute;todo establecemos unos h&aacute;bitos saludables&nbsp;introduciendo a la persona en una <strong>alimentaci&oacute;n sana y equilibrada</strong> mediante pautas, seguimiento y&nbsp;control para una reeducaci&oacute;n alimentaria. Adem&aacute;s conseguir&aacute;s un <strong>mejor rendimiento en tu actividad&nbsp;f&iacute;sica y sentirte vital</strong> durante todo el d&iacute;a.</p>\r\n\r\n<p>Las claves para llegar a nuestros prop&oacute;sitos y llegar a un estado de salud &oacute;ptimo, no se consigue&nbsp;con una peque&ntilde;a etapa en la que nos sometemos a momentos que nos causan malestar, da&ntilde;o psicol&oacute;gico,&nbsp;restricci&oacute;n de alimentos, dietas estrictas y nos hace preguntarnos una vez m&aacute;s: &iquest;qu&eacute; est&aacute; pasando?, &iquest;por&nbsp;qu&eacute; no lo consigo y por qu&eacute; no funciona?&nbsp;</p>\r\n\r\n<p>El &eacute;xito de la salud y por tanto de un peso saludable se alcanza cambiando malos h&aacute;bitos por&nbsp;unos buenos, entre los cu&aacute;les se encuentran peque&ntilde;os gestos del d&iacute;a a d&iacute;a que no percibimos y nos causan&nbsp;este desequilibrio.</p>\r\n\r\n<p>Con la ayuda de nuestros profesionales te ayudaremos a EQUILIBRARTE y a comenzar una NUEVA ETAPA.</p>\r\n\r\n<p>&nbsp;</p>\r\n\r\n<p>&nbsp;</p>', 1, 70),
(62, 161, '<div class="col-sm-4" style="text-align:center;padding-top:10px;padding-bottom:50px;">\r\n	VIVIENDAS A ESTRENAR</div>\r\n<div class="col-sm-4" style="text-align:center;padding-top:10px;padding-bottom:50px;">\r\n	VIVIENDAS REBAJADAS</div>\r\n<div class="col-sm-4" style="text-align:center;padding-top:10px;padding-bottom:50px;">\r\n	SELECCI&Oacute;N PREMIUM</div>', 1, 80),
(63, 162, '', 1, 81),
(64, 162, '', 53, 81);

-- --------------------------------------------------------

--
-- Estructura de tabla para la tabla `tipos_certificacion_energetica`
--

DROP TABLE IF EXISTS `tipos_certificacion_energetica`;
CREATE TABLE IF NOT EXISTS `tipos_certificacion_energetica` (
  `id` int(11) unsigned NOT NULL AUTO_INCREMENT,
  `nombre` varchar(10) NOT NULL,
  PRIMARY KEY (`id`)
) ENGINE=InnoDB  DEFAULT CHARSET=utf8 AUTO_INCREMENT=10 ;

--
-- Volcado de datos para la tabla `tipos_certificacion_energetica`
--

INSERT INTO `tipos_certificacion_energetica` (`id`, `nombre`) VALUES
(1, 'A'),
(2, 'B'),
(3, 'C'),
(4, 'D'),
(5, 'E'),
(6, 'F'),
(7, 'G'),
(8, 'Exento'),
(9, 'En trámite');

-- --------------------------------------------------------

--
-- Estructura de tabla para la tabla `tipos_ficheros`
--

DROP TABLE IF EXISTS `tipos_ficheros`;
CREATE TABLE IF NOT EXISTS `tipos_ficheros` (
  `id` int(11) unsigned NOT NULL AUTO_INCREMENT,
  `nombre` varchar(150) NOT NULL,
  `descripcion` varchar(255) NOT NULL,
  `ambito_id` tinyint(1) NOT NULL COMMENT '1 para clientes, 2 para inmuebles y 3 para demandas',
  PRIMARY KEY (`id`)
) ENGINE=InnoDB  DEFAULT CHARSET=utf8 AUTO_INCREMENT=8 ;

--
-- Volcado de datos para la tabla `tipos_ficheros`
--

INSERT INTO `tipos_ficheros` (`id`, `nombre`, `descripcion`, `ambito_id`) VALUES
(1, 'Otros', 'Cualquier tipo de dato adjunto', 2),
(2, 'Planos', 'Planos del inmueble', 2),
(3, 'Certificado Energético', 'Informe de certificado energético', 2),
(5, 'NIF/CIF', 'Documento identificativo español', 1),
(6, 'Permiso residencia/NIE/Pasaporte', 'Documento identificativo extranjero', 1),
(7, 'Ficha visita firmada', 'Ficha de visita firmada por el demandante', 3);

-- --------------------------------------------------------

--
-- Estructura de tabla para la tabla `tipos_inmueble`
--

DROP TABLE IF EXISTS `tipos_inmueble`;
CREATE TABLE IF NOT EXISTS `tipos_inmueble` (
  `id` int(11) unsigned NOT NULL AUTO_INCREMENT,
  `descripcion` varchar(255) NOT NULL,
  PRIMARY KEY (`id`)
) ENGINE=InnoDB  DEFAULT CHARSET=utf8 AUTO_INCREMENT=10 ;

--
-- Volcado de datos para la tabla `tipos_inmueble`
--

INSERT INTO `tipos_inmueble` (`id`, `descripcion`) VALUES
(1, 'Vivienda piso'),
(2, 'Vivienda unifamiliar'),
(3, 'Local comercial'),
(4, 'Oficina'),
(5, 'Garaje'),
(6, 'Trastero'),
(9, 'Bla bla bla');

-- --------------------------------------------------------

--
-- Estructura de tabla para la tabla `tipos_inmueble_idiomas`
--

DROP TABLE IF EXISTS `tipos_inmueble_idiomas`;
CREATE TABLE IF NOT EXISTS `tipos_inmueble_idiomas` (
  `id` int(11) unsigned NOT NULL AUTO_INCREMENT,
  `idioma_id` int(11) unsigned NOT NULL,
  `tipo_inmueble_id` int(11) unsigned NOT NULL,
  `nombre` varchar(100) NOT NULL,
  PRIMARY KEY (`id`),
  KEY `FK_tipos_inmueble_idiomas_idioma_id` (`idioma_id`),
  KEY `FK_tipos_inmueble_idiomas_tipo_inmueble_id` (`tipo_inmueble_id`)
) ENGINE=InnoDB  DEFAULT CHARSET=utf8 AUTO_INCREMENT=21 ;

--
-- Volcado de datos para la tabla `tipos_inmueble_idiomas`
--

INSERT INTO `tipos_inmueble_idiomas` (`id`, `idioma_id`, `tipo_inmueble_id`, `nombre`) VALUES
(1, 1, 1, 'Vivienda piso'),
(2, 1, 2, 'Vivienda unifamiliar'),
(3, 1, 3, 'Local comercial'),
(4, 1, 4, 'Oficina'),
(5, 1, 5, 'Garaje'),
(6, 1, 6, 'Trastero'),
(7, 53, 1, 'Flat'),
(8, 53, 2, 'Detached'),
(9, 53, 3, 'Commerce place'),
(10, 53, 4, 'Office'),
(11, 53, 5, 'Garage'),
(12, 53, 6, 'Storege Room'),
(19, 1, 9, 'Casa Grande'),
(20, 53, 9, 'Big House');

-- --------------------------------------------------------

--
-- Estructura de tabla para la tabla `tipos_plantilla_documentacion`
--

DROP TABLE IF EXISTS `tipos_plantilla_documentacion`;
CREATE TABLE IF NOT EXISTS `tipos_plantilla_documentacion` (
  `id` int(11) unsigned NOT NULL AUTO_INCREMENT,
  `nombre` varchar(100) NOT NULL,
  `descripcion` varchar(255) NOT NULL,
  PRIMARY KEY (`id`)
) ENGINE=InnoDB  DEFAULT CHARSET=utf8 AUTO_INCREMENT=6 ;

--
-- Volcado de datos para la tabla `tipos_plantilla_documentacion`
--

INSERT INTO `tipos_plantilla_documentacion` (`id`, `nombre`, `descripcion`) VALUES
(1, 'Ficha del Inmueble', ''),
(2, 'Ficha del Cliente', ''),
(3, 'Cartel Publicitario', ''),
(4, 'Ficha visita', ''),
(5, 'Ficha demanda', '');

-- --------------------------------------------------------

--
-- Estructura de tabla para la tabla `tipos_plantilla_documentacion_categorias_asignadas`
--

DROP TABLE IF EXISTS `tipos_plantilla_documentacion_categorias_asignadas`;
CREATE TABLE IF NOT EXISTS `tipos_plantilla_documentacion_categorias_asignadas` (
  `id` int(11) unsigned NOT NULL AUTO_INCREMENT,
  `tipo_plantilla_id` int(11) unsigned NOT NULL,
  `categoria_inf_id` int(11) unsigned NOT NULL,
  PRIMARY KEY (`id`),
  KEY `FK_tip_pla_doc_cats_asig_tipo_plantilla_id` (`tipo_plantilla_id`),
  KEY `FK_tip_pla_doc_cats_asig_categoria_inf_id` (`categoria_inf_id`)
) ENGINE=InnoDB  DEFAULT CHARSET=utf8 AUTO_INCREMENT=18 ;

--
-- Volcado de datos para la tabla `tipos_plantilla_documentacion_categorias_asignadas`
--

INSERT INTO `tipos_plantilla_documentacion_categorias_asignadas` (`id`, `tipo_plantilla_id`, `categoria_inf_id`) VALUES
(1, 2, 1),
(2, 2, 2),
(3, 2, 4),
(4, 1, 1),
(5, 1, 3),
(6, 1, 4),
(7, 3, 1),
(9, 3, 3),
(10, 3, 4),
(11, 4, 1),
(12, 4, 3),
(13, 4, 4),
(14, 3, 6),
(15, 5, 1),
(16, 5, 4),
(17, 5, 7);

-- --------------------------------------------------------

--
-- Estructura de tabla para la tabla `tipo_bloque`
--

DROP TABLE IF EXISTS `tipo_bloque`;
CREATE TABLE IF NOT EXISTS `tipo_bloque` (
  `id` int(10) unsigned NOT NULL AUTO_INCREMENT,
  `nombre` varchar(50) NOT NULL,
  PRIMARY KEY (`id`)
) ENGINE=InnoDB  DEFAULT CHARSET=utf8 AUTO_INCREMENT=5 ;

--
-- Volcado de datos para la tabla `tipo_bloque`
--

INSERT INTO `tipo_bloque` (`id`, `nombre`) VALUES
(1, 'Texto'),
(2, 'Carrusel'),
(4, 'Iframe');

-- --------------------------------------------------------

--
-- Estructura de tabla para la tabla `users`
--

DROP TABLE IF EXISTS `users`;
CREATE TABLE IF NOT EXISTS `users` (
  `id` int(11) unsigned NOT NULL AUTO_INCREMENT,
  `ip_address` varchar(15) NOT NULL,
  `username` varchar(100) NOT NULL,
  `password` varchar(255) NOT NULL,
  `salt` varchar(255) DEFAULT NULL,
  `email` varchar(100) NOT NULL,
  `activation_code` varchar(40) DEFAULT NULL,
  `forgotten_password_code` varchar(40) DEFAULT NULL,
  `forgotten_password_time` int(11) unsigned DEFAULT NULL,
  `remember_code` varchar(40) DEFAULT NULL,
  `created_on` int(11) unsigned NOT NULL,
  `last_login` int(11) unsigned DEFAULT NULL,
  `active` tinyint(1) unsigned DEFAULT NULL,
  `first_name` varchar(50) DEFAULT NULL,
  `last_name` varchar(50) DEFAULT NULL,
  `company` varchar(100) DEFAULT NULL,
  `phone` varchar(20) DEFAULT NULL,
  `id_idioma` int(11) unsigned NOT NULL DEFAULT '64',
  PRIMARY KEY (`id`),
  KEY `FK_users_id_idioma` (`id_idioma`)
) ENGINE=InnoDB  DEFAULT CHARSET=utf8 AUTO_INCREMENT=4 ;

--
-- Volcado de datos para la tabla `users`
--

INSERT INTO `users` (`id`, `ip_address`, `username`, `password`, `salt`, `email`, `activation_code`, `forgotten_password_code`, `forgotten_password_time`, `remember_code`, `created_on`, `last_login`, `active`, `first_name`, `last_name`, `company`, `phone`, `id_idioma`) VALUES
(1, '127.0.0.1', 'administrator', '$2y$08$AO52xJVfzoV6Rhjftk4AIuLXLDu7uz8yypvKrMAhSkGBbzCl09AAC', '', 'admin@admin.com', '', 'Zgv-Ds800Ipv5dUJ9W5voeb24faf75ba7d384864', 1497439234, '5WVn2K8m0Nh7QSejVqpsnu', 1268889823, 1497459345, 1, 'Admin', 'istrator', 'ADMIN', '0', 1),
(2, '::1', '', '$2y$08$MvjHVNEhMHpf2qPcd43DI.iPf8VtwcyR3r339oRSrdl08F/Ca7qO2', NULL, 'angel.berasuain@gmail.com', NULL, 'IIMgdXv.YuLD-ywCP-18z.6fe2e75bc1bddb2698', 1497439970, 'uFnVcuta7/zWo0//7oipOe', 1439033987, 1499158222, 1, 'Ángel Luis ', 'Berasuain Ruiz', 'Casa', '956787897', 1),
(3, '::1', '', '$2y$08$R1fViL1zYZ/ADEiI8Jowp.opD.M/QBEU9D9NxZCdsL.gkR8p0qv9S', NULL, 'klaimir@hotmail.com', NULL, '57gN.HY-.wzon54HAjqBHO184121eb879b1da196', 1494440437, NULL, 1439314022, NULL, 1, 'Nombre', 'Empleado1', NULL, '956080808', 1);

-- --------------------------------------------------------

--
-- Estructura de tabla para la tabla `users_groups`
--

DROP TABLE IF EXISTS `users_groups`;
CREATE TABLE IF NOT EXISTS `users_groups` (
  `id` int(11) unsigned NOT NULL AUTO_INCREMENT,
  `user_id` int(11) unsigned NOT NULL,
  `group_id` mediumint(8) unsigned NOT NULL,
  PRIMARY KEY (`id`),
  UNIQUE KEY `uc_users_groups` (`user_id`,`group_id`),
  KEY `fk_users_groups_users1_idx` (`user_id`),
  KEY `fk_users_groups_groups1_idx` (`group_id`)
) ENGINE=InnoDB  DEFAULT CHARSET=utf8 AUTO_INCREMENT=13 ;

--
-- Volcado de datos para la tabla `users_groups`
--

INSERT INTO `users_groups` (`id`, `user_id`, `group_id`) VALUES
(8, 1, 1),
(9, 2, 1),
(7, 2, 2),
(11, 3, 1),
(12, 3, 2);

-- --------------------------------------------------------

--
-- Estructura Stand-in para la vista `v_clientes`
--
DROP VIEW IF EXISTS `v_clientes`;
CREATE TABLE IF NOT EXISTS `v_clientes` (
`id` int(11) unsigned
,`nombre` varchar(100)
,`apellidos` varchar(150)
,`fecha_nac` date
,`direccion` varchar(200)
,`pais_id` int(11) unsigned
,`poblacion_id` int(11) unsigned
,`telefonos` varchar(70)
,`nif` varchar(11)
,`observaciones` text
,`fecha_alta` datetime
,`fecha_actualizacion` datetime
,`correo` varchar(250)
,`busca_vender` tinyint(4)
,`busca_comprar` tinyint(4)
,`busca_alquilar` tinyint(4)
,`busca_alquiler` tinyint(4)
,`estado_id` int(11) unsigned
,`estado_civil` varchar(50)
,`agente_asignado_id` int(11) unsigned
,`nombre_poblacion` varchar(100)
,`provincia_id` int(11) unsigned
,`nombre_provincia` varchar(255)
,`nombre_pais` varchar(150)
,`nombre_estado` varchar(50)
,`nombre_agente_asignado` varchar(101)
);
-- --------------------------------------------------------

--
-- Estructura Stand-in para la vista `v_clientes_ficheros`
--
DROP VIEW IF EXISTS `v_clientes_ficheros`;
CREATE TABLE IF NOT EXISTS `v_clientes_ficheros` (
`id` int(11) unsigned
,`cliente_id` int(11) unsigned
,`texto_fichero` text
,`fichero` varchar(255)
,`tipo_fichero_id` int(11) unsigned
,`nombre_tipo` varchar(150)
);
-- --------------------------------------------------------

--
-- Estructura Stand-in para la vista `v_demandas`
--
DROP VIEW IF EXISTS `v_demandas`;
CREATE TABLE IF NOT EXISTS `v_demandas` (
`id` int(11) unsigned
,`referencia` varchar(40)
,`metros_desde` int(4)
,`metros_hasta` int(4)
,`habitaciones_desde` int(2)
,`habitaciones_hasta` int(2)
,`banios_desde` int(2)
,`banios_hasta` int(2)
,`precio_desde` int(10) unsigned
,`precio_hasta` int(10) unsigned
,`provincia_id` int(11) unsigned
,`poblacion_id` int(11) unsigned
,`observaciones` text
,`estado_id` int(11) unsigned
,`certificacion_energetica_id` int(11) unsigned
,`anio_construccion_desde` int(4)
,`anio_construccion_hasta` int(4)
,`agente_asignado_id` int(11) unsigned
,`oferta_id` int(2)
,`tipo_demanda_id` int(2)
,`cliente_id` int(11) unsigned
,`fecha_alta` date
,`fecha_actualizacion` datetime
,`nombre_poblacion` varchar(100)
,`nombre_provincia` varchar(255)
,`nombre_certificacion_energetica` varchar(10)
,`nombre_estado` varchar(50)
,`nombre_agente_asignado` varchar(102)
,`nombre_cliente` varchar(252)
);
-- --------------------------------------------------------

--
-- Estructura Stand-in para la vista `v_demandas_ficheros`
--
DROP VIEW IF EXISTS `v_demandas_ficheros`;
CREATE TABLE IF NOT EXISTS `v_demandas_ficheros` (
`id` int(11) unsigned
,`demanda_id` int(11) unsigned
,`texto_fichero` text
,`fichero` varchar(255)
,`tipo_fichero_id` int(11) unsigned
,`nombre_tipo` varchar(150)
);
-- --------------------------------------------------------

--
-- Estructura Stand-in para la vista `v_estados`
--
DROP VIEW IF EXISTS `v_estados`;
CREATE TABLE IF NOT EXISTS `v_estados` (
`id` int(11) unsigned
,`ambito_id` tinyint(1)
,`nombre` varchar(50)
,`descripcion` varchar(120)
,`historico` tinyint(1)
,`nombre_ambito` varchar(9)
);
-- --------------------------------------------------------

--
-- Estructura Stand-in para la vista `v_inmuebles`
--
DROP VIEW IF EXISTS `v_inmuebles`;
CREATE TABLE IF NOT EXISTS `v_inmuebles` (
`id` int(11) unsigned
,`referencia` varchar(40)
,`metros` int(4)
,`metros_utiles` int(4)
,`habitaciones` int(2)
,`banios` int(2)
,`precio_compra` int(10) unsigned
,`precio_compra_anterior` int(10) unsigned
,`precio_alquiler` int(7) unsigned
,`precio_alquiler_anterior` int(10) unsigned
,`poblacion_id` int(11) unsigned
,`zona_id` int(11) unsigned
,`tipo_id` int(11) unsigned
,`observaciones` text
,`direccion` varchar(100)
,`direccion_publica` varchar(100)
,`publicado` tinyint(1)
,`estado_id` int(11) unsigned
,`obra_nueva` int(1)
,`certificacion_energetica_id` int(11) unsigned
,`cuota_comunidad` double
,`forma_pago` varchar(200)
,`anejos` text
,`cargas_vivienda` text
,`descripcion_vivienda` text
,`descripcion_edificio` text
,`antiguedad_edificio` varchar(200)
,`captador_id` int(11) unsigned
,`fecha_alta` date
,`fecha_actualizacion` datetime
,`anio_construccion` int(4)
,`oportunidad` tinyint(1)
,`destacado` tinyint(1)
,`nombre_poblacion` varchar(100)
,`provincia_id` int(11) unsigned
,`nombre_provincia` varchar(255)
,`nombre_zona` varchar(200)
,`nombre_tipo` varchar(100)
,`idioma_id` int(11) unsigned
,`nombre_certificacion_energetica` varchar(10)
,`nombre_estado` varchar(50)
,`nombre_captador` varchar(102)
);
-- --------------------------------------------------------

--
-- Estructura Stand-in para la vista `v_inmuebles_demandas`
--
DROP VIEW IF EXISTS `v_inmuebles_demandas`;
CREATE TABLE IF NOT EXISTS `v_inmuebles_demandas` (
`id` int(11) unsigned
,`referencia` varchar(40)
,`metros` int(4)
,`metros_utiles` int(4)
,`habitaciones` int(2)
,`banios` int(2)
,`precio_compra` int(10) unsigned
,`precio_alquiler` int(7) unsigned
,`poblacion_id` int(11) unsigned
,`zona_id` int(11) unsigned
,`tipo_id` int(11) unsigned
,`observaciones` text
,`direccion` varchar(100)
,`direccion_publica` varchar(100)
,`publicado` tinyint(1)
,`estado_id` int(11) unsigned
,`obra_nueva` int(1)
,`certificacion_energetica_id` int(11) unsigned
,`cuota_comunidad` double
,`forma_pago` varchar(200)
,`anejos` text
,`cargas_vivienda` text
,`descripcion_vivienda` text
,`descripcion_edificio` text
,`antiguedad_edificio` varchar(200)
,`captador_id` int(11) unsigned
,`fecha_alta` date
,`fecha_actualizacion` datetime
,`anio_construccion` int(4)
,`oportunidad` tinyint(1)
,`destacado` tinyint(1)
,`nombre_poblacion` varchar(100)
,`provincia_id` int(11) unsigned
,`nombre_provincia` varchar(255)
,`nombre_zona` varchar(200)
,`nombre_tipo` varchar(100)
,`idioma_id` int(11) unsigned
,`nombre_certificacion_energetica` varchar(10)
,`nombre_estado` varchar(50)
,`nombre_captador` varchar(102)
,`cliente_id` int(11) unsigned
,`agente_asignado_id` int(11) unsigned
,`demanda_id` int(11) unsigned
,`origen_id` tinyint(1)
,`evaluacion_id` tinyint(1)
,`observaciones_demanda` varchar(255)
,`fecha_asignacion` date
,`fecha_asignacion_formateada` varchar(10)
,`inmueble_demanda_id` int(11) unsigned
,`nombre_origen` varchar(6)
,`nombre_evaluacion` varchar(21)
,`ficha_visita_id` int(11) unsigned
,`visitado` tinyint(1)
,`fecha_visita_formateada` varchar(10)
,`fecha_visita` date
,`hora_visita_formateada` varchar(10)
,`fecha_hora_visita_formateada` varchar(21)
,`fecha_hora_visita` datetime
);
-- --------------------------------------------------------

--
-- Estructura Stand-in para la vista `v_inmuebles_ficheros`
--
DROP VIEW IF EXISTS `v_inmuebles_ficheros`;
CREATE TABLE IF NOT EXISTS `v_inmuebles_ficheros` (
`id` int(11) unsigned
,`inmueble_id` int(11) unsigned
,`fichero` varchar(200)
,`texto_fichero` text
,`tipo_fichero_id` int(11) unsigned
,`nombre_tipo` varchar(150)
);
-- --------------------------------------------------------

--
-- Estructura Stand-in para la vista `v_tipos_ficheros`
--
DROP VIEW IF EXISTS `v_tipos_ficheros`;
CREATE TABLE IF NOT EXISTS `v_tipos_ficheros` (
`id` int(11) unsigned
,`nombre` varchar(150)
,`descripcion` varchar(255)
,`ambito_id` tinyint(1)
,`nombre_ambito` varchar(9)
);
-- --------------------------------------------------------

--
-- Estructura para la vista `v_clientes`
--
DROP TABLE IF EXISTS `v_clientes`;

CREATE OR REPLACE VIEW `v_clientes` AS select `clientes`.`id` AS `id`,`clientes`.`nombre` AS `nombre`,`clientes`.`apellidos` AS `apellidos`,`clientes`.`fecha_nac` AS `fecha_nac`,`clientes`.`direccion` AS `direccion`,`clientes`.`pais_id` AS `pais_id`,`clientes`.`poblacion_id` AS `poblacion_id`,`clientes`.`telefonos` AS `telefonos`,`clientes`.`nif` AS `nif`,`clientes`.`observaciones` AS `observaciones`,`clientes`.`fecha_alta` AS `fecha_alta`,`clientes`.`fecha_actualizacion` AS `fecha_actualizacion`,`clientes`.`correo` AS `correo`,`clientes`.`busca_vender` AS `busca_vender`,`clientes`.`busca_comprar` AS `busca_comprar`,`clientes`.`busca_alquilar` AS `busca_alquilar`,`clientes`.`busca_alquiler` AS `busca_alquiler`,`clientes`.`estado_id` AS `estado_id`,`clientes`.`estado_civil` AS `estado_civil`,`clientes`.`agente_asignado_id` AS `agente_asignado_id`,`poblaciones`.`poblacion` AS `nombre_poblacion`,`poblaciones`.`provincia_id` AS `provincia_id`,`provincias`.`provincia` AS `nombre_provincia`,`paises`.`nombre` AS `nombre_pais`,`estados`.`nombre` AS `nombre_estado`,concat_ws(',',`users`.`last_name`,`users`.`first_name`) AS `nombre_agente_asignado` from (((((`clientes` join `estados` on((`clientes`.`estado_id` = `estados`.`id`))) left join `poblaciones` on((`clientes`.`poblacion_id` = `poblaciones`.`id`))) left join `provincias` on((`poblaciones`.`provincia_id` = `provincias`.`id`))) join `paises` on((`clientes`.`pais_id` = `paises`.`id`))) left join `users` on((`clientes`.`agente_asignado_id` = `users`.`id`)));

-- --------------------------------------------------------

--
-- Estructura para la vista `v_clientes_ficheros`
--
DROP TABLE IF EXISTS `v_clientes_ficheros`;

CREATE OR REPLACE VIEW `v_clientes_ficheros` AS select `clientes_ficheros`.`id` AS `id`,`clientes_ficheros`.`cliente_id` AS `cliente_id`,`clientes_ficheros`.`texto_fichero` AS `texto_fichero`,`clientes_ficheros`.`fichero` AS `fichero`,`clientes_ficheros`.`tipo_fichero_id` AS `tipo_fichero_id`,`tipos_ficheros`.`nombre` AS `nombre_tipo` from (`clientes_ficheros` join `tipos_ficheros` on((`clientes_ficheros`.`tipo_fichero_id` = `tipos_ficheros`.`id`)));

-- --------------------------------------------------------

--
-- Estructura para la vista `v_demandas`
--
DROP TABLE IF EXISTS `v_demandas`;

CREATE OR REPLACE VIEW `v_demandas` AS select `demandas`.`id` AS `id`,`demandas`.`referencia` AS `referencia`,`demandas`.`metros_desde` AS `metros_desde`,`demandas`.`metros_hasta` AS `metros_hasta`,`demandas`.`habitaciones_desde` AS `habitaciones_desde`,`demandas`.`habitaciones_hasta` AS `habitaciones_hasta`,`demandas`.`banios_desde` AS `banios_desde`,`demandas`.`banios_hasta` AS `banios_hasta`,`demandas`.`precio_desde` AS `precio_desde`,`demandas`.`precio_hasta` AS `precio_hasta`,`demandas`.`provincia_id` AS `provincia_id`,`demandas`.`poblacion_id` AS `poblacion_id`,`demandas`.`observaciones` AS `observaciones`,`demandas`.`estado_id` AS `estado_id`,`demandas`.`certificacion_energetica_id` AS `certificacion_energetica_id`,`demandas`.`anio_construccion_desde` AS `anio_construccion_desde`,`demandas`.`anio_construccion_hasta` AS `anio_construccion_hasta`,`demandas`.`agente_asignado_id` AS `agente_asignado_id`,`demandas`.`oferta_id` AS `oferta_id`,`demandas`.`tipo_demanda_id` AS `tipo_demanda_id`,`demandas`.`cliente_id` AS `cliente_id`,`demandas`.`fecha_alta` AS `fecha_alta`,`demandas`.`fecha_actualizacion` AS `fecha_actualizacion`,`poblaciones`.`poblacion` AS `nombre_poblacion`,`provincias`.`provincia` AS `nombre_provincia`,`tipos_certificacion_energetica`.`nombre` AS `nombre_certificacion_energetica`,`estados`.`nombre` AS `nombre_estado`,concat_ws(', ',`users`.`last_name`,`users`.`first_name`) AS `nombre_agente_asignado`,concat_ws(', ',`clientes`.`apellidos`,`clientes`.`nombre`) AS `nombre_cliente` from ((((((`demandas` join `estados` on((`demandas`.`estado_id` = `estados`.`id`))) left join `poblaciones` on((`demandas`.`poblacion_id` = `poblaciones`.`id`))) left join `provincias` on((`demandas`.`provincia_id` = `provincias`.`id`))) join `clientes` on((`demandas`.`cliente_id` = `clientes`.`id`))) left join `tipos_certificacion_energetica` on((`demandas`.`certificacion_energetica_id` = `tipos_certificacion_energetica`.`id`))) left join `users` on((`demandas`.`agente_asignado_id` = `users`.`id`)));

-- --------------------------------------------------------

--
-- Estructura para la vista `v_demandas_ficheros`
--
DROP TABLE IF EXISTS `v_demandas_ficheros`;

CREATE OR REPLACE VIEW `v_demandas_ficheros` AS select `demandas_ficheros`.`id` AS `id`,`demandas_ficheros`.`demanda_id` AS `demanda_id`,`demandas_ficheros`.`texto_fichero` AS `texto_fichero`,`demandas_ficheros`.`fichero` AS `fichero`,`demandas_ficheros`.`tipo_fichero_id` AS `tipo_fichero_id`,`tipos_ficheros`.`nombre` AS `nombre_tipo` from (`demandas_ficheros` join `tipos_ficheros` on((`demandas_ficheros`.`tipo_fichero_id` = `tipos_ficheros`.`id`)));

-- --------------------------------------------------------

--
-- Estructura para la vista `v_estados`
--
DROP TABLE IF EXISTS `v_estados`;

CREATE OR REPLACE VIEW `v_estados` AS select `estados`.`id` AS `id`,`estados`.`ambito_id` AS `ambito_id`,`estados`.`nombre` AS `nombre`,`estados`.`descripcion` AS `descripcion`,`estados`.`historico` AS `historico`,(case `estados`.`ambito_id` when 1 then 'Clientes' when 2 then 'Inmuebles' when 3 then 'Demandas' end) AS `nombre_ambito` from `estados`;

-- --------------------------------------------------------

--
-- Estructura para la vista `v_inmuebles`
--
DROP TABLE IF EXISTS `v_inmuebles`;

CREATE OR REPLACE VIEW `v_inmuebles` AS select `inmuebles`.`id` AS `id`,`inmuebles`.`referencia` AS `referencia`,`inmuebles`.`metros` AS `metros`,`inmuebles`.`metros_utiles` AS `metros_utiles`,`inmuebles`.`habitaciones` AS `habitaciones`,`inmuebles`.`banios` AS `banios`,`inmuebles`.`precio_compra` AS `precio_compra`,`inmuebles`.`precio_compra_anterior` AS `precio_compra_anterior`,`inmuebles`.`precio_alquiler` AS `precio_alquiler`,`inmuebles`.`precio_alquiler_anterior` AS `precio_alquiler_anterior`,`inmuebles`.`poblacion_id` AS `poblacion_id`,`inmuebles`.`zona_id` AS `zona_id`,`inmuebles`.`tipo_id` AS `tipo_id`,`inmuebles`.`observaciones` AS `observaciones`,`inmuebles`.`direccion` AS `direccion`,`inmuebles`.`direccion_publica` AS `direccion_publica`,`inmuebles`.`publicado` AS `publicado`,`inmuebles`.`estado_id` AS `estado_id`,`inmuebles`.`obra_nueva` AS `obra_nueva`,`inmuebles`.`certificacion_energetica_id` AS `certificacion_energetica_id`,`inmuebles`.`cuota_comunidad` AS `cuota_comunidad`,`inmuebles`.`forma_pago` AS `forma_pago`,`inmuebles`.`anejos` AS `anejos`,`inmuebles`.`cargas_vivienda` AS `cargas_vivienda`,`inmuebles`.`descripcion_vivienda` AS `descripcion_vivienda`,`inmuebles`.`descripcion_edificio` AS `descripcion_edificio`,`inmuebles`.`antiguedad_edificio` AS `antiguedad_edificio`,`inmuebles`.`captador_id` AS `captador_id`,`inmuebles`.`fecha_alta` AS `fecha_alta`,`inmuebles`.`fecha_actualizacion` AS `fecha_actualizacion`,`inmuebles`.`anio_construccion` AS `anio_construccion`,`inmuebles`.`oportunidad` AS `oportunidad`,`inmuebles`.`destacado` AS `destacado`,`poblaciones`.`poblacion` AS `nombre_poblacion`,`poblaciones`.`provincia_id` AS `provincia_id`,`provincias`.`provincia` AS `nombre_provincia`,`poblaciones_zonas`.`nombre` AS `nombre_zona`,`tipos_inmueble_idiomas`.`nombre` AS `nombre_tipo`,`tipos_inmueble_idiomas`.`idioma_id` AS `idioma_id`,`tipos_certificacion_energetica`.`nombre` AS `nombre_certificacion_energetica`,`estados`.`nombre` AS `nombre_estado`,concat_ws(', ',`users`.`last_name`,`users`.`first_name`) AS `nombre_captador` from (((((((((`inmuebles` join `estados` on((`inmuebles`.`estado_id` = `estados`.`id`))) join `poblaciones` on((`inmuebles`.`poblacion_id` = `poblaciones`.`id`))) join `provincias` on((`poblaciones`.`provincia_id` = `provincias`.`id`))) left join `poblaciones_zonas` on((`inmuebles`.`zona_id` = `poblaciones_zonas`.`id`))) join `tipos_inmueble` on((`inmuebles`.`tipo_id` = `tipos_inmueble`.`id`))) join `tipos_inmueble_idiomas` on((`tipos_inmueble_idiomas`.`tipo_inmueble_id` = `tipos_inmueble`.`id`))) left join `tipos_certificacion_energetica` on((`inmuebles`.`certificacion_energetica_id` = `tipos_certificacion_energetica`.`id`))) left join `users` on((`inmuebles`.`captador_id` = `users`.`id`))) left join `inmuebles_carteles` on((`inmuebles_carteles`.`inmueble_id` = `inmuebles`.`id`)));

-- --------------------------------------------------------

--
-- Estructura para la vista `v_inmuebles_demandas`
--
DROP TABLE IF EXISTS `v_inmuebles_demandas`;

CREATE OR REPLACE VIEW `v_inmuebles_demandas` AS select `v_inmuebles`.`id` AS `id`,`v_inmuebles`.`referencia` AS `referencia`,`v_inmuebles`.`metros` AS `metros`,`v_inmuebles`.`metros_utiles` AS `metros_utiles`,`v_inmuebles`.`habitaciones` AS `habitaciones`,`v_inmuebles`.`banios` AS `banios`,`v_inmuebles`.`precio_compra` AS `precio_compra`,`v_inmuebles`.`precio_alquiler` AS `precio_alquiler`,`v_inmuebles`.`poblacion_id` AS `poblacion_id`,`v_inmuebles`.`zona_id` AS `zona_id`,`v_inmuebles`.`tipo_id` AS `tipo_id`,`v_inmuebles`.`observaciones` AS `observaciones`,`v_inmuebles`.`direccion` AS `direccion`,`v_inmuebles`.`direccion_publica` AS `direccion_publica`,`v_inmuebles`.`publicado` AS `publicado`,`v_inmuebles`.`estado_id` AS `estado_id`,`v_inmuebles`.`obra_nueva` AS `obra_nueva`,`v_inmuebles`.`certificacion_energetica_id` AS `certificacion_energetica_id`,`v_inmuebles`.`cuota_comunidad` AS `cuota_comunidad`,`v_inmuebles`.`forma_pago` AS `forma_pago`,`v_inmuebles`.`anejos` AS `anejos`,`v_inmuebles`.`cargas_vivienda` AS `cargas_vivienda`,`v_inmuebles`.`descripcion_vivienda` AS `descripcion_vivienda`,`v_inmuebles`.`descripcion_edificio` AS `descripcion_edificio`,`v_inmuebles`.`antiguedad_edificio` AS `antiguedad_edificio`,`v_inmuebles`.`captador_id` AS `captador_id`,`v_inmuebles`.`fecha_alta` AS `fecha_alta`,`v_inmuebles`.`fecha_actualizacion` AS `fecha_actualizacion`,`v_inmuebles`.`anio_construccion` AS `anio_construccion`,`v_inmuebles`.`oportunidad` AS `oportunidad`,`v_inmuebles`.`destacado` AS `destacado`,`v_inmuebles`.`nombre_poblacion` AS `nombre_poblacion`,`v_inmuebles`.`provincia_id` AS `provincia_id`,`v_inmuebles`.`nombre_provincia` AS `nombre_provincia`,`v_inmuebles`.`nombre_zona` AS `nombre_zona`,`v_inmuebles`.`nombre_tipo` AS `nombre_tipo`,`v_inmuebles`.`idioma_id` AS `idioma_id`,`v_inmuebles`.`nombre_certificacion_energetica` AS `nombre_certificacion_energetica`,`v_inmuebles`.`nombre_estado` AS `nombre_estado`,`v_inmuebles`.`nombre_captador` AS `nombre_captador`,`demandas`.`cliente_id` AS `cliente_id`,`demandas`.`agente_asignado_id` AS `agente_asignado_id`,`inmuebles_demandas`.`demanda_id` AS `demanda_id`,`inmuebles_demandas`.`origen_id` AS `origen_id`,`inmuebles_demandas`.`evaluacion_id` AS `evaluacion_id`,`inmuebles_demandas`.`observaciones` AS `observaciones_demanda`,`inmuebles_demandas`.`fecha_asignacion` AS `fecha_asignacion`,date_format(`inmuebles_demandas`.`fecha_asignacion`,'%d/%m/%Y') AS `fecha_asignacion_formateada`,`inmuebles_demandas`.`id` AS `inmueble_demanda_id`,(case `inmuebles_demandas`.`origen_id` when 1 then 'OPENRS' when 2 then 'Agente' end) AS `nombre_origen`,(case `inmuebles_demandas`.`evaluacion_id` when 1 then 'Pendiente evaluar' when 2 then 'Proponer para visita' when 3 then 'Descartado por agente' when 4 then 'Interesa cliente' when 5 then 'No Interesa cliente' end) AS `nombre_evaluacion`,`fichas_visita_inmuebles_demandas`.`ficha_visita_id` AS `ficha_visita_id`,`fichas_visita`.`visitado` AS `visitado`,date_format(`fichas_visita`.`fecha`,'%d/%m/%Y') AS `fecha_visita_formateada`,`fichas_visita`.`fecha` AS `fecha_visita`,date_format(`fichas_visita_inmuebles_demandas`.`fecha_hora`,'%H:%i') AS `hora_visita_formateada`,date_format(`fichas_visita_inmuebles_demandas`.`fecha_hora`,'%d/%m/%Y %H:%i') AS `fecha_hora_visita_formateada`,`fichas_visita_inmuebles_demandas`.`fecha_hora` AS `fecha_hora_visita` from ((((`v_inmuebles` join `inmuebles_demandas` on((`inmuebles_demandas`.`inmueble_id` = `v_inmuebles`.`id`))) join `demandas` on((`inmuebles_demandas`.`demanda_id` = `demandas`.`id`))) left join `fichas_visita_inmuebles_demandas` on((`fichas_visita_inmuebles_demandas`.`inmueble_demanda_id` = `inmuebles_demandas`.`id`))) left join `fichas_visita` on((`fichas_visita_inmuebles_demandas`.`ficha_visita_id` = `fichas_visita`.`id`)));

-- --------------------------------------------------------

--
-- Estructura para la vista `v_inmuebles_ficheros`
--
DROP TABLE IF EXISTS `v_inmuebles_ficheros`;

CREATE OR REPLACE VIEW `v_inmuebles_ficheros` AS select `inmuebles_ficheros`.`id` AS `id`,`inmuebles_ficheros`.`inmueble_id` AS `inmueble_id`,`inmuebles_ficheros`.`fichero` AS `fichero`,`inmuebles_ficheros`.`texto_fichero` AS `texto_fichero`,`inmuebles_ficheros`.`tipo_fichero_id` AS `tipo_fichero_id`,`tipos_ficheros`.`nombre` AS `nombre_tipo` from (`inmuebles_ficheros` join `tipos_ficheros` on((`inmuebles_ficheros`.`tipo_fichero_id` = `tipos_ficheros`.`id`)));

-- --------------------------------------------------------

--
-- Estructura para la vista `v_tipos_ficheros`
--
DROP TABLE IF EXISTS `v_tipos_ficheros`;

CREATE OR REPLACE VIEW `v_tipos_ficheros` AS select `tipos_ficheros`.`id` AS `id`,`tipos_ficheros`.`nombre` AS `nombre`,`tipos_ficheros`.`descripcion` AS `descripcion`,`tipos_ficheros`.`ambito_id` AS `ambito_id`,(case `tipos_ficheros`.`ambito_id` when 1 then 'Clientes' when 2 then 'Inmuebles' when 3 then 'Demandas' end) AS `nombre_ambito` from `tipos_ficheros`;

--
-- Restricciones para tablas volcadas
--

--
-- Filtros para la tabla `backup`
--
ALTER TABLE `backup`
  ADD CONSTRAINT `FK_backup_admin_id` FOREIGN KEY (`admin_id`) REFERENCES `users` (`id`);

--
-- Filtros para la tabla `clientes`
--
ALTER TABLE `clientes`
  ADD CONSTRAINT `FK_clientes_agente_asignado_id` FOREIGN KEY (`agente_asignado_id`) REFERENCES `users` (`id`) ON DELETE SET NULL,
  ADD CONSTRAINT `FK_clientes_estado_id` FOREIGN KEY (`estado_id`) REFERENCES `estados` (`id`) ON UPDATE CASCADE,
  ADD CONSTRAINT `FK_clientes_pais_id` FOREIGN KEY (`pais_id`) REFERENCES `paises` (`id`) ON UPDATE CASCADE,
  ADD CONSTRAINT `FK_clientes_poblacion_id` FOREIGN KEY (`poblacion_id`) REFERENCES `poblaciones` (`id`) ON DELETE SET NULL;

--
-- Filtros para la tabla `clientes_fichas`
--
ALTER TABLE `clientes_fichas`
  ADD CONSTRAINT `FK_clientes_fichas_agente_id` FOREIGN KEY (`agente_id`) REFERENCES `users` (`id`) ON UPDATE CASCADE,
  ADD CONSTRAINT `FK_clientes_fichas_cliente_id` FOREIGN KEY (`cliente_id`) REFERENCES `clientes` (`id`) ON DELETE CASCADE ON UPDATE CASCADE,
  ADD CONSTRAINT `FK_clientes_fichas_plantilla_id` FOREIGN KEY (`plantilla_id`) REFERENCES `plantillas_documentacion` (`id`) ON UPDATE CASCADE;

--
-- Filtros para la tabla `clientes_ficheros`
--
ALTER TABLE `clientes_ficheros`
  ADD CONSTRAINT `FK_clientes_ficheros_cliente_id` FOREIGN KEY (`cliente_id`) REFERENCES `clientes` (`id`) ON DELETE CASCADE ON UPDATE CASCADE,
  ADD CONSTRAINT `FK_clientes_ficheros_tipo_fichero_id` FOREIGN KEY (`tipo_fichero_id`) REFERENCES `tipos_ficheros` (`id`) ON UPDATE CASCADE;

--
-- Filtros para la tabla `clientes_inmuebles`
--
ALTER TABLE `clientes_inmuebles`
  ADD CONSTRAINT `FK_clientes_inmuebles_cliente_id` FOREIGN KEY (`cliente_id`) REFERENCES `clientes` (`id`) ON DELETE CASCADE,
  ADD CONSTRAINT `FK_clientes_inmuebles_inmueble_id` FOREIGN KEY (`inmueble_id`) REFERENCES `inmuebles` (`id`) ON DELETE CASCADE;

--
-- Filtros para la tabla `demandas`
--
ALTER TABLE `demandas`
  ADD CONSTRAINT `FK_demandas_agente_asignado_id` FOREIGN KEY (`agente_asignado_id`) REFERENCES `users` (`id`) ON UPDATE CASCADE,
  ADD CONSTRAINT `FK_demandas_certificacion_energetica_id` FOREIGN KEY (`certificacion_energetica_id`) REFERENCES `tipos_certificacion_energetica` (`id`) ON UPDATE CASCADE,
  ADD CONSTRAINT `FK_demandas_cliente_id` FOREIGN KEY (`cliente_id`) REFERENCES `clientes` (`id`) ON UPDATE CASCADE,
  ADD CONSTRAINT `FK_demandas_estado_id` FOREIGN KEY (`estado_id`) REFERENCES `estados` (`id`) ON UPDATE CASCADE,
  ADD CONSTRAINT `FK_demandas_poblacion_id` FOREIGN KEY (`poblacion_id`) REFERENCES `poblaciones` (`id`) ON UPDATE CASCADE,
  ADD CONSTRAINT `FK_demandas_provincia_id` FOREIGN KEY (`provincia_id`) REFERENCES `provincias` (`id`) ON UPDATE CASCADE;

--
-- Filtros para la tabla `demandas_fichas`
--
ALTER TABLE `demandas_fichas`
  ADD CONSTRAINT `FK_demandas_fichas_agente_id` FOREIGN KEY (`agente_id`) REFERENCES `users` (`id`) ON UPDATE CASCADE,
  ADD CONSTRAINT `FK_demandas_fichas_demanda_id` FOREIGN KEY (`demanda_id`) REFERENCES `demandas` (`id`) ON DELETE CASCADE ON UPDATE CASCADE,
  ADD CONSTRAINT `FK_demandas_fichas_plantilla_id` FOREIGN KEY (`plantilla_id`) REFERENCES `plantillas_documentacion` (`id`) ON UPDATE CASCADE;

--
-- Filtros para la tabla `demandas_ficheros`
--
ALTER TABLE `demandas_ficheros`
  ADD CONSTRAINT `FK_demandas_ficheros_tipo_fichero_id` FOREIGN KEY (`tipo_fichero_id`) REFERENCES `tipos_ficheros` (`id`) ON UPDATE CASCADE;

--
-- Filtros para la tabla `demandas_poblaciones_zonas`
--
ALTER TABLE `demandas_poblaciones_zonas`
  ADD CONSTRAINT `FK_demandas_zonas_demanda_id` FOREIGN KEY (`demanda_id`) REFERENCES `demandas` (`id`) ON DELETE CASCADE,
  ADD CONSTRAINT `FK_demandas_zonas_zona_id` FOREIGN KEY (`zona_id`) REFERENCES `poblaciones_zonas` (`id`) ON DELETE CASCADE;

--
-- Filtros para la tabla `demandas_tipos_inmueble`
--
ALTER TABLE `demandas_tipos_inmueble`
  ADD CONSTRAINT `FK_demandas_tipos_inmueble_demanda_id` FOREIGN KEY (`demanda_id`) REFERENCES `demandas` (`id`) ON DELETE CASCADE,
  ADD CONSTRAINT `FK_demandas_tipos_inmueble_tipo_id` FOREIGN KEY (`tipo_id`) REFERENCES `tipos_inmueble` (`id`) ON DELETE CASCADE;

--
-- Filtros para la tabla `fichas_visita`
--
ALTER TABLE `fichas_visita`
  ADD CONSTRAINT `FK_fichas_visita_agente_id` FOREIGN KEY (`agente_id`) REFERENCES `users` (`id`) ON UPDATE CASCADE,
  ADD CONSTRAINT `FK_fichas_visita_demanda_id` FOREIGN KEY (`demanda_id`) REFERENCES `demandas` (`id`) ON DELETE CASCADE;

--
-- Filtros para la tabla `fichas_visita_inmuebles_demandas`
--
ALTER TABLE `fichas_visita_inmuebles_demandas`
  ADD CONSTRAINT `FK_inmuebles_fichas_visita_ficha_visita_id` FOREIGN KEY (`ficha_visita_id`) REFERENCES `fichas_visita` (`id`) ON DELETE CASCADE ON UPDATE CASCADE,
  ADD CONSTRAINT `FK_inmuebles_fichas_visita_inmueble_demanda_id` FOREIGN KEY (`inmueble_demanda_id`) REFERENCES `inmuebles_demandas` (`id`) ON DELETE CASCADE ON UPDATE CASCADE;

--
-- Filtros para la tabla `inmuebles`
--
ALTER TABLE `inmuebles`
  ADD CONSTRAINT `FK_inmuebles_captador_id` FOREIGN KEY (`captador_id`) REFERENCES `users` (`id`) ON DELETE SET NULL ON UPDATE CASCADE,
  ADD CONSTRAINT `FK_inmuebles_certificacion_energetica_id` FOREIGN KEY (`certificacion_energetica_id`) REFERENCES `tipos_certificacion_energetica` (`id`) ON UPDATE CASCADE,
  ADD CONSTRAINT `FK_inmuebles_estado_id` FOREIGN KEY (`estado_id`) REFERENCES `estados` (`id`) ON UPDATE CASCADE,
  ADD CONSTRAINT `FK_inmuebles_poblacion_id` FOREIGN KEY (`poblacion_id`) REFERENCES `poblaciones` (`id`) ON UPDATE CASCADE,
  ADD CONSTRAINT `FK_inmuebles_tipo_id` FOREIGN KEY (`tipo_id`) REFERENCES `tipos_inmueble` (`id`) ON UPDATE CASCADE,
  ADD CONSTRAINT `FK_inmuebles_zona_id` FOREIGN KEY (`zona_id`) REFERENCES `poblaciones_zonas` (`id`) ON UPDATE CASCADE;

--
-- Filtros para la tabla `inmuebles_carteles`
--
ALTER TABLE `inmuebles_carteles`
  ADD CONSTRAINT `FK_inmuebles_carteles_agente_id` FOREIGN KEY (`agente_id`) REFERENCES `users` (`id`) ON UPDATE CASCADE,
  ADD CONSTRAINT `FK_inmuebles_carteles_idioma_id` FOREIGN KEY (`idioma_id`) REFERENCES `idiomas` (`id_idioma`) ON UPDATE CASCADE,
  ADD CONSTRAINT `FK_inmuebles_carteles_inmueble_id` FOREIGN KEY (`inmueble_id`) REFERENCES `inmuebles` (`id`) ON DELETE CASCADE ON UPDATE CASCADE,
  ADD CONSTRAINT `FK_inmuebles_carteles_plantilla_id` FOREIGN KEY (`plantilla_id`) REFERENCES `plantillas_documentacion` (`id`) ON UPDATE CASCADE;

--
-- Filtros para la tabla `inmuebles_demandas`
--
ALTER TABLE `inmuebles_demandas`
  ADD CONSTRAINT `FK_inmuebles_demandas_demanda_id` FOREIGN KEY (`demanda_id`) REFERENCES `demandas` (`id`) ON DELETE CASCADE,
  ADD CONSTRAINT `FK_inmuebles_demandas_inmueble_id` FOREIGN KEY (`inmueble_id`) REFERENCES `inmuebles` (`id`) ON DELETE CASCADE;

--
-- Filtros para la tabla `inmuebles_enlaces`
--
ALTER TABLE `inmuebles_enlaces`
  ADD CONSTRAINT `FK_inmuebles_enlaces_inmueble_id` FOREIGN KEY (`inmueble_id`) REFERENCES `inmuebles` (`id`) ON DELETE CASCADE;

--
-- Filtros para la tabla `inmuebles_fichas`
--
ALTER TABLE `inmuebles_fichas`
  ADD CONSTRAINT `FK_inmuebles_fichas_agente_id` FOREIGN KEY (`agente_id`) REFERENCES `users` (`id`) ON UPDATE CASCADE,
  ADD CONSTRAINT `FK_inmuebles_fichas_idioma_id` FOREIGN KEY (`idioma_id`) REFERENCES `idiomas` (`id_idioma`) ON UPDATE CASCADE,
  ADD CONSTRAINT `FK_inmuebles_fichas_inmueble_id` FOREIGN KEY (`inmueble_id`) REFERENCES `inmuebles` (`id`) ON DELETE CASCADE ON UPDATE CASCADE,
  ADD CONSTRAINT `FK_inmuebles_fichas_plantilla_id` FOREIGN KEY (`plantilla_id`) REFERENCES `plantillas_documentacion` (`id`) ON UPDATE CASCADE;

--
-- Filtros para la tabla `inmuebles_ficheros`
--
ALTER TABLE `inmuebles_ficheros`
  ADD CONSTRAINT `FK_inmuebles_ficheros_inmueble_id` FOREIGN KEY (`inmueble_id`) REFERENCES `inmuebles` (`id`) ON DELETE CASCADE ON UPDATE CASCADE,
  ADD CONSTRAINT `FK_inmuebles_ficheros_tipo_fichero_id` FOREIGN KEY (`tipo_fichero_id`) REFERENCES `tipos_ficheros` (`id`) ON DELETE CASCADE ON UPDATE CASCADE;

--
-- Filtros para la tabla `inmuebles_idiomas`
--
ALTER TABLE `inmuebles_idiomas`
  ADD CONSTRAINT `FK_inmuebles_idiomas_idioma_id` FOREIGN KEY (`idioma_id`) REFERENCES `idiomas` (`id_idioma`) ON DELETE CASCADE ON UPDATE CASCADE,
  ADD CONSTRAINT `FK_inmuebles_idiomas_inmueble_id` FOREIGN KEY (`inmueble_id`) REFERENCES `inmuebles` (`id`) ON DELETE CASCADE ON UPDATE CASCADE;

--
-- Filtros para la tabla `inmuebles_imagenes`
--
ALTER TABLE `inmuebles_imagenes`
  ADD CONSTRAINT `FK_inmuebles_imagenes_inmueble_id` FOREIGN KEY (`inmueble_id`) REFERENCES `inmuebles` (`id`) ON DELETE CASCADE ON UPDATE CASCADE;

--
-- Filtros para la tabla `inmuebles_lugares_interes`
--
ALTER TABLE `inmuebles_lugares_interes`
  ADD CONSTRAINT `FK_inmuebles_lugares_interes_inmueble_id` FOREIGN KEY (`inmueble_id`) REFERENCES `inmuebles` (`id`) ON DELETE CASCADE,
  ADD CONSTRAINT `FK_inmuebles_lugares_interes_interes_id` FOREIGN KEY (`lugar_interes_id`) REFERENCES `lugares_interes` (`id`);

--
-- Filtros para la tabla `inmuebles_opciones_extras`
--
ALTER TABLE `inmuebles_opciones_extras`
  ADD CONSTRAINT `FK_inmuebles_opciones_extras_inmueble_id` FOREIGN KEY (`inmueble_id`) REFERENCES `inmuebles` (`id`) ON DELETE CASCADE,
  ADD CONSTRAINT `FK_inmuebles_opciones_extras_opcion_extra_id` FOREIGN KEY (`opcion_extra_id`) REFERENCES `opciones_extras` (`id`);

--
-- Filtros para la tabla `lugares_interes_idiomas`
--
ALTER TABLE `lugares_interes_idiomas`
  ADD CONSTRAINT `FK_lugares_interes_idiomas_idioma_id` FOREIGN KEY (`idioma_id`) REFERENCES `idiomas` (`id_idioma`) ON DELETE CASCADE ON UPDATE CASCADE,
  ADD CONSTRAINT `FK_lugares_interes_idiomas_lugar_interes_id` FOREIGN KEY (`lugar_interes_id`) REFERENCES `lugares_interes` (`id`) ON DELETE CASCADE ON UPDATE CASCADE;

--
-- Filtros para la tabla `marcas_documentacion`
--
ALTER TABLE `marcas_documentacion`
  ADD CONSTRAINT `FK_marcas_documentacion_categoria_inf_id` FOREIGN KEY (`categoria_inf_id`) REFERENCES `categorias_informacion_documentacion` (`id`);

--
-- Filtros para la tabla `opciones_extras_idiomas`
--
ALTER TABLE `opciones_extras_idiomas`
  ADD CONSTRAINT `FK_opciones_extras_idiomas_idioma_id` FOREIGN KEY (`idioma_id`) REFERENCES `idiomas` (`id_idioma`) ON DELETE CASCADE ON UPDATE CASCADE,
  ADD CONSTRAINT `FK_opciones_extras_idiomas_opcion_extra_id` FOREIGN KEY (`opcion_extra_id`) REFERENCES `opciones_extras` (`id`) ON DELETE CASCADE ON UPDATE CASCADE;

--
-- Filtros para la tabla `plantillas_documentacion`
--
ALTER TABLE `plantillas_documentacion`
  ADD CONSTRAINT `FK_plantillas_documentacion_tipo_plantilla_id` FOREIGN KEY (`tipo_plantilla_id`) REFERENCES `tipos_plantilla_documentacion` (`id`);

--
-- Filtros para la tabla `poblaciones`
--
ALTER TABLE `poblaciones`
  ADD CONSTRAINT `FK_poblaciones_provincia_id` FOREIGN KEY (`provincia_id`) REFERENCES `provincias` (`id`) ON DELETE CASCADE ON UPDATE CASCADE;

--
-- Filtros para la tabla `poblaciones_zonas`
--
ALTER TABLE `poblaciones_zonas`
  ADD CONSTRAINT `FK_poblaciones_zonas_poblacion_id` FOREIGN KEY (`poblacion_id`) REFERENCES `poblaciones` (`id`) ON DELETE CASCADE ON UPDATE CASCADE;

--
-- Filtros para la tabla `provincias`
--
ALTER TABLE `provincias`
  ADD CONSTRAINT `FK_provincias_comunidad_autonoma_id` FOREIGN KEY (`comunidad_autonoma_id`) REFERENCES `comunidades_autonomas` (`id`) ON DELETE CASCADE ON UPDATE CASCADE;

--
-- Filtros para la tabla `tipos_inmueble_idiomas`
--
ALTER TABLE `tipos_inmueble_idiomas`
  ADD CONSTRAINT `FK_tipos_inmueble_idiomas_idioma_id` FOREIGN KEY (`idioma_id`) REFERENCES `idiomas` (`id_idioma`) ON DELETE CASCADE ON UPDATE CASCADE,
  ADD CONSTRAINT `FK_tipos_inmueble_idiomas_tipo_inmueble_id` FOREIGN KEY (`tipo_inmueble_id`) REFERENCES `tipos_inmueble` (`id`) ON DELETE CASCADE ON UPDATE CASCADE;

--
-- Filtros para la tabla `tipos_plantilla_documentacion_categorias_asignadas`
--
ALTER TABLE `tipos_plantilla_documentacion_categorias_asignadas`
  ADD CONSTRAINT `FK_tip_pla_doc_cats_asig_categoria_inf_id` FOREIGN KEY (`categoria_inf_id`) REFERENCES `categorias_informacion_documentacion` (`id`) ON DELETE CASCADE ON UPDATE CASCADE,
  ADD CONSTRAINT `FK_tip_pla_doc_cats_asig_tipo_plantilla_id` FOREIGN KEY (`tipo_plantilla_id`) REFERENCES `tipos_plantilla_documentacion` (`id`) ON DELETE CASCADE ON UPDATE CASCADE;

--
-- Filtros para la tabla `users_groups`
--
ALTER TABLE `users_groups`
  ADD CONSTRAINT `fk_users_groups_groups` FOREIGN KEY (`group_id`) REFERENCES `groups` (`id`) ON DELETE CASCADE ON UPDATE NO ACTION,
  ADD CONSTRAINT `fk_users_groups_users` FOREIGN KEY (`user_id`) REFERENCES `users` (`id`) ON DELETE CASCADE ON UPDATE NO ACTION;
SET FOREIGN_KEY_CHECKS=1;
COMMIT;

/*!40101 SET CHARACTER_SET_CLIENT=@OLD_CHARACTER_SET_CLIENT */;
/*!40101 SET CHARACTER_SET_RESULTS=@OLD_CHARACTER_SET_RESULTS */;
/*!40101 SET COLLATION_CONNECTION=@OLD_COLLATION_CONNECTION */;
